,카페이름
0,효목2동 비아토르
1,성내3동 더리터 대구서문시장점
2,효목2동 폴바셋 대구신세계백화점2호점
3,신암3동 마시그레이 동대구역점
4,신암5동 카페모퉁이
5,남산1동 피카소
6,신암3동 백양전통차
7,신천2동 시월보름
8,남산2동 캠프바이 커피명가
9,신암3동 베이크화목
10,신암1동 크크.라니커피
11,효목2동 연화
12,지저동 정다운커피숍
13,남산3동 꾸덕꾸
14,성내3동 마카모디
15,신암3동 스타벅스 신세계대구8F R점
16,동인동 카페퀸즈
17,성내2동 카페필름통
18,안심3동 스타벅스 대구각산역DT점
19,신암1동 헤이크로롱
20,효목2동 츄릅츄릅
21,불로동 카페불로
22,봉무동 디다카페
23,안심2동 밀크올로지
24,안심3동 카페디아몽
25,대봉2동 아틀리에빈 대봉점
26,신천2동 이제곱
27,공산동 파이데이아북카페
28,안심2동 슬로우벗베럴
29,안심1동 팔공티 대구율하점
30,공산동 에움길
31,동인동 에그오
32,불로동 주식회사 우주푸드
33,안심2동 꽃봄
34,불로동 왓쿡왓커피 대구이시아점
35,신암2동 카페산책
36,효목1동 커피타임
37,신천3동 빌리버스
38,남산4동 알레이커피
39,대신동 커피셀러
40,신암2동 커피공식
41,안심2동 커피한잔
42,동촌동 카페인차
43,남산2동 라미아에밀리
44,성내1동 커피매거진
45,남산1동 카페소풍
46,남산3동 빽다방 대구청라힐스자이점
47,신암1동 트리 굿커피 공고네거리점
48,신암3동 테이크인
49,대봉2동 요거트렌디
50,지저동 야노쉬
51,대봉2동 우미우미
52,안심1동 라이노커피
53,해안동 라이브와이어커피하우스
54,지저동 파센드
55,신천4동 M2라이브카페
56,신천3동 대한커피숍
57,대신동 이병규의 커피클럽
58,동촌동 인스퍼레이션디 동촌유원지점
59,신천3동 마시그레이 동대구역점
60,효목2동 가로등커피
61,남산2동 조앤더주스 더현대대구점
62,봉무동 호호슬라임 봉무점
63,신암1동 파스쿠찌 대구신암점
64,공산동 헤이마포인트
65,남산1동 청커피숍
66,신천2동 해피살롱
67,대봉2동 스토크
68,신천4동 은승다방
69,불로동 벨빌베이크하우스
70,불로동 스타벅스 대구봉무점
71,안심3동 더리터 대구안심점
72,신암5동 커피콩
73,남산3동 그저모이기
74,공산동 카페산에
75,대봉1동 팔공티 경대병원역점
76,신천4동 리카페이
77,효목2동 대우커피숍
78,성내2동 블릭커피
79,봉무동 지중해의뜰
80,불로동 해리스
81,안심2동 이디야커피 대구율하세영점
82,봉무동 미진
83,대신동 큐브스테이크
84,대신동 조금남다른커피
85,남산2동 공차 대구동아쇼핑점
86,신천3동 티룸오후4시
87,성내1동 타르타르 대구동성로점
88,성내2동 스타벅스 대구반월삼성
89,신암4동 애리스커피스탠드
90,신암2동 일상다반사
91,신천4동 약사커피숍
92,공산동 카페레드하임
93,신천2동 카페 아리움
94,삼덕동 카페틸
95,동인동 더진스커피
96,불로동 땅땅식물랜드
97,봉무동 스펠 이시아
98,지저동 마실커피 동구청점
99,신천1동 카페플래닛
100,남산4동 카페오오디
101,신암4동 투썸플레이스 동대구환승터미널점
102,신암3동 아눅
103,해안동 파랑새다방
104,효목2동 블루샥효목
105,남산4동 줄라이모닝
106,대봉2동 리비
107,해안동 둔산카페
108,대봉1동 원애견카페
109,신암2동 카페이브나
110,도평동 갤러리디엠
111,남산3동 가듀
112,안심3동 킨다스윗
113,신암5동 러닝카페
114,남산1동 그저모이기
115,남산1동 노스밴
116,신암1동 헤이주
117,신천1동 카페루앤비 대구신천역점
118,신암2동 카페봄봄 대구 신암점
119,신암4동 더브릿지커피
120,삼덕동 티라레미수 대구삼덕점
121,삼덕동 미스터힐링 대구동성로점
122,남산3동 세븐카페
123,성내3동 요거프레소 서성네거리점
124,남산4동 공드리다
125,성내3동 코그커피
126,신천2동 프레임웍스커피
127,삼덕동 웰크레페 동성로점
128,성내2동 Romance papa
129,안심3동 치타커피 안심점
130,성내2동 스테드
131,효목1동 가로등커피
132,방촌동 초심
133,성내1동 스타벅스 대구시티센터
134,신암4동 파스쿠찌 대구신암점
135,남산1동 둥블랑
136,지저동 스테이블모먼트 반석점
137,지저동 카페누리2.28도 서관점대구동구시니어클럽
138,성내1동 룸즈에이 대구동성로점
139,남산2동 씨티씨커피로스터스
140,남산3동 아틀리에빈 남산역점
141,신암1동 해비치커피
142,성내2동 딥커피로스터스 향촌
143,성내3동 카페샌프란시스코
144,신천4동 컴포즈커피 대구신천점
145,신암2동 캔버스커피 대현점
146,신암4동 투썸플레이스 동대구점
147,성내1동 이얼즈
148,도평동 스타벅스 대구팔공로DT
149,대봉1동 카페스테이
150,지저동 오베이스 카페
151,남산4동 말그미옥상
152,안심2동 요거더봄
153,신암1동 아아커피
154,성내3동 이디야커피 대구만경관점
155,신암5동 살롱드루루
156,안심3동 졸리할리데이
157,신천4동 비숑
158,신천1동 모모상점
159,효목2동 까사메트로
160,신천3동 라운지온
161,효목2동 영카페
162,남산3동 소소남산
163,대봉1동 프롬오지
164,해안동 카페퀸
165,해안동 카페그레이스
166,안심1동 더리터 대구율하롯데점
167,신천1동 검은구상
168,효목1동 궁전커피숍
169,효목1동 스타빈
170,신암2동 득조다방
171,신천2동 뉴브리지
172,불로동 고바슨
173,봉무동 카페레임본
174,대봉1동 청춘그시절
175,성내3동 카페 1.14km
176,성내3동 아베끄
177,안심1동 컴포즈커피 대구율하점
178,방촌동 보케르커피 강촌점
179,봉무동 호미빙
180,대봉2동 벽돌집
181,성내3동 카페향촌
182,신암4동 위드로우
183,성내2동 카페향촌
184,해안동 갸또빌라쥬
185,신천4동 공차 동대구복합환승센터점
186,효목1동 우래커피숍
187,지저동 박정희라이브까페
188,신천3동 더리터 신암점
189,지저동 헵번(HEPBURN)1953
190,남산3동 남산제빵소
191,대봉2동 엘림의집
192,성내1동 투썸플레이스 대구동성로광장점
193,남산2동 빽다방 대구반월당현대점
194,신암5동 더리터 대구아양점
195,공산동 아미타
196,신암3동 카페블랑쉐
197,신암3동 모임다방
198,지저동 브루앤미
199,대신동 분홍커피
200,신암3동 인문공학 동대구
201,신천2동 아리에떼
202,불로동 투썸플레이스 대구이시아점
203,대신동 앗다방
204,신암3동 야미스토아
205,대신동 리틀빈
206,지저동 마시그래이 복현푸르지오점
207,봉무동 몬스터슬라임
208,신암5동 오세요 카페테리아
209,효목1동 카페봄봄 효목점
210,남산1동 부루잉
211,공산동 투썸플레이스 대구팔공산점
212,대봉1동 크롭투컵
213,신암1동 달토끼
214,신천2동 카페루앤비 대구신천역점
215,공산동 올라오니
216,신천2동 모브
217,신천3동 카페봄봄 동대구역점
218,효목1동 미애부 동촌유원지점
219,지저동 카페모퉁이
220,해안동 초심
221,신암4동 매스커피 동구청점
222,성내3동 정안다방
223,남산1동 다온누리차향
224,지저동 렌토
225,신암1동 제리집
226,안심2동 베리플라워
227,대봉2동 카페큐
228,안심2동 올이즈웰카페
229,남산2동 커피인구
230,안심2동 와우쥬
231,불로동 콩테커피
232,신암4동 봄날
233,방촌동 꿈을담다
234,성내1동 스타벅스 대구228중앙공원
235,신천2동 카페414
236,안심3동 카페나인먼스
237,방촌동 광복다방
238,불로동 다온 검단점
239,남산1동 아메리칸컨테이너 본점
240,효목2동 비타민카페 효목점
241,동인동 하샐요
242,남산1동 dna
243,봉무동 블랑카페
244,방촌동 오잉크
245,신암1동 텐퍼센트커피 대구신암점
246,효목2동 윤영
247,신천3동 안티고
248,해안동 빽다방 대구방촌상명점
249,안심2동 위드콩쓰
250,신암1동 모임다방
251,남산2동 GNI커피
252,성내2동 공차 대구동아쇼핑점
253,효목2동 가인다방
254,동인동 크로플덕오리아가씨 대구중구점
255,남산2동 이이알티키친
256,대신동 토프레소 대구서문시장점
257,성내1동 모노클
258,안심1동 무인다방 대구율하점
259,신암2동 만복당
260,성내1동 딥고잉
261,대봉1동 카페봄봄 김광석골목점
262,효목1동 가인다방
263,불로동 커피콩콩
264,남산2동 낮에해와밤에달카페
265,신암3동 헬로스위트
266,신암2동 청솔로9 대현점
267,신암4동 스타벅스 신세계대구8F R점
268,신천1동 브리플리
269,방촌동 키아베
270,안심3동 탑리터
271,신암2동 캔버스
272,지저동 카페봄봄 대구 동구청점
273,대봉2동 대구커피숍
274,성내3동 36언택트카페
275,봉무동 왓쿡왓커피 대구이시아점
276,동촌동 로키커피
277,남산3동 와우커피
278,신암4동 세라젬웰카페 대구신암직영점
279,대봉2동 에버유어스
280,도평동 벨빌베이크하우스
281,효목2동 더리터 대구아양점
282,효목2동 어글리
283,신암4동 백금당 2호점
284,신천4동 에그카페24 동대구역점
285,남산2동 겸카롱
286,효목1동 히네마
287,지저동 더드림커피 아양교역점
288,신암2동 메가MGC커피 대구대현점
289,지저동 더벤티 대구동구청점
290,신천3동 정담디
291,지저동 에이샵라이브카페
292,동촌동 드롭탑 홈플러스대구동촌점
293,안심1동 멜로소
294,성내3동 조은다방
295,남산1동 교대커피
296,신천4동 할리스 동대구환승센터점
297,도평동 설빙 이시아폴리스점
298,신암1동 극장문
299,동촌동 또르또르
300,신암5동 앤이랑커피
301,안심2동 유연제과
302,신암3동 내가꿈꾸는다락방
303,성내3동 정미다실
304,안심1동 보르딘 대구율하점
305,안심1동 더리터 대구신기점
306,봉무동 그대때문에늘봄날
307,성내3동 라디오데이즈
308,대봉1동 인투더와일드
309,신암4동 루멘
310,성내1동 랑데자뷰 대구동성로점
311,대신동 그린커피숖
312,효목1동 브라운베어
313,성내3동 토브사랑이야기
314,신암4동 덮
315,대봉2동 호안느
316,신천3동 언앨리
317,불로동 곰스크
318,성내2동 물댄동산
319,방촌동 커피앤드
320,신천1동 카패플래닛
321,성내1동 디캣
322,신천3동 다닐살롱
323,공산동 카페봄봄 지묘점
324,안심2동 커피왕 반야월점
325,효목2동 브라운헤어
326,남산2동 노벨커피
327,남산2동 스파이시커피
328,신암2동 게코타워
329,신천3동 두낫디스터브 동대구점
330,삼덕동 카페큐알
331,불로동 더리터 이시아폴리스점
332,대신동 핸즈커피 서문2지구점
333,대봉2동 오가닉모가
334,신암2동 하삼동커피 신천점
335,삼덕동 젠틀러에스프레소바
336,신암5동 민트봉봉
337,대신동 카페인중독 대구남산점
338,신암1동 더쪽
339,대봉1동 원파인트리
340,효목2동 스위트수기
341,남산3동 말그미옥상
342,안심3동 투썸플레이스 대구반야월역점
343,봉무동 읍천리382 대구이시아폴리스점
344,봉무동 딥딥딥
345,동인동 퓨어리즘
346,삼덕동 이디야커피 대구경북대병원점
347,남산1동 카페다온
348,대신동 건영다방
349,신암3동 동광다방
350,신암4동 언제나함께
351,방촌동 커피왕 방촌점
352,성내2동 빽다방 대구반월당현대점
353,신천2동 빵실과자점
354,효목1동 카페단아
355,대봉1동 덤럭
356,효목2동 테로부
357,성내2동 에스파스
358,안심3동 아틀리에빈 신서점
359,성내3동 블랙비버커피
360,지저동 정이담
361,동촌동 설빙 대구동촌유원지점
362,신천3동 마시그래이 신천점
363,동촌동 커피이야기 효목점
364,불로동 드롭탑 대구메가맥스타워점
365,동인동 피삼사(pisamsa)
366,신천3동 동일갤러리카페
367,안심3동 커피스미스 각산이마트점
368,대봉2동 읍천리382 대구중구점
369,봉무동 쉴만한물가
370,성내1동 애리스커피스탠드 교동점
371,신암4동 정이담
372,대봉2동 크롭투컵
373,도평동 땅땅식물랜드
374,성내2동 스타벅스 반월당점
375,해안동 라온데일리
376,해안동 밀크브라운스탠드
377,삼덕동 핸즈커피 대구다운타운점
378,도평동 빌라드샬롯카페 대구공항점
379,신천1동 디르페
380,신암1동 이디야커피 동대구우방유쉘점
381,신암3동 테이크인 커피
382,지저동 커피타임
383,신암3동 카페1990
384,성내1동 파스쿠찌 대구동성로광장점
385,지저동 하루카페
386,지저동 미스터아메리카노
387,해안동 은휼강
388,안심2동 정운다방
389,불로동 카페콩콩
390,신암2동 윈디커피
391,성내2동 드리퍼베이커
392,신암3동 래리커피
393,공산동 갓오브커피
394,안심2동 더리터 대구율하롯데점
395,남산3동 멜로우커피
396,신천4동 찐다방
397,남산3동 쿠덕쿠덕
398,성내2동 블루샥 동성로점
399,신암3동 더스키브라운
400,불로동 더벤티 대구이시아폴리스점
401,대봉2동 로스팅팟츠
402,도평동 선인장다방
403,동촌동 마실커피 아양기찻길점
404,성내3동 아파트먼트 대구중앙점
405,신천4동 류커피로스터스 신세계백화점 대구점
406,불로동 청솔로9 이시아폴리스점
407,효목2동 카페콤마
408,효목1동 더벤티 대구동구청점
409,도평동 더리터 이시아폴리스점
410,효목1동 라이브카페비틀즈
411,신천4동 리틀이탈리아 신세계점
412,불로동 레드애플 롯데아울렛이시아폴리스점
413,효목1동 더드림커피 아양교역점
414,남산2동 매스커피 반월당점
415,해안동 텐퍼센트커피 대구방촌역점
416,신천3동 스타벅스 신세계대구8F R점
417,도평동 퀸즈커피
418,신천1동 블럭패밀리
419,동촌동 소소한찻집
420,동인동 해브아워
421,안심1동 칼디
422,대봉1동 고이그
423,신천1동 홈카페24
424,성내3동 맨션5
425,성내2동 더플레이스카툰24
426,지저동 까르팡
427,신천3동 캐너커피스탠드 본점
428,해안동 마시그래이 강촌점
429,공산동 투썸플레이스 대구팔공순환로점
430,지저동 샘터루
431,신천4동 이디피샵
432,안심3동 헤브론
433,신암5동 88호랑이옛날통닭
434,지저동 짱커피
435,도평동 이시아카페
436,해안동 옛커피
437,방촌동 꽃길다방
438,봉무동 장커피
439,봉무동 청솔로9 이시아폴리스점
440,남산3동 정다방
441,성내2동 꽃자리다방
442,성내1동 마이커피컬로맨스
443,남산1동 커피다라
444,도평동 카페불로
445,성내2동 서스카페
446,신암5동 앤커피
447,지저동 88호랑이옛날통닭
448,공산동 다우산방
449,남산1동 메이커피
450,남산1동 클로저카페
451,남산2동 인더가든
452,신천1동 포라운지
453,해안동 메이드인
454,신천2동 로우동인
455,성내3동 나스커피로스터스
456,지저동 마사커피 대구공항점
457,안심3동 공차 대구각산역점
458,신천3동 동그리당
459,성내1동 동성로미술관
460,신암4동 차밍쌀디저트
461,신천2동 에그오
462,방촌동 솔트
463,삼덕동 화이트캐슬
464,대봉1동 공차 대구백화점플라자점
465,남산1동 카페머그
466,신천4동 엔제리너스 동대구터미널점
467,동촌동 더아양
468,효목2동 카페단아
469,신천2동 카페플래닛
470,대봉2동 마농 대봉점
471,성내1동 할리스 대구동성로점
472,신암5동 스타빈
473,남산2동 타르타르 대구동성로점
474,안심2동 드롭탑 롯데마트대구율하점
475,동인동 테넷
476,대봉1동 몬다코
477,동촌동 드롭탑 동촌유원지점
478,신천4동 만랩커피 대구신천점
479,불로동 쁘띠몽쉘
480,신암1동 만난상점
481,안심2동 종종
482,신암2동 카페봄봄 대현점
483,성내1동 도리안그레이
484,남산2동 모던다방
485,신천3동 청솔로9 신천센트럴자이점
486,대봉2동 미드웨이
487,신암3동 정담디
488,신천4동 도우맨도넛
489,대봉2동 헤이듀
490,신천4동 카페유어프레즌트 동대구점
491,신암4동 더벤티 대구동구청점
492,동인동 동인정취
493,신암1동 일상다반사
494,신천2동 사운즈프리미어
495,신암2동 헤이크로롱
496,신천4동 마시그래이 동대구역점
497,신천2동 올웨이즈베케이션클럽
498,동촌동 은정다방
499,대신동 커피부라노
500,삼덕동 다이벌스 삼덕점
501,대봉1동 파티세리 백산
502,삼덕동 주다방
503,신암1동 목로카페
504,신암3동 명화마을
505,공산동 도이창커피 대구점
506,효목1동 어글리
507,삼덕동 피컵요거트
508,신암3동 투썸플레이스 동대구환승터미널점
509,지저동 차밍쌀디저트
510,대봉1동 카페루엔
511,공산동 홍익차
512,신천1동 커피앤베이글
513,안심2동 꼬끄롱
514,봉무동 라라라티&커피
515,신암4동 대화다방
516,신천4동 엘리스커피
517,성내1동 북성로사람들
518,대봉2동 피플스커피
519,신암4동 더벤티 동대구역점
520,불로동 몬스터커피 이시아폴리스점
521,성내3동 탐앤탐스 롯데시네마프리미엄만경관점
522,신암3동 할리스 동대구환승센터점
523,효목2동 카페나눔
524,남산1동 카페인우드
525,신암1동 옥토끼
526,성내3동 황해다방
527,남산4동 나쁜 커피&북스
528,방촌동 마실커피 방촌시장점
529,남산1동 테라스57
530,신암1동 위치스43
531,해안동 키아베
532,성내3동 카타르시스
533,대봉2동 리노운
534,신암2동 이디야커피 동대구우방유쉘점
535,남산2동 더벤티 대구동아쇼핑점
536,신암5동 그레이스카페
537,효목2동 인문공학 동대구
538,신암2동 카푸루스비타
539,남산1동 세븐카페
540,성내2동 폴바셋 더현대 대구점
541,남산1동 탈린커피바
542,신천2동 홈카페24
543,도평동 카페봄봄 이시아폴리스점
544,공산동 라데팡스
545,안심1동 카페더라
546,남산4동 행복커피
547,도평동 작은행복
548,삼덕동 더벤티 경대병원점
549,성내3동 리엔뷰
550,신암5동 안녕하세요
551,공산동 비발트커피
552,동인동 카페로건
553,해안동 과일곳간
554,공산동 나무906
555,신암1동 왕궁커피숍
556,신암5동 카페봄봄 지저점
557,봉무동 땅땅식물랜드
558,신암1동 게코타워
559,성내2동 퍼센트14-3
560,안심1동 까페를도둑맞다 반야월점
561,대봉2동 학다방
562,성내2동 라디오데이즈
563,안심2동 파랑새다방
564,봉무동 커피원
565,안심1동 카페찐
566,남산3동 루프탑앤
567,효목1동 커피이야기 효목점
568,신암3동 옥토끼
569,신암4동 브루앤미
570,지저동 베로나커피
571,공산동 굿테이스트커피by커피맛을조금아는남자 팔공산점
572,대신동 굿데이마마
573,남산2동 이사빛
574,남산2동 메가MGC커피 대구메트로센타점
575,남산4동 서울메이트
576,삼덕동 너즈커피&바
577,동인동 마이앤써이즈쿠키
578,지저동 어글리
579,신천3동 오슬로
580,안심1동 밀크올로지
581,신천1동 EAT ART
582,신천3동 끼니카페
583,동인동 여름다방
584,남산3동 카페 카리타스 교구청점
585,대봉2동 로스팅 파츠
586,신천3동 소공녀
587,봉무동 작은행복
588,신천2동 안티고
589,남산3동 수테이블
590,대봉2동 문학서비스센터
591,남산1동 이디야커피 대구메트로센터점
592,해안동 만남
593,삼덕동 대구사주타로쪽집게천사
594,신암4동 카페스토리웨이 동대구역사점
595,남산3동 메가샵 크로플 남산점
596,신천3동 카페첼 본점
597,남산2동 경다방
598,남산1동 아나바커피
599,신암1동 커인시던스
600,안심1동 카페손수
601,남산4동 까치다방
602,신암5동 은정다방
603,대신동 별다방
604,안심3동 얌디저트
605,신암1동 투데이로스팅커피 신암점
606,삼덕동 모캄보 대구삼덕점
607,대봉2동 오브너
608,남산3동 퐁당
609,신암1동 HEJHEJ
610,안심3동 몬스터커피
611,신천3동 스타벅스 동대구터미널점
612,대봉1동 모노
613,동인동 852갤러리카페
614,대신동 서문
615,신천3동 카페아지트365
616,성내1동 접속
617,신암5동 더드림커피 아양교역점
618,방촌동 폴바셋 대구방촌DT점
619,신천2동 무드
620,동촌동 이디야커피 대구동촌유원지점
621,효목2동 투썸플레이스 대구동촌유원지점
622,효목1동 12파운드 효목점
623,성내1동 소일
624,성내2동 온정커피
625,방촌동 감성커피 대구방촌점
626,남산2동 테라스57
627,신암1동 타임투 포커스 TIME TO FOCUS
628,남산2동 망티커피 대구반월당점
629,남산4동 카페어노드
630,신암1동 아진커피숍
631,삼덕동 핸즈커피 경대병원점
632,안심3동 리터킹 각산점
633,신암5동 마시그래이 공항점
634,신천3동 모모
635,신천3동 무인다방 신천더샵센터시티점
636,방촌동 파스쿠찌 동촌유원지점
637,안심2동 공차 롯데마트대구율하점
638,도평동 노티스818카페
639,대봉2동 큐바이쿼트
640,방촌동 봄봄 둔산갤러리아점
641,신천3동 마녀가굽는크로플
642,신암5동 마고플레인 아양교점
643,신천2동 테넷
644,지저동 그레이스카페
645,동인동 이디야커피 대구MS재건병원점
646,남산4동 카페너와나여행
647,안심2동 카페설렘 율하점
648,안심1동 1리터커피다스 율하점
649,남산4동 스위치남산
650,대봉1동 커피명가 프라자점
651,안심1동 요거트아이스크림의정석 율하점
652,효목2동 떼아뜨르현
653,안심3동 정오커피숍
654,해안동 카페월화
655,도평동 공대생카페 불로봉무점
656,신천1동 하얀기억
657,성내2동 백금당 종로점
658,남산4동 더캄
659,신천1동 영과점
660,성내2동 쎄라비
661,성내3동 가든커피숍
662,안심2동 카페그레이스
663,성내3동 더 댄스
664,효목1동 정다운컴퍼니
665,안심1동 카페봄봄 율하점
666,신암1동 낙트리
667,대신동 스타지오네
668,안심1동 카페올리브
669,남산2동 두남
670,봉무동 커피폴리오
671,신천3동 스타벅스 신세계대구3F(티바나)점
672,성내3동 구디쉬
673,신천1동 보네티
674,신암2동 만난상점
675,신천3동 엔제리너스 동대구터미널점
676,남산1동 전람회
677,성내2동 이디야커피 대구만경관점
678,대신동 카페유
679,신천4동 어디
680,안심2동 커피하우스
681,봉무동 갤러리디엠
682,안심1동 코끼리다방
683,공산동 로스팅랩
684,동촌동 파라볼레 동촌유원지점
685,대봉1동 샌드록커피
686,지저동 은정다방
687,공산동 블랙쉽커피(Black sheep coffee)
688,신암2동 투썸플레이스 대구신암점
689,공산동 하삼동커피 연경점
690,신천2동 다올
691,남산4동 파스쿠찌 대구남산역점
692,도평동 샘다방
693,안심1동 삼더크 율하점
694,신암2동 헤이주
695,남산1동 메가MGC커피 대구메트로센타점
696,남산4동 정다방
697,신천4동 카페아띠
698,안심1동 공차 롯데마트대구율하점
699,신천4동 윈디스스토어(Windy+s store)
700,동인동 노웍스커피
701,효목1동 카페일리터 효목점
702,남산2동 탠지커피하우스
703,남산3동 카페발리하이
704,대봉2동 용주카페
705,신암2동 머머커피
706,대봉1동 므므커피
707,삼덕동 매스커피 경대병원역점
708,신암5동 BE FRESH (비프레시)
709,신천1동 무드
710,효목2동 다온디저트공방
711,신천3동 엘리트커피숍
712,대신동 사랑채 청라점
713,신암5동 코스모스커피
714,신천2동 커피본
715,안심2동 카페본나 롯데아울렛 대구율하점
716,남산4동 점프 중구남산점
717,방촌동 필림
718,신암2동 다옴커피
719,성내2동 커피팀버 서문점
720,효목1동 마고플레인 아양교점
721,삼덕동 하얀기억
722,남산3동 문포엠
723,봉무동 고바슨
724,남산3동 명진푸드
725,신암3동 투데이로스팅커피 신암점
726,도평동 이디야커피 대구이시아폴리스점
727,삼덕동 카페달달 동성로본점
728,남산3동 설빙 대구대명점
729,봉무동 카페이층공작소
730,남산1동 남산동커피
731,방촌동 래커
732,남산4동 아뜰리에빈 남산역점
733,남산1동 더리터 명덕역점
734,신천4동 시나본 신세계백화점 대구점
735,동촌동 스테이550 동촌유원지점
736,공산동 뷰
737,남산1동 화개제다청류다원
738,도평동 뉴카페
739,불로동 공대생카페 불로봉무점
740,신천3동 마노아카페협동조합
741,신암5동 샘터루
742,도평동 콩돈
743,삼덕동 카페헤이화
744,남산1동 노커커피 (휴업중)
745,대신동 서문커피
746,동촌동 더드림커피 아양교역점
747,도평동 공차 대구국제공항점
748,동촌동 하루카페
749,봉무동 카펠리체 이시아폴리스점
750,도평동 슬로우
751,남산4동 넬스커피
752,신암5동 해금다방
753,도평동 도로시
754,효목1동 바파바로
755,동인동 무오커피
756,삼덕동 삼더크
757,효목1동 더리터 대구아양점
758,동인동 카르멜인더시티
759,안심3동 카페 누
760,동촌동 헵번(HEPBURN)1953
761,성내3동 동경커피숍
762,삼덕동 머그컵
763,해안동 카페레브 퀸벨호텔점
764,신암2동 빽다방 경북대정문점
765,안심2동 카페충분
766,대봉1동 카페청라
767,남산1동 퐁당
768,안심1동 더벤티 롯데마트대구율하점
769,신천2동 보리가실 대구동신점
770,도평동 둥지찻집
771,효목2동 할미다방
772,해안동 꽃길다방
773,동인동 백련차와식사
774,신암1동 커피셀러 경대정문점
775,남산3동 블링빈스
776,방촌동 언제나 내곁에
777,신암1동 인어커피
778,봉무동 몬스터커피 이시아폴리스점
779,삼덕동 커피맛을조금아는남자
780,성내3동 루시드암스
781,대봉2동 노팅힐
782,대신동 원두
783,대봉1동 요거트렌디
784,봉무동 에쏘라인 이시아폴리스점
785,봉무동 공차 이시아폴리스점
786,신암4동 러닝카페
787,도평동 빽다방 대구봉무공원점
788,공산동 더벤티 대구연경점
789,남산2동 커피명가 반월당점
790,효목2동 인스퍼레이션디 동촌유원지점
791,봉무동 얌디
792,공산동 커피팩토리
793,효목1동 동촌커피
794,해안동 쿠프만 방촌점
795,지저동 안녕하세요베이커리&카페
796,안심1동 유연제과
797,대봉2동 제이갤러리카페
798,성내1동 이디야커피 대구동성로점
799,신천4동 더벤티 동대구역점
800,대신동 요요커피
801,안심1동 텐퍼센트커피 대구율하점
802,안심1동 모고우
803,남산1동 카페마시로
804,신암3동 예그리나
805,신천3동 가베오카페
806,신암5동 어글리
807,동촌동 카페데이원
808,불로동 샘다방
809,신암5동 빽다방 대구복현네거리점
810,안심1동 카페봄봄 신기점
811,남산3동 카페너와나여행
812,신암5동 핸즈커피 복현점
813,동인동 스튜디오지
814,공산동 딥오리진
815,남산1동 레프트뱅크
816,성내2동 투썸플레이스 대구종로점
817,방촌동 카페오렌지
818,안심1동 크로플덕오리아가씨 대구율하점
819,동촌동 마고플레인 아양교점
820,해안동 아웃스탠딩커피 혜진점
821,봉무동 뉴카페
822,대봉1동 슬라임앤만들기
823,공산동 홍차가게안단테
824,성내3동 온니컵로스터리
825,삼덕동 로망띠끄
826,신천1동 여름다방
827,남산3동 이디야커피 대구남산점
828,안심3동 옥이랑
829,봉무동 나이스커피
830,공산동 베르겐 에스프레소바
831,불로동 필원이앤비
832,봉무동 카페단산길19
833,성내2동 카페카리부
834,효목2동 카페모이바
835,대봉2동 선데이베이글마켓
836,신천4동 레프트뱅크
837,봉무동 드롭탑 대구메가맥스타워점
838,신암5동 커피얌
839,신천3동 워크
840,신천4동 가비오24시무인카페
841,대봉2동 대봉동 문
842,공산동 비팩토리
843,안심3동 바리스타비 신서점
844,신천3동 카페플라모
845,효목1동 동백다방
846,남산3동 플라잉빵차
847,동촌동 에스프레소바 파라볼레 카페 대구동촌유원지점
848,신천3동 모닉23
849,봉무동 팔공티 이시아폴리스점
850,신천2동 뷔프루타 본점
851,남산3동 헤이트먼데이
852,봉무동 4도
853,대신동 연화다방
854,도평동 왓쿡왓커피 대구이시아점
855,성내3동 향기든자리
856,도평동 파스쿠찌 대구봉무공원점
857,신암4동 설빙 대구동구청점
858,신천4동 카페플라모
859,안심1동 픽크닉
860,남산1동 댕댕 브라우니
861,남산1동 MORRIS COFFEE
862,도평동 마고플레인 아양교점
863,동인동 이디야커피 대구중구청점
864,동촌동 베로나커피
865,성내1동 버건디
866,성내2동 위시카페
867,효목2동 폴앤가토
868,남산2동 미도다방
869,방촌동 시즌커피숍
870,안심3동 투탐
871,지저동 더리터 대구아양점
872,신천4동 쁘띠팔레트
873,동촌동 카페니은
874,해안동 오빠티쉐
875,남산4동 쌔틀
876,성내3동 물댄동산
877,봉무동 더벤티 대구이시아폴리스점
878,대신동 다빈치커피 서문시장점
879,신암2동 커피셀러 경대정문점
880,동인동 서로의달
881,대신동 카페리즈
882,성내2동 러브모드
883,안심1동 온리투데이
884,신암5동 카페봄봄 영진전문대점
885,성내3동 커피뉴
886,성내3동 서스카페
887,신천3동 르씨엘 청구점
888,안심2동 카페mImL
889,성내1동 코즈
890,신암2동 미래찻집
891,공산동 소풍커피
892,성내3동 백금당 종로점
893,방촌동 만남
894,방촌동 새론
895,남산3동 수정다방
896,남산3동 점프 중구남산점
897,효목2동 BLT
898,신암2동 텐퍼센트커피 대구신암점
899,남산2동 스타벅스 대구반월삼성
900,남산3동 스위치남산
901,도평동 라라라티&커피
902,동촌동 커피정류장
903,대봉1동 브레드나인
904,지저동 부아페레아 양기찻길
905,신암2동 카페소남
906,성내2동 탐앤탐스 엘디스리젠트호텔점
907,봉무동 텐퍼센트커피 대구이시아폴리스점
908,남산2동 FOF
909,남산3동 롤러커피
910,성내1동 영원아카이브
911,삼덕동 크라프커피 동성로점
912,남산1동 대구커피숍
913,지저동 구공카페
914,대신동 온나다방
915,효목2동 명성다방
916,신암2동 반반다방 대구대현점
917,신암4동 커피얌
918,신암5동 투썸플레이스 대구동북로점
919,성내1동 인더가든
920,불로동 푸르트아토
921,신천1동 바이반스
922,지저동 투썸플레이스 대구동북로점
923,신천1동 에그오
924,안심3동 마일스톤커피앤베이커리
925,신암4동 카페베네 동대구역사점
926,신암1동 카푸루스비타
927,안심1동 와우쥬
928,동인동 카페코튼 베이커리카페
929,신암4동 아눅
930,지저동 안녕하세요
931,삼덕동 탐스커버리 동성로점
932,대신동 더안카페
933,공산동 커피볶는작은마을
934,성내1동 지구별방탈출
935,동촌동 드롭탑 동촌홈플러스점
936,효목2동 동구다방
937,신천1동 루머팡 신천점
938,신암1동 옐로팩토리
939,효목2동 설레임
940,성내2동 브릭커피
941,안심2동 미니커피
942,성내1동 스타벅스 대구중앙로역점
943,대신동 마시그래이 서문시장점
944,안심2동 무인다방 대구율하점
945,효목2동 폴바셋 대구만촌DT점
946,신암1동 청진담
947,동인동 꽃하는언니 빵굽는동생
948,대봉1동 컨비니언스커피스토어
949,불로동 읍천리382 대구이시아폴리스점
950,남산4동 레프트뱅크
951,불로동 공차 롯데아울렛이시아폴리스점
952,성내2동 스타벅스 대구계산
953,신암1동 만복당
954,대봉1동 본투비블루스
955,불로동 커피원
956,신암3동 오올
957,해안동 쏠레이
958,성내1동 컴포즈커피 대구동성로점
959,삼덕동 p.34
960,신암4동 스타빈
961,남산3동 카페헤더
962,안심1동 카페우물
963,대봉1동 빌라드모리
964,불로동 스펠 이시아
965,지저동 청년다방동 대구터미널점
966,성내2동 박물관이야기
967,효목1동 오엔오
968,신천4동 카페봄봄 동대구역점
969,남산1동 다흰커피
970,성내3동 Romance papa
971,동인동 풍경
972,안심3동 점핑퀸&편백찜질
973,불로동 컴포즈커피 대구이시아폴리스점
974,신천2동 보네티
975,도평동 리프
976,안심3동 카페더치앤빈
977,대신동 파스쿠찌 대구신남네거리점
978,남산4동 수정다방
979,대신동 커피콩자리
980,남산3동 알로하
981,삼덕동 백도시
982,동촌동 더리터 대구아양점
983,신천1동 모브
984,신천4동 카페두다트 동대구환승터미널점
985,성내1동 스타벅스 동성로광장점
986,삼덕동 투썸플레이스 대구누네안과병원점
987,안심2동 카페손수
988,성내1동 파스쿠찌 대구동성로점
989,남산3동 피아노포르테
990,신암3동 더벤티 동대구역점
991,효목1동 파란자전거
992,성내2동 파스쿠찌 대구태평메가타워점
993,신천2동 머뭇
994,남산4동 녹아 대구남산점
995,방촌동 동촌라이브
996,신천1동 우즈베이커리카페
997,안심3동 소담소담
998,남산4동 명덕로88
999,신천2동 우즈베이커리카페
1000,신천3동 코코카페 동대구점
1001,신천2동 샬로우커피 대구삼덕점
1002,효목1동 에스프레소바 파라볼레 카페 대구동촌유원지점
1003,성내1동 딥커피로스터스
1004,안심3동 일리터맥스 반야월점
1005,신암2동 동광다방
1006,신암3동 엔제리너스 동대구터미널점
1007,남산3동 핸썸커피 남산점
1008,안심3동 카페 단디
1009,동인동 로파이
1010,남산2동 1프로김밥 그리고커피이야기
1011,대봉1동 라우스터프 대봉
1012,동인동 헤드번팅커피
1013,동촌동 조원준커피연구소
1014,대신동 커피집
1015,대봉2동 구구공 에스프레소바 대봉직영점
1016,성내3동 이씨씨커피
1017,대신동 분홍카페
1018,성내3동 커피한잔할래요
1019,봉무동 레드애플 롯데아울렛이시아폴리스점
1020,남산4동 달콤미술관
1021,공산동 로컬팜카페8062
1022,공산동 째미핑거
1023,남산4동 카페 몬짜(CAFFE MONZA)
1024,신천2동 루머팡 신천점
1025,불로동 커피와만남
1026,남산3동 카페봄봄 남산점
1027,성내1동 문화장
1028,신암1동 커피공식
1029,효목1동 짝라이브
1030,도평동 스타벅스 대구봉무점
1031,신천1동 안티고
1032,동촌동 플랜
1033,신천3동 투썸플레이스 동대구점
1034,봉무동 가로등커피
1035,공산동 나인카페
1036,남산4동 카페발리하이
1037,봉무동 글레이즈커피
1038,남산1동 갤러리카페모네
1039,삼덕동 더와이즈
1040,안심3동 반야월연꽃마을 협동조합
1041,대봉1동 진스초콜릿
1042,신암1동 카페보스 신암점
1043,성내3동 카페봄봄 북성로점
1044,성내3동 로맨스빠빠
1045,대신동 커피팀버 서문점
1046,신천1동 신천커피
1047,성내2동 파스쿠찌 대구신남네거리점
1048,대봉2동 이태리커피숍
1049,안심3동 블링스톤커피 앤 베이커리
1050,대봉1동 나발
1051,대봉1동 라코히스튜디오
1052,해안동 보스턴커피
1053,신천2동 데일리오아시스 대구본점
1054,불로동 미소꼬마김밥.노랑커피
1055,대봉2동 커피 와리(COFFEE WARI)
1056,방촌동 메이드인
1057,불로동 부다
1058,동촌동 30ML에스프레소 동촌본점
1059,대봉2동 카페1015
1060,신암5동 봄날
1061,삼덕동 투썸플레이스 대구삼덕점
1062,대봉2동 우지현의 꽃차공감
1063,효목1동 빽다방 대구효목점
1064,안심1동 썸커피
1065,신암2동 디저트&티
1066,신암1동 그린커피숍
1067,대신동 미야까페
1068,신암2동 어바웃타임
1069,안심2동 픽크닉
1070,남산4동 던커피(Done Coffee)
1071,공산동 블루마운틴카페
1072,삼덕동 인스퍼레이션디
1073,동인동 해피슈르
1074,신암5동 스테이블모먼트 반석점
1075,신천3동 지구커피
1076,안심2동 컴포즈커피 대구율하점
1077,효목2동 스타벅스 대구수성도서관DT점
1078,도평동 커피명가 이시아폴리스점
1079,신천4동 써니맘가득
1080,안심3동 이디야커피 대구반야월점
1081,안심2동 이디야커피 대구율하동점
1082,신암5동 더리터 대구공항점
1083,신암3동 할리스 동대구역사점
1084,지저동 송림다방
1085,안심3동 지니카페앤(&)슬라임
1086,대신동 서울메이트
1087,성내3동 넌테이블
1088,대봉1동 카페문101
1089,안심2동 달구벌연구소
1090,방촌동 커피스미스 대구동촌유원지점
1091,효목1동 비타민카페 효목점
1092,신천2동 땡스베이글
1093,신암4동 에브리커피 동대구파티마점
1094,안심2동 썸커피
1095,신암3동 헤이주
1096,신암2동 우드맥
1097,안심2동 카페캔버스 율하점
1098,공산동 카페포스
1099,대봉2동 큐
1100,방촌동 마시그래이 강촌점
1101,방촌동 카페그레이스
1102,신암1동 H커피
1103,신암2동 모리
1104,방촌동 과일곳간
1105,방촌동 커피바람 대구만촌점
1106,안심1동 윈썸
1107,남산3동 엑스포커피
1108,남산4동 또또커피
1109,효목2동 브라운베어
1110,신천4동 하삼동커피 동대구점
1111,도평동 얌디
1112,신천1동 로파이
1113,지저동 스타빈
1114,봉무동 푸르트아토
1115,동인동 검은구상
1116,신천2동 틸더커피바
1117,효목2동 아이엠에이투지
1118,성내2동 랩디 본점
1119,불로동 더드림커피
1120,신천3동 크림드엘
1121,대봉1동 샤인오브유
1122,안심1동 대구동구시니어클럽누리커피
1123,신암2동 플러스공방&카페
1124,효목1동 영카페
1125,신천1동 보리가실 대구동신점
1126,안심2동 더블유커피
1127,효목2동 쉼카페
1128,불로동 선인장다방
1129,남산4동 플로우바이손수
1130,동인동 파라다이스
1131,남산2동 반월라떼
1132,봉무동 부다
1133,대봉2동 슈룹
1134,남산3동 알레이커피
1135,안심2동 솔트
1136,성내2동 텐퍼센트커피 대구동성로점
1137,신암3동 믹쓰커피 신암점
1138,성내2동 카페 1.14km
1139,신암2동 안스커피
1140,효목2동 호미다방
1141,남산2동 스타벅스 대구계산
1142,남산2동 레프트뱅크
1143,남산4동 더벤티 대명계대점
1144,신천4동 공차 대구현대시티아울렛점
1145,신암4동 오세요 카페테리아
1146,도평동 커피폴리오
1147,신암3동 마시그래이 동대구역점
1148,신암3동 동대구역커피전문점
1149,신천4동 정담디
1150,동촌동 1리터맥스커피
1151,안심2동 카페매일봄
1152,효목1동 커피콩
1153,공산동 커피에반하다 대구연경점
1154,남산2동 리시트 현대점
1155,효목1동 커피샵
1156,동촌동 커피콩
1157,안심3동 나우카페
1158,대신동 마이브라운노트
1159,신암5동 더벤티 대구동구청점
1160,효목2동 정다운커피
1161,삼덕동 카페헤이하이
1162,효목2동 30ML에스프레소 동촌본점
1163,신암2동 커피음65
1164,공산동 더벤티 대구지묘점
1165,방촌동 스타벅스 대구동촌유원지점
1166,도평동 부다
1167,성내1동 코타커피
1168,지저동 핸즈커피 복현점
1169,동인동 그레이티그레
1170,신천1동 관산
1171,대신동 매스커피 대신남산점
1172,공산동 하이브
1173,남산3동 에밀타케메모리얼카페
1174,공산동 퍼피80
1175,성내3동 린카페
1176,대신동 커피왕 비산세종마트점
1177,성내2동 고바슨 반달스퀘어점
1178,남산1동 카페맥피
1179,신암2동 쥬시 울산달동점
1180,삼덕동 프라우송
1181,신암1동 꿈꾸는다락방
1182,공산동 다반트
1183,성내2동 이씨씨커피
1184,남산1동 왓에버해픈즈
1185,도평동 마사커피 대구공항점
1186,성내1동 캣독
1187,남산3동 갤러리카페모네
1188,대봉1동 엔트리커피
1189,신천4동 대구 메리어트호텔&레지던스 로비라운지
1190,신천1동 틸더커피바
1191,신천4동 모해커피
1192,도평동 글레이즈커피
1193,동인동 오놀라
1194,대봉1동 언밸런스
1195,신천2동 언니야커피
1196,신천1동 카페앙코르
1197,안심1동 커피왕 반야월점
1198,안심1동 카페충분
1199,남산1동 남산제빵소
1200,신암3동 믹쓰커피케이크
1201,성내3동 러브모드
1202,안심1동 더벤티 대구율하광장점
1203,성내2동 노벨커피
1204,공산동 아름다운만남
1205,남산2동 고바슨 반달스퀘어점
1206,대봉1동 로로
1207,신암5동 짱커피
1208,성내2동 컵넛 동성로점
1209,대봉2동 라우스터프 대봉
1210,신천2동 무오커피
1211,안심1동 쌍도커피
1212,안심2동 엔제리너스 롯데시네대구율하점
1213,성내3동 에스파스
1214,남산3동 큐케이
1215,신암3동 왕궁커피숍
1216,신암3동 모닉23
1217,성내2동 차방책방
1218,신천2동 비아더치커피
1219,도평동 곰스크
1220,안심3동 지그커피 대구영조점
1221,동인동 모브
1222,남산1동 버터풀
1223,남산4동 더리터 청라힐스자이점
1224,방촌동 카페클라우드
1225,신천4동 청솔로9 동대구역점
1226,봉무동 곰스크
1227,남산2동 텐지커피하우스
1228,성내2동 메가MGC커피 동성로점
1229,불로동 이디야커피 대구이시아폴리스점
1230,신암1동 커인시던스에스프레소바
1231,방촌동 에녹커피 강촌점
1232,대신동 발사랑
1233,지저동 기억카페 9호점
1234,동촌동 동촌라이브
1235,안심1동 타이거살롱
1236,해안동 카페하누
1237,신암5동 마실커피 아양기찻길점
1238,신암5동 트리굿커피 영진전문대점
1239,성내2동 너에게간다
1240,신천2동 로파이
1241,삼덕동 살구
1242,남산4동 행복
1243,안심1동 라임라임
1244,동촌동 카페큐브
1245,불로동 둥지찻집
1246,신암4동 동대구역커피전문점
1247,신암4동 르씨엘 동대구역점
1248,효목1동 올리몰리
1249,동촌동 유니크플레이스
1250,신암3동 커피1938
1251,봉무동 리프
1252,신천1동 카페414
1253,신암5동 루멘
1254,안심2동 마실커피 율하점
1255,효목1동 그네
1256,성내2동 이이알티키친
1257,남산1동 원기커피
1258,동촌동 투썸플레이스 대구동촌유원지점
1259,성내3동 카페마롱
1260,남산4동 만남커피숍
1261,신암2동 리터킹 대현점
1262,효목1동 앨리커피
1263,봉무동 카페탄
1264,대신동 마카다
1265,도평동 힐링카페채움
1266,불로동 열매달
1267,남산4동 파클렛
1268,신천4동 라뽐므
1269,효목1동 헵번(HEPBURN)1953
1270,동촌동 우래커피숍
1271,남산4동 카페2로
1272,공산동 동원전통차
1273,남산3동 카페에이티에프
1274,신암2동 메이플101커피
1275,안심2동 디저트데이
1276,동인동 핑크버블
1277,동촌동 동촌커피
1278,신암3동 투썸플레이스 대구신암점
1279,대봉1동 이에커피공간
1280,신천1동 briefly
1281,신천2동 모모상점
1282,성내3동 온정커피
1283,방촌동 프로비던스
1284,신암1동 커피다방
1285,신암5동 공차 대구복현점
1286,성내3동 케이원엔터테인먼트
1287,안심3동 스타벅스 반야월이마트점
1288,대봉2동 Denis coffee 대봉점
1289,해안동 래커
1290,신천4동 폴바셋 대구신세계백화점1호점
1291,동촌동 아이스크림커피
1292,대신동 아리스타커피 대구서문시장점
1293,동인동 스커트케이크샵
1294,효목1동 산호다방
1295,성내1동 황금열쇠 동성로점
1296,안심3동 히든비카페
1297,신천2동 카패플래닛
1298,신천4동 루시카토 신세계벡화점대구점
1299,성내3동 할리스 롯데시네마프리미엄만경관점
1300,봉무동 카페이시아
1301,안심1동 카페설렘 율하점
1302,남산4동 스위치어페럴
1303,대신동 빙내가
1304,신암5동 모퉁이세번째이야기
1305,신천1동 더파티
1306,효목2동 무
1307,신암4동 트리핀 동대구역점
1308,효목2동 올리몰리
1309,방촌동 호텔인터불고대구 낮잔에밤별소
1310,남산4동 플라잉빵차
1311,해안동 새론
1312,남산2동 나봄
1313,신암5동 헵번(HEPBURN)1953
1314,신암4동 연화
1315,방촌동 로라롱하우스
1316,신천1동 올웨이즈베케이션클럽
1317,신천4동 프랭크프랭크커피
1318,대신동 커피에어로프레스
1319,신천2동 커피앤베이글
1320,성내2동 엘티알커피
1321,성내1동 말랑블링
1322,대신동 따수운
1323,신암3동 무인다방 신천더샵센터시티점
1324,남산2동 모리스커피
1325,효목2동 오쏘커피
1326,남산2동 여기카페
1327,동촌동 더리터 대구공항점
1328,방촌동 옛커피
1329,성내2동 웨스트110
1330,대신동 맥커피숍
1331,남산3동 카페이층공작소
1332,동인동 커피
1333,남산4동 메가샵 크로플 남산점
1334,공산동 송지연찻집
1335,신암1동 헬로어게인 대구복현점
1336,신천4동 다즐링
1337,신암4동 할리스 동대구환승센터점
1338,해안동 스위트주아르
1339,효목2동 파스쿠찌 대구만촌점
1340,방촌동 카페마루
1341,신암3동 투썸플레이스 동대구점
1342,안심3동 마시그래이 동호점
1343,불로동 퀸즈커피
1344,대봉2동 카페생명나무
1345,효목2동 동백다방
1346,삼덕동 카르투시아
1347,해안동 카페오렌지
1348,신암5동 위드로우
1349,해안동 카페마루
1350,신천4동 카페나나무
1351,효목1동 필라이브카페
1352,성내3동 맥커피숍
1353,방촌동 더아양
1354,신암3동 카페베네 동대구역사점
1355,신천1동 뉴브리지
1356,신암1동 동광다방
1357,신암3동 스타벅스 동대구터미널점
1358,남산4동 무명유실
1359,신천3동 대동커피
1360,동촌동 이디아
1361,신암5동 부아페레아 양기찻길
1362,도평동 봉다방
1363,신천2동 브리플리
1364,성내3동 드리퍼베이커
1365,신암5동 하옥
1366,대봉2동 사월보름
1367,안심3동 더치앤빈 대구신서점
1368,성내1동 세라젬웰카페 대구동성로중앙직영점
1369,신암1동 125커피
1370,남산2동 전통찻집다향
1371,성내1동 스쿱당
1372,신천3동 이디야커피 동대구환승센터점
1373,안심3동 카페봄봄 안심점
1374,동인동 마시그래이 중구점
1375,신암2동 달담커피
1376,신천1동 무튼(muten)
1377,신암3동 카페소남
1378,신암1동 투데이로스팅커피 경대점
1379,대신동 커피메지스
1380,불로동 할리스 대구봉무공원점
1381,신천2동 여름다방
1382,안심3동 커피르플랑
1383,성내1동 투썸플레이스 대구주얼리광장점
1384,신암3동 팔공티 동대구역점
1385,신천3동 카페나무그루
1386,해안동 다독다독
1387,신암4동 카페봄봄 대구 동구청점
1388,신천1동 이제곱
1389,대봉2동 오우야에스 프레소바 대구점
1390,신천1동 머뭇
1391,해안동 느낌커피숍
1392,남산4동 노커커피 (휴업중)
1393,신암3동 빌리브라운 동대구역사점
1394,안심3동 제리커피
1395,성내1동 핸즈커피 동성로데오점
1396,남산1동 번데기클럽
1397,봉무동 도로시
1398,봉무동 더리터 이시아폴리스점
1399,신천3동 라뽐므
1400,성내1동 로드커피
1401,안심2동 카페달달 대구율하점
1402,효목2동 커피컵팟
1403,방촌동 느낌커피숍
1404,남산2동 빽다방 대구반월당지하점
1405,효목1동 로뎀커피
1406,동인동 코히어
1407,성내1동 티클래스 리저브 르샤블랑
1408,해안동 카페봄봄 대구 방촌점
1409,대봉2동 아침
1410,도평동 달콤커피 대구국제공항점
1411,방촌동 홍실다방
1412,남산2동 스타벅스 반월당점
1413,신암2동 래리커피
1414,성내3동 동진커피
1415,성내3동 소지티룸
1416,삼덕동 우리의낮과밤
1417,신암2동 핑크크로플
1418,지저동 필원이앤비
1419,신암4동 민트봉봉
1420,남산1동 카페 우디우디
1421,해안동 카페클라우드
1422,신암3동 르씨엘 동대구역점
1423,방촌동 설빙 대구동촌유원지점
1424,신암3동 이디야커피 대구파티마병원점
1425,지저동 우래커피숍
1426,대신동 메종드샤베르
1427,남산4동 청춘다방낭만커피
1428,삼덕동 비밀의화원 동성로점
1429,성내2동 파스쿠찌 대구중앙로점
1430,대신동 몬스터커피 남산점
1431,공산동 커피명가휴
1432,안심3동 한점푸르른땅
1433,도평동 미소꼬마김밥.노랑커피
1434,동촌동 로뎀커피
1435,신천1동 로우동인
1436,효목2동 페이지하우스 아트북카페
1437,신암5동 카페인중독 대구동구청점
1438,신암5동 안녕하세요베이커리&카페
1439,남산1동 원다방
1440,봉무동 카페이숍
1441,남산1동 이레
1442,대신동 디저트34
1443,동인동 박가네커피
1444,신천1동 에소커피
1445,안심2동 커피와식사
1446,동촌동 까리노커피
1447,성내1동 커피빈 대구228공원앞점
1448,공산동 마음이온다
1449,남산2동 1981카페
1450,지저동 덮
1451,동촌동 나나베키
1452,대봉1동 바람불어오는곳
1453,안심1동 정아레스카페
1454,공산동 앤지스앤틱갤러리
1455,신암3동 카페%
1456,신암4동 마실커피 동구청점
1457,안심1동 카페캔버스 율하점
1458,안심2동 모고우
1459,해안동 메가MGC커피 대구방촌점
1460,남산4동 레프트뱅크 계대정문
1461,대봉2동 코페아커피 센트로팰리스점
1462,동인동 오버커피
1463,신천4동 마녀가굽는크로플
1464,신암3동 세라젬웰카페 대구신암직영점
1465,도평동 청솔로9 이시아폴리스점
1466,대신동 어메이징요거빙수
1467,불로동 뉴카페
1468,효목1동 카페밀리언
1469,동촌동 스타벅스 대구동촌유원지점
1470,안심1동 꼬끄롱
1471,신암4동 헬로스위트
1472,신천1동 커피본
1473,신암2동 컴포즈커피 이안동대구점
1474,신암5동 커피인 아양교점
1475,신암4동 얼라이브아쿠아리움카페
1476,신암3동 트리핀 동대구역점
1477,도평동 투썸플레이스 대구이시아점
1478,대봉1동 스윗두잇
1479,성내3동 카페봄봄 서문시장점
1480,신암5동 우래커피숍
1481,효목2동 나우커피 만촌점
1482,신천1동 빵실과자점
1483,남산1동 샌디
1484,신암3동 탭플레이커피대구신암점
1485,대신동 커피트리
1486,신천3동 에그카페24 동대구역점
1487,남산3동 메종드남산
1488,신암5동 커피타임
1489,공산동 산아래풍경
1490,공산동 대익차
1491,안심2동 장화신은고양이
1492,해안동 나우커피 강촌점
1493,신천4동 하프커피 대구점
1494,불로동 빽다방 대구봉무공원점
1495,봉무동 다온 이시아폴리스점
1496,대봉1동 이쪽
1497,방촌동 전원다방
1498,성내1동 디저트39 대구동성로점
1499,지저동 카페큐브
1500,동촌동 기억카페 9호점
1501,안심3동 보정당 반야월점
1502,신암5동 유니크플레이스
1503,안심2동 오빠티쉐
1504,도평동 엘레아노
1505,성내2동 대구하루
1506,삼덕동 샤밀
1507,동촌동 커피인 아양교점
1508,안심2동 정아레스카페
1509,효목1동 스너그
1510,신암2동 탭플레이커피대구신암점
1511,신암2동 제리집
1512,안심2동 시즌카페
1513,안심2동 카페누리
1514,효목1동 정다운커피
1515,남산2동 8아워즈
1516,도평동 해리스
1517,신천2동 무튼(muten)
1518,도평동 열매달
1519,안심1동 위치어데이
1520,성내3동 지원커피숍
1521,방촌동 낮잔에밤별소
1522,해안동 언제나 내곁에
1523,효목2동 핸즈커피 동촌유원지점
1524,신암4동 커피힐
1525,대봉2동 수수케키
1526,남산3동 나쁜 커피&북스
1527,대신동 곰커피
1528,남산3동 달달샤르레
1529,효목1동 할미다방
1530,동인동 머스트잇
1531,신암4동 카페%
1532,봉무동 몰타 이시아점
1533,남산4동 오오디
1534,신암3동 기찻길
1535,효목1동 쉼카페
1536,신천3동 에스코더에스프레소
1537,효목1동 다온디저트공방
1538,신천3동 에프아이티씨
1539,남산2동 한나커피
1540,불로동 커피명가 이시아폴리스점
1541,동촌동 까르팡
1542,신천4동 팍스카페재즈
1543,도평동 커피원
1544,성내3동 카페이든
1545,동인동 매스커피 시청점
1546,남산3동 카페시집
1547,신암1동 칼디커피
1548,안심3동 상큼한남자들
1549,남산4동 카페유
1550,대봉2동 나우커피 대구이천점
1551,지저동 커피에반하다 대구입석점
1552,삼덕동 이디야커피 대구봉산육거리점
1553,신천2동 briefly
1554,대봉2동 블랙로드커피
1555,동촌동 필림
1556,불로동 도로시
1557,안심3동 모아나테이블
1558,신암5동 오베이스 카페
1559,남산3동 투썸플레이스 대구남산점
1560,남산4동 카페봄봄 대명시장점
1561,남산2동 스타벅스 대구종로고택점
1562,불로동 공커피 (Gong Coffee)
1563,지저동 빌라드샬롯카페 대구공항점
1564,신천1동 카페 아리움
1565,동촌동 필라이브카페
1566,방촌동 둔산카페
1567,신암2동 인어커피
1568,동인동 영과점
1569,신천3동 보네티
1570,해안동 카페혜화
1571,불로동 엘레아노
1572,공산동 커피앤스토리
1573,신암4동 빌리브라운 동대구역사점
1574,불로동 설빙 이시아폴리스점
1575,방촌동 바파바로
1576,공산동 고바슨 르블랑점
1577,대봉1동 캣냅
1578,삼덕동 벵봉
1579,삼덕동 투썸플레이스 대구동성로점
1580,지저동 히네마
1581,봉무동 아이엠커피 불로점
1582,방촌동 세종다방
1583,남산1동 헤이트먼데이
1584,신천1동 땡스베이글
1585,대봉2동 브릭62
1586,대봉1동 파노라마 포레스트180
1587,성내1동 노스텔지어커피
1588,남산2동 르폴뒤
1589,동인동 오브밀
1590,신천3동 마시그래이 동대구역점
1591,불로동 파스쿠찌 대구봉무공원점
1592,신암4동 정다운커피숍
1593,효목1동 설레임
1594,안심3동 니꾸키
1595,신암4동 구공카페
1596,신암1동 멜라이드 경대점
1597,신천2동 명품다방
1598,성내1동 설빙 동성로대백점
1599,신암1동 더블유컬렉션 경북대점
1600,남산4동 설빙 대구대명점
1601,해안동 까페놀
1602,성내1동 앨리스이스케이프
1603,신암2동 해비치커피
1604,동인동 사유
1605,안심3동 졸리홀리데이
1606,대봉1동 킹콩쥬스앤커피 대백프라자점
1607,효목2동 스위튼525
1608,동인동 포라운지
1609,동촌동 마더커피
1610,성내1동 빌로우 대구시청점
1611,신암5동 파스쿠찌 대구신암점
1612,신암3동 공차 동대구복합환승센터점
1613,지저동 설빙 대구동구청점
1614,삼덕동 빽다방 대구경대병원점
1615,남산2동 아리츠
1616,남산2동 카페쵸피
1617,도평동 할리스 대구봉무공원점
1618,신천4동 페어리피타
1619,남산3동 파스쿠찌 대구남산역점
1620,효목1동 은정다방
1621,남산4동 라삐아이
1622,남산3동 몬순
1623,신천3동 무튼(muten)
1624,동인동 디르페
1625,안심1동 마실커피 율하점
1626,성내2동 전통찻집다향
1627,대봉1동 스꼬비하우스
1628,안심2동 라임카페
1629,안심2동 읍천리382 대구율하점
1630,신암4동 스타벅스 동대구터미널점
1631,공산동 다본향
1632,효목2동 유림커피숖
1633,불로동 달콤커피 대구국제공항점
1634,안심1동 은하수다방
1635,삼덕동 카페브라우너
1636,신암2동 헤이즈스트릿
1637,남산4동 붕어있슈
1638,신천1동 뷔프루타 본점
1639,신천1동 테넷
1640,신천1동 명품다방
1641,안심3동 카페블레스
1642,남산4동 빽다방 대구청라힐스자이점
1643,불로동 힐링카페채움
1644,공산동 엘리스파이전문점
1645,남산2동 모네갤러리카페
1646,남산3동 넬스커피
1647,신천3동 레이지모닝 동대구점
1648,안심1동 신기다방
1649,안심3동 카페봄봄 신서점
1650,남산1동 위드협동조합
1651,안심1동 카페달달 대구율하점
1652,안심3동 카페달달 신서점
1653,방촌동 88다방
1654,남산4동 더브릿지프레쉬커피 남산점
1655,도평동 생츄어리
1656,성내1동 해브아워
1657,삼덕동 명인
1658,해안동 로라롱하우스
1659,신천1동 무오커피
1660,공산동 구공이일공
1661,신천1동 데일리오아시스 대구본점
1662,지저동 하옥
1663,대봉2동 하나커피숍
1664,남산4동 코너커피
1665,성내3동 구트오피스커피
1666,신암4동 샘터루카페
1667,신암3동 스타벅스 신세계대구3F(티바나)점
1668,봉무동 더치앤빈 대구이시아폴리스점
1669,대봉1동 매스커피 대봉점
1670,신천3동 인문공학 동대구
1671,대봉1동 요거트아이스크림의정석 동성로점
1672,지저동 공항커피숍
1673,성내3동 매스커피 서문점
1674,남산3동 시샘달닷새
1675,공산동 동주산방
1676,성내1동 말랑캣
1677,안심2동 가온길 롯데마트율하점
1678,남산1동 1981카페
1679,대봉1동 로스터리
1680,대봉2동 마시그래이 센트로봉산점
1681,안심1동 보케르커피 반야월만남광장점
1682,안심1동 JNK커피&머신
1683,성내1동 어노잉
1684,대봉2동 고아옥
1685,신천1동 프레임웍스커피
1686,안심2동 바리스타비 율하점
1687,효목1동 퀸즈브라운 대구동촌역점
1688,봉무동 봉다방
1689,성내1동 슬로우터틀 중앙로점
1690,대봉1동 OTD카페
1691,대신동 설렘카페
1692,동인동 커피러셀 동인점
1693,대봉2동 섭스
1694,안심1동 하삼동커피 대구율하점
1695,대봉2동 모노
1696,동인동 카페자매집
1697,신천2동 더파티
1698,신천3동 하삼동커피 동대구점
1699,남산1동 정담디
1700,신암1동 카페1990
1701,방촌동 카페퀸
1702,신천3동 대구테크노파크 온샘카페
1703,안심3동 바삭한 고토고토
1704,남산2동 반디의꿈 신남역점
1705,신암4동 폴바셋 대구신세계백화점1호점
1706,신암2동 옐로팩토리
1707,신천1동 언니야커피
1708,성내2동 코그커피
1709,남산1동 롤러커피
1710,방촌동 보스턴커피
1711,신암3동 카페스토리웨이 동대구역사점
1712,신천3동 대한다방
1713,효목2동 픽앤믹스
1714,신천4동 공차 신세계대구점
1715,신암2동 텐퍼센트커피 대구대현점
1716,신암4동 몬스터커피 신암점
1717,신암4동 스타벅스 신세계대구3F(티바나)점
1718,효목1동 하옥
1719,방촌동 라온데일리
1720,신암1동 어바웃타임
1721,효목1동 파라볼레 동촌유원지점
1722,신암2동 더리터 대구대현점
1723,신천2동 EAT ART
1724,동촌동 향기마루
1725,안심2동 일인칭
1726,효목1동 꽃잎다방
1727,신천2동 카페앙코르
1728,신천3동 장충원커피랩
1729,효목2동 카페일리터 효목점
1730,남산1동 커피플라워
1731,안심2동 죠이아커피
1732,봉무동 제너시스푸드앤카페
1733,방촌동 나우커피 강촌점
1734,대봉1동 씨오피스커피바 대봉점
1735,신천4동 매머드익스프레스 동대구점
1736,신암2동 투데이로스팅커피 경대점
1737,신암4동 인문공학 동대구
1738,성내2동 모던다방
1739,신암1동 핑크크로플
1740,신암4동 다닐살롱
1741,해안동 레헴커피
1742,남산1동 카페이층공작소
1743,해안동 봄봄 둔산갤러리아점
1744,신천2동 포라운지
1745,공산동 허브위
1746,성내3동 풀꽃
1747,남산4동 커피눔
1748,동촌동 커피에반하다 대구입석점
1749,효목2동 듀
1750,대봉1동 커피슈타인
1751,안심2동 샵공방카페
1752,안심1동 바리스타비 율하점
1753,신천1동 시월보름
1754,신암4동 커피앤
1755,효목1동 박정희라이브까페
1756,남산4동 커피집
1757,신천1동 다올
1758,신천2동 디르페
1759,대신동 애플
1760,성내1동 룸즈에이 동성로아카데미점
1761,남산3동 프린스
1762,남산1동 공차 경북예고점
1763,신천2동 검은구상
1764,신천3동 도우맨도넛
1765,신암5동 샘터루카페
1766,신천4동 마시그래이 신천점
1767,방촌동 일루아
1768,동인동 시선커피스톨
1769,삼덕동 마스터키 동성로2호점
1770,도평동 읍천리382 대구이시아폴리스점
1771,성내1동 까사넬로
1772,안심2동 카페달래
1773,남산2동 카페앤스터프 반월당점
1774,대봉2동 리시트 봉산점
1775,효목2동 궁전커피숍
1776,봉무동 컴포즈커피 대구이시아폴리스점
1777,성내2동 구트오피스커피
1778,성내3동 차방책방
1779,해안동 시즌커피숍
1780,신천1동 크로플덕오리아가씨 대구중구점
1781,신천4동 더리터 동대구점
1782,동촌동 핸즈커피 동촌유원지점
1783,지저동 매스커피 동구청점
1784,남산4동 사랑채 청라점
1785,신천4동 디저트랩코코
1786,해안동 데이지
1787,도평동 에녹&고섶
1788,동인동 미스터브리즈커피 대구시청점
1789,삼덕동 콩카페 대구동성로로데오점
1790,대봉1동 원애견&뭉까두까
1791,신암5동 마시그래이 복현푸르지오점
1792,성내2동 매스커피 반월당점
1793,공산동 산과사람
1794,대봉2동 카페청라
1795,신암2동 카페메리엔다
1796,신암2동 빙수제이
1797,효목1동 폴바셋 대구만촌DT점
1798,해안동 감성커피 대구방촌점
1799,효목2동 스너그
1800,삼덕동 룸즈에이 동성로2호점
1801,성내2동 리시트 현대점
1802,불로동 카페봄봄 이시아폴리스점
1803,신암1동 더스키브라운
1804,신천1동 비아더치커피
1805,동인동 베러먼데이커피 대구시청점
1806,봉무동 카페봄봄 이시아폴리스점
1807,남산1동 위카페
1808,대봉2동 윌로우커피
1809,신천3동 아눅
1810,성내1동 공차 대구동성로점
1811,대봉1동 마르코폴로
1812,대봉2동 빽다방 대구대봉점
1813,지저동 꽃잎다방
1814,안심3동 팔공티 대구각산역점
1815,신천2동 크로플덕오리아가씨 대구중구점
1816,남산4동 디브이투어카페 대구지사
1817,지저동 커피콩
1818,지저동 이디아
1819,안심3동 팔공티 이마트반야월점
1820,동인동 텐퍼센트커피 대구삼덕점
1821,남산4동 텐퍼센트커피 대구남산극동점
1822,신천2동 커피엔브릿지
1823,대봉1동 멜로우즈
1824,방촌동 아이스크림커피
1825,동인동 카페 아리움
1826,효목1동 릴리하우스
1827,남산3동 카페이랑 남산점
1828,대봉2동 에이플레인
1829,해안동 벌크커피 방촌점
1830,성내1동 더기커피
1831,동촌동 커피스미스 대구동촌유원지점
1832,불로동 갤러리디엠
1833,안심3동 CAFE 9Month
1834,신암3동 하와이코나사자커피
1835,신천1동 커피엔브릿지
1836,삼덕동 더리터 동성로점
1837,신천1동 사운즈프리미어
1838,성내1동 수수케키
1839,남산2동 이레
1840,동인동 홍오커피
1841,신암2동 이디야커피 대구신암로점
1842,대신동 카페이랑 남산점
1843,동인동 호반카페
1844,남산2동 슈퍼말차 더현대대구
1845,신천2동 바이반스
1846,대신동 하삼동커피 청라언덕역점
1847,동촌동 파스쿠찌 동촌유원지점
1848,안심2동 요거트아이스크림의정석 율하점
1849,공산동 예담공방카페
1850,대봉1동 헤이븐스 미쉘
1851,방촌동 쿠프만 방촌점
1852,안심2동 커피&분식
1853,신암2동 극장문
1854,효목1동 조원준커피연구소
1855,안심3동 캠핑독
1856,성내2동 어울리커피클럽
1857,신암3동 누보케이크
1858,대봉1동 카페이쪽
1859,해안동 보케르커피 강촌점
1860,동촌동 아지터
1861,방촌동 몬스터커피 방촌점
1862,남산3동 앵커커피컴퍼니
1863,신천3동 매머드익스프레스 동대구점
1864,안심3동 스윕
1865,삼덕동 하늘카페
1866,남산2동 핸썸커피 남산점
1867,성내1동 커피모렌
1868,효목1동 까사메트로
1869,신암5동 백금당 2호점
1870,신천4동 피어나
1871,신천4동 커피데이
1872,동촌동 푸푸커피 동촌유원지점
1873,안심1동 에클레시아
1874,신천4동 오프레코드
1875,동인동 아띠시에
1876,도평동 푸르트아토
1877,신암3동 폴바셋 대구신세계백화점1호점
1878,신암3동 더브릿지커피
1879,봉무동 카페베네 아시아폴리스점
1880,해안동 더리터 대구방촌점
1881,신천3동 대구 메리어트호텔&레지던스 로비라운지
1882,신암5동 노티스818카페
1883,신천2동 신천커피
1884,신천1동 아리에떼
1885,신암1동 루다커피
1886,신암4동 송림다방
1887,안심3동 대구안심점멘토즈북카페러리
1888,남산3동 메가MGC커피 대구청라힐스점
1889,안심1동 청솔로9 율하점
1890,신천4동 프로마쥬
1891,신암1동 빙수제이
1892,대신동 더벤티 대구청라힐스자이점
1893,신암4동 커피타임
1894,신암5동 꽃잎다방
1895,도평동 요거프레소 대구불로점
1896,불로동 디다카페
1897,방촌동 카페혜화
1898,남산2동 노스폴
1899,신천2동 이디야커피 대구신천역점
1900,해안동 에녹커피 강촌점
1901,방촌동 벌크커피 방촌점
1902,공산동 십분의칠
1903,동인동 바이반스
1904,신천4동 펠리츠
1905,안심1동 땅과사람이야기
1906,신암2동 감성커피 동대구시장점
1907,남산4동 라지트
1908,효목1동 브라운헤어
1909,도평동 카페단산길19
1910,신암1동 Yellowish
1911,남산4동 어게인
1912,남산2동 커피플라워
1913,대신동 하프힐
1914,신암4동 카페봄봄 파티마점
1915,남산1동 커스텀비
1916,안심2동 더벤티 롯데마트대구율하점
1917,대봉2동 선댄스팜
1918,삼덕동 혜동
1919,해안동 프로비던스
1920,불로동 텐퍼센트커피 대구이시아폴리스점
1921,남산2동 슬로우터틀 약전골목점
1922,신천2동 하얀기억
1923,성내2동 카페휩
1924,신암1동 카페이브나
1925,남산3동 모리스커피
1926,신천2동 블럭패밀리
1927,도평동 나이스커피
1928,신암5동 카네기
1929,신암1동 컴포즈커피 이안동대구점
1930,신암5동 올리버브라운 대구복현점
1931,남산2동 청담커피 계산점
1932,불로동 사소한커피
1933,신천1동 샬로우커피 대구삼덕점
1934,봉무동 이시아카페
1935,신천2동 에소커피
1936,동촌동 동신다방
1937,안심1동 요거트월드 율하점
1938,성내3동 웨스트110
1939,성내3동 캠프바이 커피명가
1940,효목2동 정다운컴퍼니
1941,남산2동 폴바셋 더현대 대구점
1942,성내1동 리꼬비 교동점
1943,대봉1동 리틀빅커피
1944,삼덕동 수평적관계
1945,효목1동 무
1946,봉무동 이층공작소
1947,성내1동 브라운브릭스
1948,방촌동 카페레브 퀸벨호텔점
1949,신천1동 해피살롱
1950,안심1동 코코
1951,도평동 요거트월드 불로봉무점
1952,안심1동 카페mImL
1953,불로동 더치앤빈 대구이시아폴리스점
1954,해안동 오잉크
1955,해안동 카페 HA-NU
1956,불로동 첼로벅스
1957,지저동 커피정류장
1958,대봉1동 우미우미
1959,해안동 황실다방
1960,안심2동 안일다방
1961,신암1동 믹쓰커피케이크
1962,효목1동 1리터맥스커피
1963,남산4동 캔버스
1964,성내2동 젬마
1965,신암4동 공차 동대구복합환승센터점
1966,공산동 메종로즈
1967,효목2동 나비야
1968,삼덕동 헤이넛
1969,신암3동 대화다방
1970,남산1동 남산올래까페
1971,효목2동 산호다방
1972,삼덕동 컬렉팅더모먼츠
1973,해안동 몬스터커피 방촌점
1974,신암1동 포레스트
1975,신암1동 이디야커피 대구신암로점
1976,삼덕동 85커피
1977,동인동 주식회사 모비딕에프앤비
1978,남산4동 리얼라이즈카페
1979,신천4동 라운지온
1980,도평동 카페이시아
1981,안심3동 찬미커피
1982,남산3동 오마이버디즈
1983,해안동 마실커피 방촌시장점
1984,신암4동 핸즈커피 복현점
1985,신천2동 관산
1986,대봉2동 브라운슈가
1987,대봉1동 지몽
1988,지저동 까리노커피
1989,대신동 슬립리스인시애틀 서문시장점
1990,삼덕동 스펠
1991,성내2동 피쉬마운트커피 남성로점
1992,신암5동 렌토
1993,대신동 오퍼커피 서문시장점
1994,동촌동 히네마
1995,방촌동 오빠티쉐
1996,신암2동 크크.라니커피
1997,도평동 팔공티 이시아폴리스점
1998,신암5동 송림다방
1999,신암4동 코스모스커피
2000,신암4동 봄빛담다
2001,해안동 커피앤드
2002,삼덕동 마스터키 동성로점
2003,남산1동 카페 카리타스 교구청점
2004,삼덕동 셜록홈즈 동성로점
2005,남산1동 골목안카페
2006,신천2동 영과점
2007,지저동 그린그림
2008,신암2동 더블유컬렉션 경북대점
2009,동촌동 동백다방
2010,신암4동 이디야커피 대구파티마병원점
2011,대봉1동 오가다 대구대백프라자점
2012,남산1동 넬스커피
2013,효목2동 앨리커피
2014,신천4동 란다방
2015,지저동 에녹&고섶
2016,동인동 이디야커피 대구시청점
2017,안심1동 시즌카페
2018,신암1동 레코디안
2019,도평동 카페베네 아시아폴리스점
2020,신암5동 에녹&고섶
2021,해안동 필림
2022,대봉1동 노팅힐
2023,불로동 리틀커피
2024,신암3동 투썸플레이스 동대구역사점
2025,신천1동 이디야커피 대구신천역점
2026,남산3동 안커피
2027,안심3동 아모르커피
2028,불로동 공차 이시아폴리스점
2029,삼덕동 오이
2030,불로동 팔공티 이시아폴리스점
2031,안심3동 릴스커피각산점
2032,남산3동 설렘
2033,도평동 공차 롯데아울렛이시아폴리스점
2034,해안동 폴바셋 대구방촌DT점
2035,방촌동 쏠레이
2036,안심3동 행운다방
2037,신천4동 이디야커피 동대구환승센터점
2038,대봉1동 라이브온 라이브카페
2039,공산동 비채담
