,사업장명,카페이름,,,,,,,,
0,고산3동 라이크유,우주라이크커피 경산점,,,,,,,,
1,남산4동 말그미옥상,말그미옥상,,,,,,,,
2,대명3동 코너커피,코너커피,,,,,,,,
3,남산4동 줄라이모닝,줄라이모닝,,,,,,,,
4,대명6동 카페로커피,카페로커피,,,,,,,,
5,대명4동 앰프티커피,엠프티커피,,,,,,,,
6,대명4동 다올,다올,,,,,,,,
7,봉덕3동 프렌네,카페 프렌네,,,,,,,,
8,파동 커피온니두,커피온니두,,,,,,,,
9,대명11동 소소우드,소소우드,,,,,,,,
10,대명9동 퍼스널스커피,퍼스널스커피,,,,,,,,
11,대명1동 오마모리,오마모리 앞산,,,,,,,,
12,대명9동 강낭시에,강낭시에,,,,,,,,
13,대명9동 마리아쥬커피,마리아쥬커피,,,,,,,,
14,대명1동 앞산커피하우스,앞산커피하우스,,,,,,,,
15,대명1동 파스쿠찌 대구앞산정은점,파스쿠찌 대구앞산점,,,,,,,,
16,대명6동 즉흥적인,앞산 즉흥적인 카페,,,,,,,,
17,대명10동 핸즈커피 써니킨점,핸즈커피 써니킨점,,,,,,,,
18,대명4동 캔버스커피 대명역점,캔버스커피 대명역점,,,,,,,,
19,대명10동 로우시티,로우시티 Row City coffeebar,,,,,,,,
20,대명1동 카페노브,노브 대명점,,,,,,,,
21,대명1동 이디야커피 대구드림병원점,이디야커피 대구드림병원점,,,,,,,,
22,대명11동 카페엠트리 서부점,카페엠트리 서부점,,,,,,,,
23,대명1동 몬스터커피 안지랑점,몬스터커피 안지랑점,,,,,,,,
24,대명9동 카페봄봄 안지랑점,카페봄봄 안지랑점,,,,,,,,
25,대명1동 카페달달,카페달달,,,,,,,,
26,대명1동 카페유럽,카페유럽,,,,,,,,
27,대명6동 카페 늘,카페 늘,,,,,,,,
28,대명5동 카페1052,카페1052,,,,,,,,
29,대명5동 포프커피,포프커피,,,,,,,,
30,대명5동 카페인중독 대구영대병원점,카페인중독 대구영대병원점,,,,,,,,
31,봉덕3동 아킨니,아킨니,,,,,,,,
32,대명11동 몬스터커피 대명점,몬스터커피 대명점,,,,,,,,
33,대명10동 더리터 대명역점,더리터 대명역점,,,,,,,,
34,대명4동 파스쿠찌 대구대명역점,파스쿠찌 대구대명역점,,,,,,,,
35,대명6동 가이아,가이아커피,,,,,,,,
36,대명11동 카페오슬링(Osling),카페 오슬링,,,,,,,,
37,대명6동 또다,또다,,,,,,,,
38,대명10동 비아또,비아또,,,,,,,,
39,대명1동 카페점보,카페점보 본점,,,,,,,,
40,대명9동 이집,이집,,,,,,,,
41,대명1동 159센티미터,159센티미터,,,,,,,,
42,대명1동 어름,어름(Ur'm),,,,,,,,
43,대명9동 셀파파,셀파파,,,,,,,,
44,대명5동 포밍고,포밍고,,,,,,,,
45,대명5동 쉼표,쉼표플라워,,,,,,,,
46,대명5동 팔공티 대구영대병원점,팔공티 영대병원점,,,,,,,,
47,대명5동 캔버스 영남이공대점,캔버스 영남이공대점,,,,,,,,
48,대명4동 마시다,마시다,,,,,,,,
49,대명4동 카페몬트,카페 몬트,,,,,,,,
50,대명10동 뜰,뜰,,,,,,,,
51,송현1동 몬딘,몬딘커피,,,,,,,,
52,송현1동 팔공티 관문시장점,팔공티 관문시장점,,,,,,,,
53,대명6동 어라운드,어라운드,,,,,,,,
54,대명6동 라니밍,라니밍,,,,,,,,
55,봉덕2동 온오프 본점,카페온오프,,,,,,,,
56,봉덕2동 안도,안도,,,,,,,,
57,봉덕2동 시류,시류,,,,,,,,
58,수성1가동 에버유어스,에버유어스,,,,,,,,
59,대명10동 투썸플레이스 대구가톨릭병원대로점,투썸플레이스 대구가톨릭병원대로점,,,,,,,,
60,대명4동 칼터커피,칼터커피,,,,,,,,
61,대명4동 파스쿠찌 대구가톨릭대로DI점,파스쿠찌 가톨릭대로DI점,,,,,,,,
62,대명1동 카페체크 대명점,카페체크 대명점,,,,,,,,
63,대명10동 말자커피,말자커피,,,,,,,,
64,남산4동 레프트뱅크 계대정문,레프트뱅크 계대정문점,,,,,,,,
65,남산4동 파스쿠찌 대구남산역점,파스쿠찌 남산역점,,,,,,,,
66,대봉2동 카페생명나무,카페생명나무,,,,,,,,
67,대명3동 다빈치커피 대명마루점,다빈치커피 대명마루점,,,,,,,,
68,남산4동 카페봄봄 대명시장점,봄봄 대명시장점,,,,,,,,
69,남산4동 공드리다,공드리다,,,,,,,,
70,대명3동 커피눔,커피눔,,,,,,,,
71,남산3동 플라잉빵차,플라잉빵차,,,,,,,,
72,대명2동 스트롤커피,스트롤커피,,,,,,,,
73,이천동 카페모비딕,카페모비딕,,,,,,,,
74,수성1가동 바람구름,바람구름,,,,,,,,
75,남산4동 쌔틀,쌔틀,,,,,,,,
76,대명5동 모미닝,모미닝,,,,,,,,
77,대명1동 에이치카페,매머드익스프레스 대구영대병원점,,,,,,,,
78,대명5동 동네커피 대명점,동네커피 대명점,,,,,,,,
79,대명5동 커피매거진 영대병원점,커피매거진 영대병원점,,,,,,,,
80,대명5동 요거트월드 대명점,요거트월드 대명점,,,,,,,,
81,대명5동 카페 리브라,카페 리브라,,,,,,,,
82,봉덕2동 브렌치카페,브랜치카페,,,,,,,,
83,대명5동 스타벅스 대구영대병원역DT점,스타벅스 대구영대병원역DT점,,,,,,,,
84,봉덕2동 카페봉덕,카페봉덕,,,,,,,,
85,봉덕2동 칼라스,칼라스쿠키,,,,,,,,
86,봉덕1동 나랑노랑,나랑노랑,,,,,,,,
87,봉덕2동 혜이커피,혜이커피,,,,,,,,
88,대명2동 마스가토,마스가토,,,,,,,,
89,봉덕1동 띤또카페,로스터리카페 띤또,,,,,,,,
90,봉덕1동 카페봄봄 남구청점,카페봄봄 남구청점,,,,,,,,
91,봉덕2동 그다방,그다방,,,,,,,,
92,봉덕1동 코지커피,코지커피,,,,,,,,
93,이천동 별책다방,별책다방,,,,,,,,
94,봉덕3동 랑데부,랑데부,,,,,,,,
95,대명2동 아티스트바이,아티스트바이,,,,,,,,
96,대명3동 예니네 베이커리카페 대구점,예니네 대구점,,,,,,,,
97,대명3동 타미즈바이올렛,타미즈바이올렛카페,,,,,,,,
98,대명3동 펠리즈커피,펠리즈커피,,,,,,,,
99,남산4동 더캄,더캄,,,,,,,,
100,봉덕3동 텀브커피 대구봉덕점,텀브커피 대구봉덕점,,,,,,,,
101,대명9동 월포리91,월포리91,,,,,,,,
102,대명1동 읍천리382 대구본점,읍천리382 본점,,,,,,,,
103,대명1동 더크,더크,,,,,,,,
104,대명9동 오어앤,오어앤,,,,,,,,
105,대명6동 오르다카페,오르다카페,,,,,,,,
106,대명9동 책상,책상,,,,,,,,
107,대명6동 식물가게온화,식물가게온화,,,,,,,,
108,대명10동 카페경혜네,카페경혜네,,,,,,,,
109,대명10동 카페보스 대명1호점,카페보스 대명1호점,,,,,,,,
110,대명6동 베니떼익스프레스,카페 베니떼익스프레스,,,,,,,,
111,대명6동 스미스로,스미스로,,,,,,,,
112,대명10동 아티세리,아티세리,,,,,,,,
113,대명10동 커피컨넥트,커피컨넥트,,,,,,,,
114,대명11동 포린,포린,,,,,,,,
115,대명6동 이디야 앞산점,이디야커피 대구앞산점,,,,,,,,
116,대명6동 빨간우체통,빨간우체통,,,,,,,,
117,대명6동 핸즈커피 앞산점,핸즈커피 앞산점,,,,,,,,
118,대명6동 카펠라,카펠라,,,,,,,,
119,대명6동 아눅앞산,아눅 앞산,,,,,,,,
120,봉덕3동 갤러리커피,갤러리커피,,,,,,,,
121,대명9동 커피방정식,커피방정식,,,,,,,,
122,대명6동 커피플라자,커피플라자,,,,,,,,
123,대명6동 라겟옴,라겟옴,,,,,,,,
124,대명9동 댐퍼커피,댐퍼커피,,,,,,,,
125,대명3동 스위트팩토리,스위트팩토리,,,,,,,,
126,대명2동 하우,하우,,,,,,,,
127,대명2동 까페영선,까페영선,,,,,,,,
128,이천동 메모리인히어,메모리 인 히어 명덕,,,,,,,,
129,봉덕2동 카페몽티603베이커리,카페 몽티 603베이커리,,,,,,,,
130,봉덕2동 고산가배,고산가배,,,,,,,,
131,송현1동 컴포즈커피 대구서부정류장점,컴포즈커피 대구서부정류장점,,,,,,,,
132,봉덕1동 휩,휩,,,,,,,,
133,봉덕1동 컴포즈커피 대구봉덕점,컴포즈커피 대구봉덕점,,,,,,,,
134,봉덕2동 더벤티 대구봉덕점,더벤티 대구봉덕점,,,,,,,,
135,봉덕2동 이디야커피 대구봉덕점,이디야커피 대구봉덕점,,,,,,,,
136,이천동 시즌,시즌,,,,,,,,
137,대봉2동 고아옥,고아옥,,,,,,,,
138,이천동 이천동미미,이천동미미,,,,,,,,
139,대봉2동 사월보름,사월보름,,,,,,,,
140,대명9동 네이비그레이,네이비그레이,,,,,,,,
141,대명5동 촉,촉,,,,,,,,
142,대명4동 요있찌(YOITZZY),요있찌,,,,,,,,
143,대명1동 카페사코,카페사코,,,,,,,,
144,대명1동 해피블루밍,해피블루밍,,,,,,,,
145,대명5동 1972포포징,1972포포징,,,,,,,,
146,대명5동 제리킹커피,제리킹 커피,,,,,,,,
147,대명2동 청솔로9 남구점,청솔로9 남구점,,,,,,,,
148,대명2동 텐퍼센트커피 대구교대하늘채점,텐퍼센트커피 대구교대역하늘채점,,,,,,,,
149,대명2동 역앞카페,역앞카페,,,,,,,,
150,대명2동 월넛커피,월넛커피,,,,,,,,
151,대명2동 카페봄봄 교대점,카페봄봄 교대점,,,,,,,,
152,대명2동 커피특별시,커피특별시 대구교대점,,,,,,,,
153,대명2동 카페오헤,카페오헤,,,,,,,,
154,봉덕1동 디아이와이우드,디아이와이우드,,,,,,,,
155,봉덕1동 하녹,하녹,,,,,,,,
156,봉덕3동 네쥬,네쥬,,,,,,,,
157,대명5동 카페빅플랫,빅플랫,,,,,,,,
158,대명2동 아라커피,아라커피,,,,,,,,
159,대명5동 케이클래스커피 본점,케이클래스커피 본점,,,,,,,,
160,봉덕1동 카페드로,카페드로,,,,,,,,
161,대명2동 캔버스 교대점,캔버스교대점,,,,,,,,
162,이천동 베어쉽하우스,베어쉽하우스,,,,,,,,
163,대명2동 반할커피 남구점,반할커피 남구점,,,,,,,,
164,남산3동 퐁당,퐁당,,,,,,,,
165,대명10동 파가니니,파가나악기,,,,,,,,
166,남산1동 카페마시로,카페마시로,,,,,,,,
167,남산1동 공차 경북예고점,공차 경북예고점,,,,,,,,
168,대명2동 카메라타카페,카메라타카페,,,,,,,,
169,남산3동 큐케이,큐케이,,,,,,,,
170,대명2동 시애틀의 잠못이루는밤,슬립리스인시애틀 경북예고점,,,,,,,,
171,남산3동 그저모이기,그저모이기,,,,,,,,
172,남산1동 커피다라,커피다라,,,,,,,,
173,남산3동 헤이트먼데이,헤이트먼데이,,,,,,,,
174,대명2동 앵커커피컴퍼니,앵커커피컴퍼니,,,,,,,,
175,남산4동 넬스커피,넬스커피,,,,,,,,
176,남산3동 꾸덕꾸,꾸덕꾸,,,,,,,,
177,대명9동 이나커피,대구앞산카페 이나커피,,,,,,,,
178,대명9동 코지모먼트,코지모먼트,,,,,,,,
179,대명9동 허니잘,허니잘,,,,,,,,
180,대명5동 이디야커피 대구대명동점,이디야 대구대명동점,,,,,,,,
181,대명4동 구공카페,구공카페,,,,,,,,
182,남산3동 설빙 대구대명점,설빙 대구대명점,,,,,,,,
183,대명3동 더벤티 대명계대점,더벤티 대명계대점,,,,,,,,
184,대명1동 설빙 앞산점,설빙 대구앞산점,,,,,,,,
185,대명1동 백금당,백금당 대구앞산점,,,,,,,,
186,대명9동 낯선익숙함,낯선익숙함,,,,,,,,
187,대명1동 디어스윗,디어스윗,,,,,,,,
188,대명9동 카페평일,카페평일,,,,,,,,
189,대명6동 옐로우브런치,옐로우브런치,,,,,,,,
190,대명9동 두낫디스터브앞산,두낫디스터브앞산,,,,,,,,
191,대명9동 플란트,플란트,,,,,,,,
192,봉덕3동 소금카페,소금카페,,,,,,,,
193,봉덕3동 무드부스터,무드부스터,,,,,,,,
194,봉덕2동 설카페,설카페,,,,,,,,
195,봉덕2동 커피농부,커피농부,,,,,,,,
196,봉덕2동 투썸플레이스 대구남구청희망로점,투썸플레이스 남구청희망로점,,,,,,,,
197,봉덕1동 이디야 대구이천점,이디야커피 대구이천점,,,,,,,,
198,진천동 카페봄봄 수목원점,카페봄봄 수목원점,,,,,,,,
199,진천동 핸즈커피 대곡점,핸즈커피 대곡점,,,,,,,,
200,진천동 커피팀버 대곡점,커피팀버 대곡점,,,,,,,,
201,진천동 유고,유고,,,,,,,,
202,진천동 몬탁에서 만나,몬탁에서 만나,,,,,,,,
203,진천동 커피허브,커피허브,,,,,,,,
204,감삼동 달콤하마,달콤하마,,,,,,,,
205,감삼동 장미카페 감삼점,장미카페 감삼점,,,,,,,,
206,죽전동 다복커피,다복커피,,,,,,,,
207,이곡2동 서로커피 이곡점,서로커피 이곡점,,,,,,,,
208,이곡2동 투썸플레이스 대구계명대점,투썸플레이스 계명대점,,,,,,,,
209,이곡2동 탐앤탐스 대구계명대학교점,탐앤탐스 대구계명대학교점,,,,,,,,
210,이곡1동 공차 대구이곡점,공차 대구이곡점,,,,,,,,
211,이곡2동 텐퍼센트커피 대구성서계명대점,텐퍼센트커피 성서계대점,,,,,,,,
212,신당동 카페봄봄 계명대점,카페봄봄 계명대점,,,,,,,,
213,신당동 카페봄봄 와룡점,카페봄봄 와룡점,,,,,,,,
214,신당동 더벤티 계명대점,더벤티 계명대점,,,,,,,,
215,이곡2동 달달한하루 계대동문점,달달한하루,,,,,,,,
216,신당동 두쇠르,두쇠르,,,,,,,,
217,신당동 달콩디저트,달콩디저트,,,,,,,,
218,신당동 카페인중독 대구성서계대점,카페인중독 대구성서계대점,,,,,,,,
219,신당동 피피피,피피피&뉴마왕핫도그 성서직영점,,,,,,,,
220,신당동 뉴포트비치커피,뉴포트비치커피,,,,,,,,
221,두류3동 켄버스,켄버스,,,,,,,,
222,송현2동 그룬,카페그룬,,,,,,,,
223,송현2동 카페반달,카페반달,,,,,,,,
224,본리동 카페테라스,카페 라테라스,,,,,,,,
225,본리동 핸즈커피 성당점,핸즈커피 성당점,,,,,,,,
226,성당동 데이데이커피,데이데이커피,,,,,,,,
227,대명11동 팔팔커피,팔팔커피,,,,,,,,
228,대명11동 빽다방 대구서부정류장역점,빽다방 대구서부정류장역점,,,,,,,,
229,본리동 은화,은화,,,,,,,,
230,성당동 보노미아,보노미아,,,,,,,,
231,신당동 메가MGC커피 대구계명대동산병원점,메가MGC커피 대구계명대동산병원점,,,,,,,,
232,신당동 공차 동산병원점,공차 동산병원점,,,,,,,,
233,용산1동 공차 홈플러스성서점,공차 홈플러스성서점,,,,,,,,
234,용산1동 이디야 성서점,이디야커피 대구성서홈플러스점,,,,,,,,
235,장기동 마시그래이 용산역점,마시그래이 용산역점,,,,,,,,
236,용산1동 일육일161커피스튜디오일등과일,161커피스튜디오 용산점,,,,,,,,
237,감삼동 홀리앤졸리 대구죽전점,홀리앤졸리 도넛&커피 대구죽전점,,,,,,,,
238,죽전동 와드커피 대구죽전역점,와드커피 대구죽전역점,,,,,,,,
239,죽전동 티드커피,티드커피,,,,,,,,
240,죽전동 더리터 대구감삼점,더리터 대구 감삼점,,,,,,,,
241,두류3동 컴포즈커피 대구감삼역점,컴포즈커피 대구감삼역점,,,,,,,,
242,두류3동 캔버스 감삼점,캔버스 감삼점,,,,,,,,
243,두류3동 청솔로9 감삼점,청솔로9 감삼점,,,,,,,,
244,내당4동 파스쿠찌 대구칠호광장점,파스쿠찌 칠호광장점,,,,,,,,
245,내당4동 카페점보 달서점,카페점보 달서점,,,,,,,,
246,내당4동 엔제리너스 대구광장점,엔제리너스 대구광장점,,,,,,,,
247,두류3동 더리터 두류역점,더리터 두류역점,,,,,,,,
248,두류3동 스테이어,스테이어,,,,,,,,
249,내당4동 메가MGC커피 대구두류역점,메가MGC커피 대구두류역점,,,,,,,,
250,두류3동 카페수아,cafesooa,,,,,,,,
251,내당1동 델라파체,델라파체,,,,,,,,
252,내당1동 파스쿠찌 대구두류점,파스쿠찌 대구두류점,,,,,,,,
253,내당1동 카페봄봄 내당점,카페봄봄 내당점,,,,,,,,
254,내당1동 덕자네커피,덕자네커피,,,,,,,,
255,내당1동 두번째이야기,두번째이야기,,,,,,,,
256,내당1동 드롭탑 대구웨딩비엔나점,드롭탑 대구웨딩비엔나점,,,,,,,,
257,두류1동 엄마스,엄마스,,,,,,,,
258,내당2동 카페리즈,카페 리즈,,,,,,,,
259,신당동 이디야 대구호산동점,이디야커피 대구호산동점,,,,,,,,
260,신당동 덩치브루어스,덩치브루어스,,,,,,,,
261,신당동 1LL Maestro,1LL maestro,,,,,,,,
262,이곡1동 파스쿠찌 대구성서이곡점,파스쿠찌 성서이곡점,,,,,,,,
263,이곡1동 몬스터커피 이곡점,몬스터커피 이곡점,,,,,,,,
264,이곡1동 읍천리382 대구성서점,읍천리382 성서점,,,,,,,,
265,이곡1동 밥스딜라잇 성서점,밥스딜라잇성서점,,,,,,,,
266,용산1동 커피지상주의,커피지상주의,,,,,,,,
267,용산2동 카페더케냐,카페드케냐,,,,,,,,
268,이곡1동 더메종,더메종,,,,,,,,
269,용산1동 마시찌롱,마시찌롱 커피&마카롱,,,,,,,,
270,용산2동 그여행 용산점,그여행 용산점,,,,,,,,
271,용산1동 카페보담,보담,,,,,,,,
272,용산1동 크로플각,크로플각,,,,,,,,
273,용산1동 모리(Mori),모리,,,,,,,,
274,장기동 베리베리,베리베리,,,,,,,,
275,죽전동 브로커피,브로커피,,,,,,,,
276,내당4동 빽다방 대구두류점,빽다방 대구두류점,,,,,,,,
277,내당4동 투썸플레이스 대구7호광장점,투썸플레이스 대구7호광장점,,,,,,,,
278,내당1동 만타식스,만타식스,,,,,,,,
279,유천동 영커피 대구유천점,영커피 대구유천점,,,,,,,,
280,신당동 카페휘게,HYGGE,,,,,,,,
281,신당동 대흥커피,대흥커피,,,,,,,,
282,감삼동 카페리포레,카페 리포레,,,,,,,,
283,감삼동 빌리브라운 대구감삼점,빌리브라운 감삼점,,,,,,,,
284,감삼동 구공카페 감삼점,구공카페 감삼점,,,,,,,,
285,두류3동 카페 꽃이피다 감삼점,카페 꽃이피다 감삼점,,,,,,,,
286,성당동 카페봄봄 본리점,카페봄봄 본리점,,,,,,,,
287,본리동 마시멜로,마시멜로,,,,,,,,
288,성당동 더리터 달서시장점,더리터 달서시장점,,,,,,,,
289,두류3동 위치커피 대구두류점,위치커피 대구두류점,,,,,,,,
290,두류3동 레프트뱅크,레프트뱅크 두류광장점,,,,,,,,
291,두류3동 일하,일하,,,,,,,,
292,죽전동 커피프렌드,커피프렌드,,,,,,,,
293,죽전동 알리바바 대구감삼점,알리바바커피앤도넛 감삼점,,,,,,,,
294,본리동 몬스터커피 죽전역점,몬스터커피 죽전역점,,,,,,,,
295,성당동 오유디(OUD)카페,오유디카페,,,,,,,,
296,성당동 하루카페,하루카페,,,,,,,,
297,대명11동 카페그윽,카페그윽,,,,,,,,
298,두류2동 스무디킹 대구이월드점,스무디킹 대구이월드점,,,,,,,,
299,내당1동 투썸플레이스 두류공원점,투썸플레이스 대구두류공원점,,,,,,,,
300,두류1동 카페오늘은여기,카페오늘은여기,,,,,,,,
301,두류1동 스와레,스와레,,,,,,,,
302,두류2동 코어샌드 커피,코어샌드커피,,,,,,,,
303,유천동 포코아포코,포코어포코,,,,,,,,
304,상인3동 땡스투유,땡스투유,,,,,,,,
305,상인3동 몬스터커피 도원점,몬스터커피 도원점,,,,,,,,
306,상인3동 카페비올레타,카페비올레타,,,,,,,,
307,상인3동 카페23그램,카페 23g,,,,,,,,
308,상인3동 베를린에스프레소바,베를린 에스프레소 바,,,,,,,,
309,상인3동 휩스,휩스,,,,,,,,
310,상인3동 호두 베리케이크,호두베리케이크,,,,,,,,
311,유천동 청솔로9 화원점,청솔로9 화원점,,,,,,,,
312,진천동 카페브릿지,카페브릿지,,,,,,,,
313,유천동 카페또보아,카페또보아,,,,,,,,
314,진천동 로지트,로지트,,,,,,,,
315,유천동 달콤현주씨,달콤현주씨,,,,,,,,
316,상인1동 오마이그릭,오마이그릭,,,,,,,,
317,월성1동 천씨씨커피 대구신월성점,천씨씨커피 신월성점,,,,,,,,
318,월성1동 코타커피 월성점,코타커피 월성점,,,,,,,,
319,월성1동 컵넛 월성점,컵넛 월성점,,,,,,,,
320,월성2동 투썸플레이스 대구월성점,투썸플레이스 대구월성점,,,,,,,,
321,월성1동 카페봄봄 신월성점,카페봄봄 신월성점,,,,,,,,
322,상인2동 모모커피,모모커피 상인점,,,,,,,,
323,진천동 오더블유오 대구점,오더블유오 대구점,,,,,,,,
324,상인2동 모투이(Motui),모투이,,,,,,,,
325,상인3동 엠트리카페,엠트리카페,,,,,,,,
326,상인1동 천사카페,천사카페,,,,,,,,
327,상인1동 161커피스튜디오 상인점,161커피스튜디오 상인점,,,,,,,,
328,상인3동 마시그래이 상인점,마시그래이 상인점,,,,,,,,
329,상인1동 캐롯,캐롯,,,,,,,,
330,상인1동 더리터 대구상인점,더리터 대구상인점,,,,,,,,
331,상인1동 아마스빈 대구상인점,아마스빈 대구상인점,,,,,,,,
332,상인1동 더벤티 상인점,더벤티 상인점,,,,,,,,
333,상인1동 텐퍼센트커피 대구상인점,텐퍼센트커피 대구상인점,,,,,,,,
334,진천동 스캠프커피,스캠프커피,,,,,,,,
335,상인2동 아는카페,아는카페,,,,,,,,
336,상인2동 비티케,비티케,,,,,,,,
337,유천동 투썸플레이스 대구수목원점,투썸플레이스 대구수목원점,,,,,,,,
338,유천동 카페70도씨 본점,카페 70도씨 본점,,,,,,,,
339,상인3동 카페봄봄 대구도원점,카페봄봄 도원점,,,,,,,,
340,유천동 썸,썸,,,,,,,,
341,진천동 잭스커피,잭스커피,,,,,,,,
342,상인3동 커피라네,커피라네,,,,,,,,
343,상인3동 레프트뱅크 상인점,레프트뱅크 상인점,,,,,,,,
344,상인2동 요거트월드 상인점,요거트월드 상인점,,,,,,,,
345,상인1동 획,획,,,,,,,,
346,진천동 크레페원,크레페원,,,,,,,,
347,용산2동 쏘울메이트,Soul mate 쏘울메이트,,,,,,,,
348,이곡2동 플랜 성서계대점,플랜 성서계대점,,,,,,,,
349,이곡2동 카페드케냐,카페 드 케냐,,,,,,,,
350,신당동 한량가비점,한량 가비점,,,,,,,,
351,이곡2동 래리커피,래리커피,,,,,,,,
352,이곡2동 레프트뱅크,레프트뱅크 성서계대점,,,,,,,,
353,이곡2동 슬로우터틀 성서계대점,슬로우터틀 계대점,,,,,,,,
354,신당동 멜로우옐로우(mellow yellow),멜로우옐로우,,,,,,,,
355,신당동 카피707,Kaffi 707,,,,,,,,
356,신당동 카페꽃이피다 성서계대점,카페꽃이피다 성서계대점,,,,,,,,
357,이곡2동 요미학,요미학,,,,,,,,
358,이곡2동 공차 계명대점,공차 계명대점,,,,,,,,
359,신당동 빽다방 대구계명대점,빽다방 대구계명대점,,,,,,,,
360,신당동 아마스빈 계명대점,아마스빈 계명대점,,,,,,,,
361,신당동 스테인드글라스,스테인드글라스,,,,,,,,
362,이곡1동 가배바투,가배바투,,,,,,,,
363,이곡2동 카페70도씨 이곡점,카페70도씨 이곡점,,,,,,,,
364,용산2동 하삼동커피 대구이곡점,하삼동커피 대구이곡점,,,,,,,,
365,이곡2동 키보,키보,,,,,,,,
366,이곡2동 루체,루체,,,,,,,,
367,용산2동 힐링숲카페,힐링숲카페,,,,,,,,
368,이곡1동 마을카페 콩닥콩닥,카페 콩닥콩닥,,,,,,,,
369,대명4동 송우카페,송우,,,,,,,,
370,대명4동 그린페이스카페,그린페이스,,,,,,,,
371,신당동 이디야커피 대구성서호림점,이디야커피 대구성서호림점,,,,,,,,
372,신당동 하삼동커피 대구호산점,하삼동커피 호산점,,,,,,,,
373,신당동 몬스터커피 호림점,몬스터커피 호림점,,,,,,,,
374,신당동 카페봄봄 성서아울렛점,카페봄봄 성서아울렛점,,,,,,,,
375,신당동 탐앤탐스 대구호산점,탐앤탐스 대구호산점,,,,,,,,
376,화원읍 에이딘치,에이딘치커피 성서공단점,,,,,,,,
377,신당동 132에비뉴,132에비뉴,,,,,,,,
378,이곡2동 다옴디저트카페,다옴디저트카페,,,,,,,,
379,장기동 내일카페,내일카페,,,,,,,,
380,이곡1동 마시그래이 이곡점,마시그래이 이곡점,,,,,,,,
381,이곡1동 배달의카페 성서점,배달의카페 성서점,,,,,,,,
382,이곡1동 더플롯커피 성서점,더플롯커피 성서점,,,,,,,,
383,이곡1동 르쁘띠팔레드 고바슨 성서점,고바슨 성서점,,,,,,,,
384,이곡1동 투썸플레이스 대구이곡점,투썸플레이스 대구이곡점,,,,,,,,
385,이곡1동 그린그루브아카데미 성서점,그린그루브아카데미 성서점,,,,,,,,
386,이곡2동 빽다방 대구성서롯데점,빽다방 대구성서롯데점,,,,,,,,
387,이곡1동 더리터 성서점,더리터 성서점,,,,,,,,
388,이곡1동 할리스 대구성서점,할리스 대구성서점,,,,,,,,
389,이곡1동 커피랑도서관 성서이곡점,커피랑도서관성서이곡점 스터디카페,,,,,,,,
390,이곡1동 빌리브라운 이곡점,빌리브라운 대구이곡점,,,,,,,,
391,이곡2동 메가MGC커피 대구성서점,메가MGC커피 대구성서점,,,,,,,,
392,이곡2동 아마스빈 대구이곡점,아마스빈 대구이곡점,,,,,,,,
393,송현2동 로브카페,로브카페,,,,,,,,
394,송현2동 카페조오,카페조오,,,,,,,,
395,상인1동 매머드익스프레스 대구상인점,매머드익스프레스 대구상인점,,,,,,,,
396,상인1동 카페봄봄 월촌점,봄봄 월촌점,,,,,,,,
397,상인3동 에이비오보,에이비오보,,,,,,,,
398,상인1동 칠분의이커피,칠분의이커피,,,,,,,,
399,송현1동 카페77,카페77,,,,,,,,
400,송현1동 스테이1953,스테이1953,,,,,,,,
401,송현1동 오후세시,오후 세 시,,,,,,,,
402,상인3동 나인엣지,나인엣지,,,,,,,,
403,두류3동 졸음쉼터카페,졸음쉼터CAFE,,,,,,,,
404,두류3동 헤드스페이스커피,헤드스페이스커피,,,,,,,,
405,두류2동 카페오헤이,오헤이,,,,,,,,
406,성당동 체리디저트,체리디저트,,,,,,,,
407,성당동 달달구리,달달구리,,,,,,,,
408,두류3동 카페코소보,카페 코소보,,,,,,,,
409,두류3동 마실커피 광장코아점,마실커피 광장코아점,,,,,,,,
410,내당4동 블라인드멜론 졸리루어점,블라인드멜론 졸리루어점,,,,,,,,
411,내당4동 카페몰리스,카페 몰리스,,,,,,,,
412,내당4동 브릭스,브릭스,,,,,,,,
413,두류3동 허니넛,허니넛,,,,,,,,
414,두류1동 스탬프커피,스탬프커피,,,,,,,,
415,두류2동 MANY MAKE,MANY MAKE,,,,,,,,
416,두류2동 윤스,윤스커피,,,,,,,,
417,내당1동 비나이다,비나이다,,,,,,,,
418,내당2동 설렘카페,설렘카페 두류점,,,,,,,,
419,본리동 레오나렌,레오나렌,,,,,,,,
420,본리동 메가MGC커피 죽전아이위시점,메가MGC커피 죽전아이위시점,,,,,,,,
421,감삼동 컴포즈커피 대구죽전아이위시점,컴포즈커피 대구죽전아이위시점,,,,,,,,
422,감삼동 청솔로9 장기점,청솔로9 장기점,,,,,,,,
423,장기동 공차 대구본리점,공차 대구본리점,,,,,,,,
424,송현2동 복cafe,복호두 대구감삼점,,,,,,,,
425,장기동 웨이비,웨이비,,,,,,,,
426,장기동 핸즈커피 감삼점,핸즈커피 감삼점,,,,,,,,
427,감삼동 텐퍼센트커피 대구죽전역점,텐퍼센트커피 대구죽전역점,,,,,,,,
428,감삼동 코셔,코셔,,,,,,,,
429,장기동 커피명가 아리아점,커피명가 아리아점,,,,,,,,
430,감삼동 루츠루츠,루츠루츠 대구 감삼점,,,,,,,,
431,감삼동 이디야커피 대구죽전역점,이디야커피 대구죽전역점,,,,,,,,
432,감삼동 이삐커피 죽전역점,이삐커피 대구죽전역점,,,,,,,,
433,죽전동 동향커피,두두커피,,,,,,,,
434,죽전동 카페체크,카페 check,,,,,,,,
435,본리동 그릿 죽전점,그릿 죽전점,,,,,,,,
436,본리동 제이스베이커리,제이스베이커리,,,,,,,,
437,본리동 르아쇼,르아쇼,,,,,,,,
438,감삼동 캔버스 죽전점,캔버스 죽전점,,,,,,,,
439,본리동 반할커피,반할커피,,,,,,,,
440,본리동 단단호박,단단호박,,,,,,,,
441,용산1동 모네,DESSERT CAFE MONE,,,,,,,,
442,용산1동 뚜바비앙 오브점,뚜바비앙 오브점,,,,,,,,
443,죽전동 죽전그카페,죽전 그 카페,,,,,,,,
444,용산1동 에그모니나(EGGMONINA),모니나,,,,,,,,
445,용산2동 달콩카페,달콩카페,,,,,,,,
446,용산2동 디저트덤덤,디저트덤덤,,,,,,,,
447,용산1동 화스플라워앤티,화스플라워앤티,,,,,,,,
448,용산1동 샌드선샤인 죽전점,샌드선샤인 죽전점,,,,,,,,
449,죽전동 오놀,오놀,,,,,,,,
450,용산1동 생각나는커피,생각나는커피,,,,,,,,
451,용산2동 훈카롱,훈카롱,,,,,,,,
452,용산2동 하삼동커피 대구용산점,하삼동커피 대구용산점,,,,,,,,
453,본리동 해성,해성,,,,,,,,
454,용산2동 파스쿠찌 대구용산점,파스쿠찌 대구용산점,,,,,,,,
455,용산1동 카페캔버스 상리공원점,카페캔버스 상리공원점,,,,,,,,
456,장기동 카페따숲,카페따숲,,,,,,,,
457,장기동 단내음,단내음,,,,,,,,
458,용산1동 멜로우,멜로우스킨,,,,,,,,
459,장기동 두번째산책,두번째 산책,,,,,,,,
460,장기동 경이로운커피 대구점,경이로운 커피(대구점),,,,,,,,
461,용산2동 비하겐커피,카페 비하겐,,,,,,,,
462,용산2동 더벤티 대구용산점,더벤티 대구용산점,,,,,,,,
463,용산2동 다빈치커피 용산꿈의대화점,다빈치커피 용산꿈의대화점,,,,,,,,
464,감삼동 블레스유,블레스유 용산점,,,,,,,,
465,용산2동 달콤블리,달콤블리,,,,,,,,
466,용산2동 빽다방 대구용산점,빽다방 대구용산점,,,,,,,,
467,용산1동 카페캔버스 용산점,캔버스 용산점,,,,,,,,
468,상인3동 달콤한오후,달콤한 오후,,,,,,,,
469,상인3동 에브리커피 도원점,에브리커피 대구도원점,,,,,,,,
470,상인2동 레드하우스,레드하우스,,,,,,,,
471,상인3동 투썸플레이스 대구월광수변공원점,투썸플레이스 대구월광수변공원점,,,,,,,,
472,상인3동 리리카페,리리카페,,,,,,,,
473,상인1동 카페봄봄 월곡점,카페봄봄 월곡점,,,,,,,,
474,상인3동 투썸플레이스 대구월곡로점,투썸플레이스 대구월곡로점,,,,,,,,
475,상인2동 비치클럽커피 상인역점,비치클럽커피 상인역점,,,,,,,,
476,상인2동 마실커피 상인점,마실커피 상인점,,,,,,,,
477,상인1동 키토생활,키토생활,,,,,,,,
478,상인1동 벌크커피 상인점,벌크커피 상인점,,,,,,,,
479,상인1동 테라,테라,,,,,,,,
480,상인2동 망원동티라미수 상인점,망원동티라미수 대구상인점,,,,,,,,
481,상인1동 차얌 대구상인역점,차얌 상인역점,,,,,,,,
482,상인1동 카페봄봄 월서점,카페봄봄 대구월서점,,,,,,,,
483,상인2동 무온,무온,,,,,,,,
484,상인2동 더 램브,더 램브,,,,,,,,
485,상인2동 작은별,작은별더치커피전문점,,,,,,,,
486,상인2동 8시20분,8시20분,,,,,,,,
487,상인2동 딥우드,딥우드 에스프레소,,,,,,,,
488,상인2동 설렘 상인점,설렘카페 상인점,,,,,,,,
489,상인3동 카페온나,카페온나,,,,,,,,
490,상인2동 가유,카페 가유,,,,,,,,
491,상인2동 에프닷커피,에프닷커피,,,,,,,,
492,상인2동 컴피커피앤디저트,컴피커피앤디저트,,,,,,,,
493,진천동 구공카페,구공카페,,,,,,,,
494,유천동 아로마,아로마,,,,,,,,
495,진천동 카페루멘,카페루멘,,,,,,,,
496,상인2동 탑클래스커피 상인점,탑클래스커피 상인점,,,,,,,,
497,진천동 감성커피 월배점,감성커피 월배점,,,,,,,,
498,상인2동 댕쓰커피,댕쓰커피,,,,,,,,
499,상인2동 슈드해브커피,슈드해브커피,,,,,,,,
500,상인1동 몬스터커피 상인점,몬스터커피 상인점,,,,,,,,
501,상인2동 카페봄봄 월배점,카페봄봄 월배점,,,,,,,,
502,상인2동 하삼동커피 상인역3번출구점,하삼동커피 상인역3번출구점,,,,,,,,
503,상인1동 공차 롯데상인점,공차 롯데백화점 상인점,,,,,,,,
504,송현2동 마시그래이 월촌역점,마시그래이 월촌역점,,,,,,,,
505,유천동 카페 힘(cafe hymn),카페 힘,,,,,,,,
506,송현1동 서로커피,서로커피 송현점,,,,,,,,
507,송현2동 포레스트플로어,포레스트 플로어,,,,,,,,
508,송현1동 이디야커피 대구송현점,이디야커피 대구송현점,,,,,,,,
509,송현1동 카페다올,카페다올,,,,,,,,
510,송현1동 모네꽃을그리다,"모네, 꽃을 그리다",,,,,,,,
511,대명11동 더리터 송현점,더리터 송현점,,,,,,,,
512,대명11동 설빙 대구서부점,설빙 대구서부점,,,,,,,,
513,대명11동 카페051 대구서부정류장점,카페051 대구서부정류장점,,,,,,,,
514,유천동 투썸플레이스 대구진천아이팜메디타워점,투썸플레이스 진천아이팜메디타워점,,,,,,,,
515,진천동 더벤티 대구진천역점,더벤티 대구진천역점,,,,,,,,
516,진천동 매머드익스프레스 대구진천역점,매머드익스프레스 대구진천역점,,,,,,,,
517,진천동 천씨씨커피 대구진천역점,천씨씨커피 진천역점,,,,,,,,
518,진천동 하삼동커피 대구 진천역점,하삼동커피 진천역점,,,,,,,,
519,진천동 와플칸 대구진천점,와플칸 진천점,,,,,,,,
520,진천동 헬리빈커피 진천역점,헬리빈커피 진천역점,,,,,,,,
521,유천동 카페보스,카페보스 진천역점,,,,,,,,
522,진천동 만랩커피 대구진천역점,만랩커피 진천역점,,,,,,,,
523,진천동 카페봄봄 진천점,카페봄봄진천점,,,,,,,,
524,진천동 빽다방 대구진천역점,빽다방 대구진천역점,,,,,,,,
525,진천동 커피쿡 대구진천점,커피쿡 대구진천점,,,,,,,,
526,유천동 카페051 대구월배점,카페051 대구월배점,,,,,,,,
527,유천동 더바나,더바나,,,,,,,,
528,진천동 하어스 코지 HAUS COZY,하어스코지,,,,,,,,
529,월성1동 알파커피,알파커피,,,,,,,,
530,진천동 카페묘묘,카페 묘묘,,,,,,,,
531,상인2동 쏭쏭계란빵,쏭쏭계란빵 상인점,,,,,,,,
532,월성1동 컴포즈커피 대구월성중앙점,컴포즈커피 대구월성중앙점,,,,,,,,
533,상인2동 카페꽃이피다 상인점,카페 꽃이피다 상인점,,,,,,,,
534,상인1동 식스에비뉴,6th Avenue,,,,,,,,
535,상인1동 더벤티 대구상인2호점,더벤티 대구상인2호점,,,,,,,,
536,상인2동 봉명동내커피 대구상인점,봉명동내커피 상인점,,,,,,,,
537,상인3동 꼬미당,꼬미당,,,,,,,,
538,상인2동 스마일커피팩토리,스마일커피팩토리,,,,,,,,
539,상인2동 레프트뱅크 상인네거리점,레프트뱅크상인네거리점,,,,,,,,
540,상인2동 리틀멜번,리틀멜번,,,,,,,,
541,상인2동 어뉴,카페어뉴,,,,,,,,
542,상인3동 시기,시기,,,,,,,,
543,상인2동 카페19일,19일,,,,,,,,
544,유천동 몬스터커피 유천점,몬스터커피 유천점,,,,,,,,
545,송현1동 리뎀,리뎀,,,,,,,,
546,송현1동 버터문,버터문,,,,,,,,
547,송현2동 킹밥,킹밥,,,,,,,,
548,송현1동 문스,문스카페,,,,,,,,
549,송현1동 송현다방,송현다방,,,,,,,,
550,상인1동 플랜 상인점,플랜 상인점,,,,,,,,
551,상인1동 청솔로9 상인점,청솔로9 상인점,,,,,,,,
552,월성1동 매머드익스프레스 대구신월성점,매머드익스프레스 대구신월성점,,,,,,,,
553,월성1동 카페봄봄 월성삼정점,카페봄봄 월성삼정점,,,,,,,,
554,월성2동 핸썸커피 신월성점,핸썸커피 신월성점,,,,,,,,
555,월성1동 베스트프레즐 대구월성점,베스트프레즐 대구월성점,,,,,,,,
556,월성2동 팔공티 대구월성점,팔공티 대구월성점,,,,,,,,
557,월성1동 카페굄,"카페,굄",,,,,,,,
558,이곡1동 카페캔버스,캔버스 이곡점,,,,,,,,
559,이곡1동 탑리터,탑리터 성서점,,,,,,,,
560,용산2동 핸즈커피 이곡점,핸즈커피 이곡점,,,,,,,,
561,이곡1동 맘스커피,맘스커피,,,,,,,,
562,이곡1동 메가MGC커피 이마트성서점,메가MGC커피 이마트성서점,,,,,,,,
563,용산2동 설빙 대구성서점,설빙 대구성서점,,,,,,,,
564,이곡1동 감성커피 대구성서점,감성커피 대구성서점,,,,,,,,
565,이곡1동 이디야커피 대구이곡점,이디야커피 대구이곡점,,,,,,,,
566,본리동 커피나인 대구장기로,커피나인 대구장기로점,,,,,,,,
567,본리동 베어프룻cafe,베어프룻,,,,,,,,
568,장기동 할리스 대구본리점,할리스 대구본리점,,,,,,,,
569,본리동 투썸플레이스 대구죽전하늘채점,투썸플레이스 대구죽전하늘채점,,,,,,,,
570,장기동 별다방,별다방,,,,,,,,
571,성당동 크레센트,크레센트,,,,,,,,
572,성당동 라라커피,라라커피,,,,,,,,
573,성당동 쉴만한물가,쉴만한 물가,,,,,,,,
574,성당동 멜빵커피 성당점,멜빵커피 성당점,,,,,,,,
575,본리동 파나쉬블랑,파나쉬블랑,,,,,,,,
576,용산1동 데인티 용산점,데인티 용산점,,,,,,,,
577,용산1동 벨르마망,벨르마망,,,,,,,,
578,용산1동 카페세라,카페세라,,,,,,,,
579,장기동 숲으로,숲으로,,,,,,,,
580,유천동 더벤티 대구유천점,더벤티 대구유천점,,,,,,,,
581,유천동 감성커피 유천점,감성커피 유천점,,,,,,,,
582,월성1동 블루샥 대구월성점,블루샥 월성점,,,,,,,,
583,월성1동 매머드익스프레스 대구월성래미안점,매머드익스프레스 대구월성래미안점,,,,,,,,
584,월성1동 하삼동커피 대구월성점,하삼동커피 대구월성점,,,,,,,,
585,월성1동 카페아토,카페아토,,,,,,,,
586,유천동 하삼동커피 대구월배점,하삼동커피 대구월배점,,,,,,,,
587,유천동 코에케,코에케,,,,,,,,
588,유천동 쁘렝땅,쁘렝땅,,,,,,,,
589,유천동 레드파인카페,레드파인카페,,,,,,,,
590,유천동 매머드익스프레스 대구월배삼정점,매머드익스프레스 대구월배삼정점,,,,,,,,
591,유천동 하이오커피 대구월배점,하이오커피 대구월배점,,,,,,,,
592,월성1동 대퍼카페,대퍼카페,,,,,,,,
593,월성2동 도케비커피 신월성점,도케비커피 신월성점,,,,,,,,
594,유천동 마시그래이 대천점,마시그래이 대천점,,,,,,,,
595,월성1동 공차 대구월성점,공차 대구월성점,,,,,,,,
596,월성2동 이디야커피 대구신월성점,이디야커피 대구신월성점,,,,,,,,
597,월성2동 벌크커피 신월성점,벌크커피 신월성점,,,,,,,,
598,월성2동 아마스빈 신월성점,아마스빈 대구 신월성점,,,,,,,,
599,유천동 모꼬싶찌,모꼬싶찌,,,,,,,,
600,유천동 옐로우딥커피,옐로우딥커피,,,,,,,,
601,월성2동 몬스터커피 신월성점,몬스터커피신월성점,,,,,,,,
602,월성2동 스트릿츄러스 대구월성점,스트릿츄러스 대구월성점,,,,,,,,
603,월성2동 트랩코리아 대구월성점,트랩코리아 대구월성점,,,,,,,,
604,월성2동 컴포즈커피 대구신월성점,컴포즈커피 대구신월성점,,,,,,,,
605,월성2동 댄싱컵 신월성점,댄싱컵 신월성점,,,,,,,,
606,월성1동 빽다방 대구신월성점,빽다방 대구신월성점,,,,,,,,
607,월성2동 팔공티 대구신월성점,팔공티 신월성점,,,,,,,,
608,월성2동 메가MGC커피 대구신월성점,메가MGC커피 대구신월성점,,,,,,,,
609,월성1동 하이오커피 신월성점,하이오커피 신월성점,,,,,,,,
610,월성1동 동네커피 대구신월성점,동네커피 대구신월성점,,,,,,,,
611,월성1동 카페051 대구신월성점,카페051 대구신월성점,,,,,,,,
612,월성2동 텐퍼센트커피 대구신월성점,텐퍼센트커피 대구신월성점,,,,,,,,
613,월성1동 빽다방 대구월성원더풀점,빽다방 대구월성원더풀점,,,,,,,,
614,월성2동 더벤티 대구신월성점,더벤티 대구신월성점,,,,,,,,
615,월성2동 블루샥 대구신월성점,블루샥 신월성점,,,,,,,,
616,월성1동 모도,모도 월성점,,,,,,,,
617,월성1동 감성커피 대구신월성점,감성커피 대구신월성점,,,,,,,,
618,월성2동 더리터 월성점,더리터 월성점,,,,,,,,
619,월성1동 수북하이 신월성점,수북하이 신월성점,,,,,,,,
620,죽전동 요거트월드 대구두류점,요거트월드 대구두류점,,,,,,,,
621,대명11동 딜리저트 송현점,딜리저트 송현점,,,,,,,,
622,송현1동 마사커피 앞산송현점,마사커피 앞산송현점,,,,,,,,
623,진천동 아우어가비,아우어가비,,,,,,,,
624,유천동 플랜 대구진천점,플랜 진천점,,,,,,,,
625,유천동 펌프커피,펌프커피,,,,,,,,
626,진천동 더리터 대구진천역점,더리터 진천역점,,,,,,,,
627,월성1동 공차 대구월배점,공차 대구월배점,,,,,,,,
628,진천동 숭구리달당,숭구리달당,,,,,,,,
629,진천동 스테디커피 진천본점,스테디커피 본점,,,,,,,,
630,진천동 푸푸커피 진천점,푸푸커피 진천점,,,,,,,,
631,진천동 그린플레이트,그린플레이트,,,,,,,,
632,진천동 엘아르카 레푸스 진천점,엘아르카 레푸스 진천점,,,,,,,,
633,두류1동 캣월드,캣월드,,,,,,,,
634,두류1동 버블앤,버블앤,,,,,,,,
635,성당동 소쿠리과자점,소쿠리 과자점,,,,,,,,
636,두류1동 반달커피 두류점,반달커피 대구두류점,,,,,,,,
637,용산2동 이디야커피 대구용산점,이디야커피 대구용산점,,,,,,,,
638,용산2동 카페 어게인 74,카페어게인74,,,,,,,,
639,본동 커피신,커피신,,,,,,,,
640,월성2동 카페정&베이킹스튜디오,카페정베이킹스튜디오,,,,,,,,
641,송현1동 카페인중독 대구송현점,카페인중독 송현점,,,,,,,,
642,월성2동 카페게이트 월성본동점,카페게이트 월성본동점,,,,,,,,
643,장기동 몬스터커피 장기점,몬스터커피 장기점,,,,,,,,
644,상인3동 두어커피,두어커피,,,,,,,,
645,상인3동 컴포즈커피 대구도원점,컴포즈커피 대구도원점,,,,,,,,
646,진천동 더벤티 대구수목원점,더벤티 대구수목원점,,,,,,,,
647,진천동 빅밸리,빅밸리,,,,,,,,
648,진천동 이디야커피 수목원점,이디야커피 대구수목원점,,,,,,,,
649,진천동 테이블동이,테이블동이,,,,,,,,
650,진천동 에이치코너,에이치코너,,,,,,,,
651,진천동 올드인뉴,올드인뉴,,,,,,,,
652,진천동 감성커피 대곡점,감성커피 대곡점,,,,,,,,
653,진천동 하삼동커피 대구대곡점,하삼동커피 대구대곡점,,,,,,,,
654,신당동 커피앤스마일,커피앤스마일,,,,,,,,
655,신당동 론데일,론데일,,,,,,,,
656,신당동 착한커피&그릭요거트,착한커피&그릭요거트,,,,,,,,
657,신당동 콩볶는아저씨,콩볶는아저씨,,,,,,,,
658,신당동 카페루앤비 파호점,카페루앤비 대구파호점,,,,,,,,
659,신당동 앤위고커피,앤위고커피 AWGC,,,,,,,,
660,진천동 주커피 대구수목원점,주커피 대구수목원점,,,,,,,,
661,진천동 그린그루브 본점,그린그루브 본점,,,,,,,,
662,가창면 카페865,카페865,,,,,,,,
663,가창면 상띠에,상띠에,,,,,,,,
664,가창면 나드리커피,나드리커피,,,,,,,,
665,파동 투썸플레이스 파동가창점,투썸플레이스 파동가창점,,,,,,,,
666,가창면 폰타나커피,폰타나커피,,,,,,,,
667,가창면 카페랑,카페랑,,,,,,,,
668,가창면 투썸플레이스 대구가창점,투썸플레이스 대구가창점,,,,,,,,
669,가창면 핸즈커피 가창점,핸즈커피 가창점,,,,,,,,
670,가창면 커피온니두,커피온니두,,,,,,,,
671,가창면 커피예가,커피예가,,,,,,,,
672,가창면 커피팜,커피팜,,,,,,,,
673,가창면 비트리커피,가창카페 비트리커피,,,,,,,,
674,가창면 카페쁘띠씨엘,쁘띠씨엘,,,,,,,,
675,가창면 가창카페 아트도서관,가창카페 아트도서관,,,,,,,,
676,가창면 노즈커피,노즈커피,,,,,,,,
677,가창면 향갤러리&카페,향갤러리&카페,,,,,,,,
678,가창면 보니72,보니72,,,,,,,,
679,가창면 RULLYCOFFEE,룰리커피 가창점,,,,,,,,
680,가창면 카페공가,카페공가,,,,,,,,
681,가창면 오퐁드부아 티하우스,오퐁드부아 티 하우스,,,,,,,,
682,가창면 커피스탑 본점,커피스탑본점,,,,,,,,
683,가창면 센스컵,카페 센스컵,,,,,,,,
684,구지면 탑리터 구지점,탑리터 구지점,,,,,,,,
685,구지면 369떡카페,369떡카페,,,,,,,,
686,구지면 더리터 구지점,더리터 구지점,,,,,,,,
687,구지면 마시그래이 현풍구지점,마시그래이 현풍구지점,,,,,,,,
688,구지면 청솔로9 구지점,청솔로9 구지점,,,,,,,,
689,구지면 팔공티 대구구지점,팔공티 대구구지점,,,,,,,,
690,구지면 기브온,카페기브온,,,,,,,,
691,구지면 아그레망,아그레망,,,,,,,,
692,구지면 카페보스 대구구지점,카페보스 대구구지점,,,,,,,,
693,구지면 크로플덕오리아가씨 대구구지점,크로플덕 오리아가씨 대구구지점,,,,,,,,
694,구지면 바빈스커피 대구현풍점,바빈스커피 대구현풍점,,,,,,,,
695,구지면 카페051 대구구지아이비파크점,카페051 대구구지아이비파크점,,,,,,,,
696,구지면 커피읽어주는남자,커피읽어주는남자,,,,,,,,
697,논공읍 솔라이트커피,솔라이트 커피,,,,,,,,
698,논공읍 카페청담,카페청담,,,,,,,,
699,논공읍 누리디저트카페,누리카페,,,,,,,,
700,논공읍 엔엘리오,"엔엘리오카페,베이커리,레스토랑",,,,,,,,
701,논공읍 엔드포인트,엔드포인트,,,,,,,,
702,다사읍 필레몬스,필레몬스,,,,,,,,
703,다사읍 투썸플레이스 대구강정보디아크점,투썸플레이스대구강정보디아크점,,,,,,,,
704,다사읍 파스쿠찌 대구강정고령보점,파스쿠찌 강정고령보점,,,,,,,,
705,다사읍 컴포즈커피 대구서재점,컴포즈커피 대구서재점,,,,,,,,
706,다사읍 템푸스,템푸스,,,,,,,,
707,다사읍 로스팅아울,로스팅아울,,,,,,,,
708,다사읍 공차 대구죽곡점,공차 대구죽곡점,,,,,,,,
709,다사읍 빽다방 대구대실역점,빽다방 대구대실역점,,,,,,,,
710,다사읍 텐퍼센트커피 대구대실역점,텐퍼센트커피 대구대실역점,,,,,,,,
711,다사읍 설빙 죽곡점,설빙 대구죽곡점,,,,,,,,
712,다사읍 메가MGC커피 대구다사점,메가MGC커피 대구다사점,,,,,,,,
713,다사읍 썬솔,썬솔 브런치카페,,,,,,,,
714,다사읍 디저트39 다사대실점,디저트39 다사대실점,,,,,,,,
715,다사읍 이디야커피 대구대실역점,이디야커피 대구대실역점,,,,,,,,
716,다사읍 플로우인,플로우인,,,,,,,,
717,다사읍 투썸플레이스 대구죽곡공원점,투썸플레이스 대구죽곡공원점,,,,,,,,
718,다사읍 지지피,지지피,,,,,,,,
719,다사읍 카페올리브,카페 올리브,,,,,,,,
720,다사읍 이디야커피 대구죽곡점,이디야 대구죽곡점,,,,,,,,
721,다사읍 카페봄봄 다사점,카페봄봄 다사점,,,,,,,,
722,다사읍 핸즈커피 죽곡점,핸즈커피 죽곡점,,,,,,,,
723,다사읍 아마스빈 대구죽곡점,아마스빈 대구죽곡점,,,,,,,,
724,다사읍 하삼동커피 대구다사점,하삼동커피 다사점,,,,,,,,
725,다사읍 컴포즈커피 대구다사점,컴포즈커피 대구다사점,,,,,,,,
726,다사읍 그라노데 다사,그라노데다사,,,,,,,,
727,다사읍 카페봄봄 대구다사역점,카페봄봄 다사역점,,,,,,,,
728,다사읍 커피마마 문양역점,커피마마 문양역점,,,,,,,,
729,다사읍 이디야커피 대구서재미르점,이디야커피 대구서재미르점,,,,,,,,
730,다사읍 덤덤커피바,덤덤커피바,,,,,,,,
731,다사읍 이디야커피 대구서재아이위시점,이디야커피 대구서재아이위시점,,,,,,,,
732,다사읍 카페봄봄 동화점,카페봄봄 동화점,,,,,,,,
733,다사읍 공차 대구서재점,공차 대구서재점,,,,,,,,
734,다사읍 투썸플레이스 대구세천점,투썸플레이스 세천점,,,,,,,,
735,다사읍 할리스 대구세천점,할리스 대구세천점,,,,,,,,
736,다사읍 이디야커피 대구세천점,이디야커피 대구세천점,,,,,,,,
737,다사읍 빽다방 대구다사세천점,빽다방 대구다사세천점,,,,,,,,
738,다사읍 카페게이트 대구세천점,카페게이트 대구세천점,,,,,,,,
739,다사읍 카페봄봄 세천점,카페봄봄 세천점,,,,,,,,
740,다사읍 달다구니 세천점,달다구니 Cafe 세천점,,,,,,,,
741,다사읍 더벤티 대구세천점,더벤티 대구세천점,,,,,,,,
742,다사읍 로스팅시고,로스팅시고,,,,,,,,
743,다사읍 호두당 대구다사점,호두당 대구다사점,,,,,,,,
744,다사읍 꼬모맨션 다사점,꼬모맨션 다사점,,,,,,,,
745,옥포읍 자갈자갈 에스프레소바,JAGALJAGAL ESPRESSO BAR,,,,,,,,
746,논공읍 매스커피 대구옥포점,매스커피 대구옥포점,,,,,,,,
747,옥포읍 더리터 대구옥포점,더리터대구옥포점,,,,,,,,
748,논공읍 카페프리,카페프리,,,,,,,,
749,논공읍 이디야커피 대구옥포점,이디야커피 대구옥포점,,,,,,,,
750,옥포읍 몬스터커피 옥포점,몬스터커피 옥포점,,,,,,,,
751,옥포읍 광PC카페 옥포직영점,광PC카페 옥포직영점,,,,,,,,
752,논공읍 핸즈커피 옥포점,핸즈커피 옥포점,,,,,,,,
753,옥포읍 웜브리즈,웜 브리즈,,,,,,,,
754,화원읍 썸데이아이윌,썸데이아이윌,,,,,,,,
755,옥포읍 바토플루이르송해,바토플루이르 송해,,,,,,,,
756,유가읍 구례뜰,구례뜰,,,,,,,,
757,유가읍 비베카,비베카,,,,,,,,
758,유가읍 할리스 대구현풍테크노점,할리스 현풍테크노점,,,,,,,,
759,유가읍 심플카페,심플카페,,,,,,,,
760,유가읍 매스커피 현풍테크노점,매스커피 현풍테크노점,,,,,,,,
761,유가읍 몬스터커피 테크노폴리스점,몬스터커피 테크노폴리스점,,,,,,,,
762,유가읍 카페인중독 대구유가점,카페인중독 대구유가점,,,,,,,,
763,유가읍 공차 대구과학관점,공차 대구과학관점,,,,,,,,
764,유가읍 청솔로9,청솔로9현풍점,,,,,,,,
765,유가읍 투케이커피,2k coffee,,,,,,,,
766,유가읍 벌크커피 현풍테크노점,벌크커피 현풍테크노점,,,,,,,,
767,유가읍 논페이지,논페이지,,,,,,,,
768,유가읍 카페봄봄 테크노폴리스점,카페봄봄 테크노폴리스점,,,,,,,,
769,유가읍 공차 대구테크노폴리스점,공차 대구테크노폴리스점,,,,,,,,
770,유가읍 디저트39 대구 테크노폴리스점,디저트39 대구 테크노폴리스점,,,,,,,,
771,유가읍 마실커피 테크노폴리스점,마실커피 테크노폴리스점,,,,,,,,
772,유가읍 더벤티 대구테크노중앙점,더벤티 대구테크노중앙점,,,,,,,,
773,유가읍 우주라이크커피 대구테크노폴리스점,우주라이크커피 테크노폴리스점,,,,,,,,
774,유가읍 컴포즈커피 현풍테크노폴리스점,컴포즈커피 현풍테크노폴리스점,,,,,,,,
775,유가읍 설롱커피,설롱커피,,,,,,,,
776,유가읍 하연,하연,,,,,,,,
777,유가읍 이디야커피 대구현풍케이스마트점,이디야커피 대구현풍케이스마트점,,,,,,,,
778,유가읍 나우커피 대구유가점,나우커피 대구유가점,,,,,,,,
779,유가읍 호호리,호호리,,,,,,,,
780,유가읍 읍천리382 대구현풍점,읍천리382 현풍점,,,,,,,,
781,유가읍 커피다커피,커피다커피,,,,,,,,
782,유가읍 퍼플리,퍼플리,,,,,,,,
783,유가읍 백금당 현풍점,백금당 현풍점,,,,,,,,
784,유가읍 이디야커피 대구현풍로점,이디야 대구현풍로점,,,,,,,,
785,유가읍 오디너리히어로즈,오디너리히어로즈,,,,,,,,
786,유가읍 커피&타로,커피&타로,,,,,,,,
787,현풍읍 제리민,제리민,,,,,,,,
788,현풍읍 카페오롯,카페 오롯,,,,,,,,
789,현풍읍 디저트카페딥앤딥,디저트카페 딥앤딥,,,,,,,,
790,구지면 카페솔례단길,카페 솔례단길,,,,,,,,
791,현풍읍 드롭탑 대구테크노폴리스점,드롭탑 대구테크노폴리스점,,,,,,,,
792,현풍읍 커피에반하다 대구중리점,커피에반하다 대구중리점,,,,,,,,
793,구지면 턴커피,턴커피 현풍점,,,,,,,,
794,현풍읍 카페오키도키,카페 오키도키,,,,,,,,
795,현풍읍 보람베이킹카페,보람베이킹카페,,,,,,,,
796,현풍읍 베이크앤드,베이크앤드,,,,,,,,
797,현풍읍 탑리터 현풍점,탑리터 현풍점,,,,,,,,
798,현풍읍 더리터 현풍점,더리터 현풍점,,,,,,,,
799,현풍읍 젤로,젤로 커피&눈꽃빙수 현풍점,,,,,,,,
800,현풍읍 핑퐁커피 현풍점,핑퐁커피 현풍점,,,,,,,,
801,현풍읍 텐퍼센트커피 대구테크노폴리스점,텐퍼센트커피 대구테크노폴리스점,,,,,,,,
802,현풍읍 리970,RE970,,,,,,,,
803,현풍읍 하삼동커피 대구현풍테크노점,하삼동커피 현풍테크노점,,,,,,,,
804,현풍읍 소소베이크샵,소소베이크샵,,,,,,,,
805,현풍읍 디포타,디포타,,,,,,,,
806,현풍읍 피컵요거트,피컵요거트 테크노폴리스점,,,,,,,,
807,구지면 카페플록,카페 플록,,,,,,,,
808,현풍읍 듀엣위드유,듀엣위드유,,,,,,,,
809,현풍읍 재동커피,재동커피,,,,,,,,
810,현풍읍 위치커피 현풍점,위치커피 대구현풍점,,,,,,,,
811,화원읍 마시그래이 명곡점,마시그래이 명곡점,,,,,,,,
812,화원읍 카페봄봄 명곡점,카페봄봄 명곡점,,,,,,,,
813,화원읍 카페낙원,카페낙원,,,,,,,,
814,옥포읍 바람이불어오는곳,카페 바람이 불어오는곳,,,,,,,,
815,화원읍 자연카페,자연카페,,,,,,,,
816,화원읍 카페설화,카페설화,,,,,,,,
817,옥포읍 이디야커피 대구설화명곡점,이디야커피 설화명곡점,,,,,,,,
818,화원읍 가져가커피,가져가커피&빈티지,,,,,,,,
819,화원읍 카페봄봄 대구 화원점,카페봄봄 화원점,,,,,,,,
820,화원읍 더리터 대구화원점,더리터 대구화원점,,,,,,,,
821,화원읍 몬스터커피 화원점,몬스터커피 화원점,,,,,,,,
822,화원읍 시소,시소,,,,,,,,
823,화원읍 온오븐,온오븐,,,,,,,,
824,화원읍 더리터 대곡역점,더리터 대곡역점,,,,,,,,
825,화원읍 마시그래이 대곡역점,마시그래이 대곡역점,,,,,,,,
826,유천동 카페봄봄 대곡역점,카페봄봄 대곡역점,,,,,,,,
827,옥포읍 카페소예 옥포점,카페소예 화원,,,,,,,,
828,화원읍 그라운드커피 대구점,그라운드커피 대구점,,,,,,,,
829,화원읍 보니따카페,보니따카페,,,,,,,,
830,화원읍 셀렉토커피 대구화원사문진점,셀렉토커피 대구화원사문진점,,,,,,,,
831,화원읍 어굿,어굿커피,,,,,,,,
832,화원읍 카페칸,카페칸,,,,,,,,
833,옥포읍 공차 대구화원점,공차 대구화원점,,,,,,,,
834,화원읍 작가와커피,작가와커피,,,,,,,,
835,화원읍 이야기가있는집,이야기가 있는 집,,,,,,,,
836,화원읍 맨드라미,맨드라미,,,,,,,,
837,화원읍 구스켓인더크로플 화원점,구스켓 인 더 크로플 화원점,,,,,,,,
838,옥포읍 오늘커피,"오늘, 커피",,,,,,,,
839,화원읍 카페꽃이피다 화원점,카페꽃이피다 화원점,,,,,,,,
840,화원읍 카페앙쥬,카페앙쥬,,,,,,,,
841,안심4동 청솔로9 동구점,청솔로9 동구점,,,,,,,,
842,공산동 갓오브커피,갓오브커피,,,,,,,,
843,공산동 나인카페,나인카페,,,,,,,,
844,신암2동 빙수제이,빙수제이 경북대점,,,,,,,,
845,신암2동 빽다방 경북대정문점,빽다방 경북대정문점,,,,,,,,
846,신암2동 카페봄봄 대구 신암점,카페봄봄 신암점,,,,,,,,
847,대현동 시아,시아,,,,,,,,
848,안심4동 진저트,진저트,,,,,,,,
849,안심4동 윌크,윌크,,,,,,,,
850,안심4동 카페2022,2022커피앤디저트,,,,,,,,
851,안심4동 카페온오프 동구점,카페온오프 동구점,,,,,,,,
852,안심4동 투썸플레이스 대구신서이노밸리점,투썸플레이스 대구신서이노밸리점,,,,,,,,
853,혁신동 탑리터 혁신점,탑리터 혁신점,,,,,,,,
854,혁신동 이디야커피 대구이노밸리점,이디야커피 대구이노밸리점,,,,,,,,
855,혁신동 마시그래이 혁신새론점,마시그래이 혁신새론점,,,,,,,,
856,혁신동 옥산로스터리,옥산로스터리,,,,,,,,
857,도평동 노티스818카페,노티스818,,,,,,,,
858,도평동 달콤커피 대구국제공항점,달콤커피 대구국제공항점,,,,,,,,
859,동촌동 마실커피 아양기찻길점,마실커피 아양기찻길점,,,,,,,,
860,혁신동 오클리하우스,오클리하우스,,,,,,,,
861,혁신동 매머드익스프레스 대구신서혁신점,매머드익스프레스 대구신서혁신점,,,,,,,,
862,혁신동 테라1053,테라1053,,,,,,,,
863,혁신동 붕스프레소,붕스프레소,,,,,,,,
864,혁신동 오늘여기,오늘여기,,,,,,,,
865,혁신동 카페라우드,카페라우드,,,,,,,,
866,수성4가동 이디야커피 대구신천리버점,이디야커피 대구신천리버점,,,,,,,,
867,수성4가동 메리포핀스,메리포핀스,,,,,,,,
868,신천3동 언앨리,언앨리,,,,,,,,
869,안심3동 블링스톤커피 앤 베이커리,블링스톤커피 앤 베이커리,,,,,,,,
870,안심3동 공차 대구각산역점,공차 대구각산역점,,,,,,,,
871,안심3동 반야월연꽃마을 협동조합,반야월연꽃마을협동조합,,,,,,,,
872,봉무동 블랑카페,주주블랑,,,,,,,,
873,봉무동 카페단산길19,카페단산길 19,,,,,,,,
874,불로동 할리스 대구봉무공원점,할리스 대구봉무공원점,,,,,,,,
875,신암2동 달담커피,달담커피 신암점,,,,,,,,
876,안심3동 카페 누,카페누 대구혁신도시점,,,,,,,,
877,혁신동 그란데커피(Grande Coffee),그란데커피,,,,,,,,
878,신천4동 공차 대구현대시티아울렛점,공차 대구현대시티아울렛점,,,,,,,,
879,신천3동 정담디,정담디,,,,,,,,
880,신암3동 헬로스위트,헬로스위트,,,,,,,,
881,신암3동 할리스 동대구역사점,할리스 KTX동대구역사점,,,,,,,,
882,신암3동 하와이코나사자커피,하와이코나사자커피,,,,,,,,
883,신암4동 카페봄봄 파티마점,카페봄봄 파티마점,,,,,,,,
884,신암4동 에브리커피 동대구파티마점,에브리커피 동대구파티마점,,,,,,,,
885,신암4동 몬스터커피 신암점,몬스터커피 신암점,,,,,,,,
886,효목2동 폴바셋 대구신세계백화점2호점,폴바셋 신세계백화점 대구 2호점(별관 6F),,,,,,,,
887,신천4동 시나본 신세계백화점 대구점,시나본 신세계백화점대구점,,,,,,,,
888,신천4동 폴바셋 대구신세계백화점1호점,폴바셋 신세계백화점 대구 1호점(본관B1),,,,,,,,
889,신암4동 투썸플레이스 동대구환승터미널점,투썸플레이스 동대구환승터미널점,,,,,,,,
890,신천4동 할리스 동대구환승센터점,할리스 동대구환승센터점,,,,,,,,
891,신천4동 프랭크프랭크커피,프랭크,,,,,,,,
892,신천4동 공차 신세계대구점,공차 신세계백화점대구점,,,,,,,,
893,신천4동 하프커피 대구점,하프커피 대구,,,,,,,,
894,신천4동 청솔로9 동대구역점,청솔로9 동대구역점,,,,,,,,
895,신암3동 인문공학 동대구,인문공학,,,,,,,,
896,신천4동 팍스카페재즈,팍스카페재즈,,,,,,,,
897,신암3동 아눅,아눅,,,,,,,,
898,신천4동 리틀이탈리아 신세계점,리틀이탈리아 신세계점,,,,,,,,
899,신천2동 시월보름,시월보름,,,,,,,,
900,신천3동 모닉23,모닉23,,,,,,,,
901,신천3동 무인다방 신천더샵센터시티점,무인다방 신천더샵센터시티점,,,,,,,,
902,신천3동 카페플라모,카페플라모,,,,,,,,
903,신천4동 레프트뱅크,레프트뱅크,,,,,,,,
904,신천4동 컴포즈커피 대구신천점,컴포즈커피 대구신천점,,,,,,,,
905,신천4동 엘리스커피,엘리스,,,,,,,,
906,신천4동 하삼동커피 동대구점,하삼동커피 동대구점,,,,,,,,
907,신천4동 엔제리너스 동대구터미널점,엔제리너스 동대구터미널점,,,,,,,,
908,신암4동 투썸플레이스 동대구점,투썸플레이스 동대구점,,,,,,,,
909,신천3동 카페봄봄 동대구역점,카페봄봄 동대구역점,,,,,,,,
910,신천4동 도우맨도넛,도우맨도넛,,,,,,,,
911,신천3동 마시그래이 신천점,마시그래이 신천점,,,,,,,,
912,신천4동 커피데이,커피데이,,,,,,,,
913,신천4동 더리터 동대구점,더리터 동대구점,,,,,,,,
914,신천3동 두낫디스터브 동대구점,두낫디스터브 동대구점,,,,,,,,
915,신천4동 모해커피,모해커피,,,,,,,,
916,신천4동 카페유어프레즌트 동대구점,카페유어프레즌트 동대구점,,,,,,,,
917,신암4동 애리스커피스탠드,애리스커피스탠드,,,,,,,,
918,신천4동 프로마쥬,프로마쥬,,,,,,,,
919,신천4동 이디피샵,이디피샵,,,,,,,,
920,신천4동 오프레코드,오프레코드,,,,,,,,
921,신천4동 디저트랩코코,디저트랩 코코,,,,,,,,
922,복현2동 투썸플레이스 대구동북로점,투썸플레이스 동북로점,,,,,,,,
923,동촌동 플랜,플랜 동촌점,,,,,,,,
924,동촌동 드롭탑 동촌홈플러스점,드롭탑 동촌홈플러스점,,,,,,,,
925,해안동 벌크커피 방촌점,벌크커피 방촌점,,,,,,,,
926,해안동 카페봄봄 대구 방촌점,봄봄 방촌점,,,,,,,,
927,해안동 메가MGC커피 대구방촌점,메가MGC커피 대구방촌점,,,,,,,,
928,방촌동 키아베,키아베,,,,,,,,
929,지저동 커피에반하다 대구입석점,커피에반하다 대구입석점,,,,,,,,
930,동촌동 또르또르,또르또르,,,,,,,,
931,동촌동 마더커피,마더커피,,,,,,,,
932,지저동 파센드,파센드,,,,,,,,
933,방촌동 몬스터커피 방촌점,몬스터 커피 방촌점,,,,,,,,
934,방촌동 꽃길다방,꽃길다방,,,,,,,,
935,해안동 더리터 대구방촌점,더리터 방촌점,,,,,,,,
936,해안동 쏠레이,쏠레이,,,,,,,,
937,방촌동 카페오렌지,카페오렌지,,,,,,,,
938,해안동 데이지,데이지,,,,,,,,
939,해안동 카페혜화,카페혜화,,,,,,,,
940,해안동 레헴커피,레헴커피,,,,,,,,
941,안심3동 상큼한남자들,상큼한남자들,,,,,,,,
942,안심3동 모아나테이블,모아나테이블,,,,,,,,
943,안심3동 팔공티 대구각산역점,팔공티 각산역점,,,,,,,,
944,안심3동 마시그래이 동호점,마시그래이 동호점,,,,,,,,
945,안심3동 얌디저트,yum dessert,,,,,,,,
946,안심3동 커피르플랑,커피르플랑,,,,,,,,
947,안심3동 리터킹 각산점,리터킹 율하각산점,,,,,,,,
948,안심3동 소담소담,소담소담,,,,,,,,
949,안심3동 카페디아몽,카페디아몽,,,,,,,,
950,안심3동 니꾸키,니꾸키 안심점,,,,,,,,
951,안심3동 투탐,투탐,,,,,,,,
952,안심3동 치타커피 안심점,치타커피 안심점,,,,,,,,
953,공산동 카페봄봄 지묘점,카페봄봄 지묘점,,,,,,,,
954,공산동 하삼동커피 연경점,하삼동커피 연경점,,,,,,,,
955,공산동 카페레드하임,카페레드하임,,,,,,,,
956,공산동 커피에반하다 대구연경점,커피에반하다 대구연경점,,,,,,,,
957,공산동 더벤티 대구연경점,더벤티 대구연경점,,,,,,,,
958,방촌동 래커,레커커피,,,,,,,,
959,방촌동 일루아,ILLUA,,,,,,,,
960,혁신동 카페게이트 대구혁신점,카페게이트 대구혁신점,,,,,,,,
961,혁신동 더리터 대구혁신점,더리터 대구혁신점,,,,,,,,
962,혁신동 카페봄봄 대림점,카페봄봄 대림점,,,,,,,,
963,혁신동 아틀리에빈 혁신대림점,아틀리에빈 혁신대림점,,,,,,,,
964,혁신동 컴포즈커피 대구혁신점,컴포즈커피 대구혁신점,,,,,,,,
965,안심3동 졸리홀리데이,졸리홀리데이,,,,,,,,
966,안심3동 아틀리에빈 신서점,아틀리에빈 신서점,,,,,,,,
967,안심3동 이디야커피 대구반야월점,이디야커피 대구반야월점,,,,,,,,
968,안심2동 유연제과,유연제과,,,,,,,,
969,안심2동 죠이아커피,죠이아커피,,,,,,,,
970,안심2동 종종,종종 비건쿠키,,,,,,,,
971,안심4동 커피베이 대구각산점,커피베이 대구각산점,,,,,,,,
972,안심4동 몰타 반야월점,몰타 반야월점,,,,,,,,
973,안심4동 카페인중독 대구각산점,카페인중독 대구각산점,,,,,,,,
974,복현2동 살롱드루루,살롱드루루,,,,,,,,
975,방촌동 커피왕 방촌점,커피왕 방촌점,,,,,,,,
976,해안동 보스턴커피,보스턴커피,,,,,,,,
977,동촌동 나나베키,나나베키 비건베이커리카페,,,,,,,,
978,방촌동 필림,카페필림,,,,,,,,
979,방촌동 꿈을담다,꿈을 담다,,,,,,,,
980,해안동 까페놀,까페 놀,,,,,,,,
981,공산동 소풍커피,소풍 COFFEE,,,,,,,,
982,공산동 비발트커피,비발트커피,,,,,,,,
983,공산동 투썸플레이스 대구팔공순환로점,투썸플레이스 대구팔공순환로점,,,,,,,,
984,공산동 홍차가게안단테,홍차가게 안단테,,,,,,,,
985,공산동 마음이온다,마음이온다,,,,,,,,
986,신천1동 카페루앤비 대구신천역점,카페루앤비 대구신천역점,,,,,,,,
987,신천2동 이디야커피 대구신천역점,이디야커피 신천역점,,,,,,,,
988,신천3동 동그리당,동그리당,,,,,,,,
989,신천3동 청솔로9 신천센트럴자이점,청솔로9 신천센트럴시티자이점,,,,,,,,
990,신천3동 카페나무그루,카페나무그루,,,,,,,,
991,신암2동 컴포즈커피 이안동대구점,컴포즈커피 이안동대구점,,,,,,,,
992,신천2동 아리에떼,아리에떼,,,,,,,,
993,신천3동 캐너커피스탠드 본점,캐너커피스탠드,,,,,,,,
994,혁신동 예니가,Yeni ga,,,,,,,,
995,안심3동 스윕,스윕,,,,,,,,
996,안심3동 몬스터커피,몬스터커피,,,,,,,,
997,대현동 마시그래이 신암점,마시그래이 신암점,,,,,,,,
998,신암5동 그레이스카페,그레이스카페,,,,,,,,
999,신암3동 탭플레이커피대구신암점,탭플레이커피 대구신암점,,,,,,,,
1000,신천3동 더리터 신암점,더리터 신암점,,,,,,,,
1001,신천3동 다닐살롱,다닐살롱,,,,,,,,
1002,신암5동 앤커피,앤커피,,,,,,,,
1003,지저동 렌토,렌토,,,,,,,,
1004,신암1동 트리 굿커피 공고네거리점,트리굿커피 공고네거리점,,,,,,,,
1005,신암1동 카페보스 신암점,카페보스 신암점,,,,,,,,
1006,신암1동 타임투 포커스 TIME TO FOCUS,타임투포커스,,,,,,,,
1007,안심2동 슬로우벗베럴,슬로우벗베럴,,,,,,,,
1008,방촌동 솔트,솔트,,,,,,,,
1009,효목1동 커피타임,커피타임,,,,,,,,
1010,신암1동 텐퍼센트커피 대구신암점,텐퍼센트커피 대구신암점,,,,,,,,
1011,지저동 더벤티 대구동구청점,더벤티 대구동구청점,,,,,,,,
1012,효목1동 스타빈,스타빈카페,,,,,,,,
1013,효목2동 어글리,어글리,,,,,,,,
1014,지저동 더드림커피 아양교역점,더드림커피 아양교역점,,,,,,,,
1015,지저동 까르팡,카페 까르팡,,,,,,,,
1016,신암5동 커피콩,커피콩,,,,,,,,
1017,신암1동 이디야커피 동대구우방유쉘점,이디야 동대구우방유쉘점,,,,,,,,
1018,동촌동 까리노커피,까리노커피,,,,,,,,
1019,지저동 에녹&고섶,에녹커피,,,,,,,,
1020,신암2동 투썸플레이스 대구신암점,투썸플레이스 신암점,,,,,,,,
1021,신암1동 투데이로스팅커피 신암점,투데이로스팅커피 신암점,,,,,,,,
1022,신암4동 세라젬웰카페 대구신암직영점,세라젬 웰카페 대구신암직영점,,,,,,,,
1023,신암1동 파스쿠찌 대구신암점,파스쿠찌 대구 신암점,,,,,,,,
1024,신암3동 더스키브라운,더스키브라운,,,,,,,,
1025,신암5동 코스모스커피,코스모스커피,,,,,,,,
1026,지저동 카페봄봄 대구 동구청점,카페봄봄 동구청점,,,,,,,,
1027,지저동 마실커피 동구청점,마실커피 동구청점,,,,,,,,
1028,신암4동 설빙 대구동구청점,설빙 대구동구청점,,,,,,,,
1029,신암4동 차밍쌀디저트,차밍 쌀디저트,,,,,,,,
1030,신암4동 매스커피 동구청점,매스커피 동구청점,,,,,,,,
1031,지저동 구공카페,구공카페,,,,,,,,
1032,지저동 미스터아메리카노,미스터아메리카노,,,,,,,,
1033,신암5동 더리터 대구아양점,더리터 대구아양점,,,,,,,,
1034,신암5동 하옥,카페 하옥,,,,,,,,
1035,동촌동 유니크플레이스,유니크플레이스,,,,,,,,
1036,신암2동 핑크크로플,핑크크로플,,,,,,,,
1037,신암3동 믹쓰커피 신암점,믹쓰커피신암점,,,,,,,,
1038,안심3동 투썸플레이스 대구반야월역점,투썸플레이스 반야월역점,,,,,,,,
1039,안심3동 카페봄봄 안심점,카페봄봄 안심점,,,,,,,,
1040,안심3동 팔공티 이마트반야월점,팔공티 이마트반야월점,,,,,,,,
1041,안심2동 카페본나 롯데아울렛 대구율하점,카페본나 롯데아울렛 대구율하점,,,,,,,,
1042,안심2동 엔제리너스 롯데시네대구율하점,엔제리너스 롯데시네대구율하점,,,,,,,,
1043,안심1동 삼더크 율하점,삼더크 율하점,,,,,,,,
1044,안심2동 마실커피 율하점,마실커피 율하점,,,,,,,,
1045,안심1동 팔공티 대구율하점,팔공티 대구율하점,,,,,,,,
1046,안심1동 텐퍼센트커피 대구율하점,텐퍼센트커피 대구율하점,,,,,,,,
1047,안심1동 카페봄봄 율하점,카페봄봄 율하점,,,,,,,,
1048,안심1동 컴포즈커피 대구율하점,컴포즈커피 대구율하점,,,,,,,,
1049,안심1동 칼디,생과일 찹쌀모찌와 칼디,,,,,,,,
1050,안심1동 더벤티 대구율하광장점,더벤티 대구율하광장점,,,,,,,,
1051,안심1동 요거트월드 율하점,요거트월드 율하점,,,,,,,,
1052,안심4동 카페블레스,카페블레스,,,,,,,,
1053,안심4동 커피스미스 각산이마트점,커피스미스 동대구점,,,,,,,,
1054,공산동 블랙쉽커피(Black sheep coffee),블랙쉽커피,,,,,,,,
1055,공산동 다반트,다반트,,,,,,,,
1056,공산동 앤지스앤틱갤러리,앤지스앤틱갤러리,,,,,,,,
1057,안심1동 카페올리브,카페올리브,,,,,,,,
1058,안심1동 위치어데이,위치어데이,,,,,,,,
1059,안심1동 라이노커피,라이노커피,,,,,,,,
1060,안심1동 에클레시아,에클레시아,,,,,,,,
1061,안심2동 이디야커피 대구율하세영점,이디야커피 대구율하세영점,,,,,,,,
1062,안심2동 더블유커피,더블유커피,,,,,,,,
1063,안심4동 카페달달 신서점,카페달달 율하점,,,,,,,,
1064,안심1동 모고우,모고우,,,,,,,,
1065,안심1동 타이거살롱,타이거살롱,,,,,,,,
1066,안심1동 카페더라,카페더라,,,,,,,,
1067,안심2동 정운다방,정운다방,,,,,,,,
1068,안심1동 썸커피,썸커피,,,,,,,,
1069,안심2동 카페충분,카페 충분,,,,,,,,
1070,안심2동 바리스타비 율하점,바리스타비 캠토토스트 율하점,,,,,,,,
1071,안심2동 시즌카페,시즌카페,,,,,,,,
1072,안심1동 카페우물,카페우물,,,,,,,,
1073,안심4동 더리터 대구신기점,더리터 대구신기점,,,,,,,,
1074,안심2동 커피왕 반야월점,커피왕 반야월점,,,,,,,,
1075,안심1동 보르딘 대구율하점,보르딘 율하점,,,,,,,,
1076,안심1동 더리터 대구율하롯데점,더리터 대구율하롯데점,,,,,,,,
1077,안심2동 읍천리382 대구율하점,읍천리382 율하점,,,,,,,,
1078,안심2동 카페캔버스 율하점,카페캔버스 율하점,,,,,,,,
1079,안심2동 카페설렘 율하점,설렘카페 율하점,,,,,,,,
1080,안심2동 이디야커피 대구율하동점,이디야커피 대구율하동점,,,,,,,,
1081,안심1동 카페찐,카페찐,,,,,,,,
1082,안심1동 1리터커피다스 율하점,1리터커피 다스율하점,,,,,,,,
1083,안심2동 일인칭,일인칭,,,,,,,,
1084,안심4동 덴스크,덴스크 대구혁신도시점,,,,,,,,
1085,혁신동 공차 대구혁신도시점,공차 대구혁신도시점,,,,,,,,
1086,혁신동 파스쿠찌 대구신서혁신도시점,파스쿠찌 대구신서혁신도시점,,,,,,,,
1087,혁신동 쉐리체리,쉐리체리,,,,,,,,
1088,혁신동 매스커피 각산혁신점,매스커피 각산혁신점,,,,,,,,
1089,혁신동 라비앙로즈,라비앙로즈,,,,,,,,
1090,혁신동 쏠커피,쏠커피,,,,,,,,
1091,혁신동 마시그래이 신서혁신도시점,마시그래이 신서혁신도시점,,,,,,,,
1092,혁신동 더벤티 대구신서혁신도시점,더벤티 대구신서혁신도시점,,,,,,,,
1093,혁신동 스위트무드,스위트무드,,,,,,,,
1094,혁신동 카페 테이스티니(Cafe Tastiny),Cafe Tastiny,,,,,,,,
1095,혁신동 두스마일,두스마일,,,,,,,,
1096,혁신동 감성커피 대구혁신도시점,감성커피 대구혁신도시점,,,,,,,,
1097,혁신동 수앤청,수앤청,,,,,,,,
1098,안심3동 히든비카페,히든비 카페,,,,,,,,
1099,혁신동 트롤리케이크,트롤리케이크,,,,,,,,
1100,혁신동 카페소스페소,카페 소스페소,,,,,,,,
1101,신천3동 소공녀,카페 소공녀,,,,,,,,
1102,신암3동 카페블랑쉐,카페 블랑쉐,,,,,,,,
1103,혁신동 델리브,델리브,,,,,,,,
1104,혁신동 티라레미수 대구혁신도시점,티라레미수 대구혁신도시점,,,,,,,,
1105,혁신동 매스커피 신서혁신점,매스커피 신서혁신점,,,,,,,,
1106,혁신동 청담커피 신서점,청담커피 신서점,,,,,,,,
1107,혁신동 빽다방 대구혁신1호점,빽다방 대구혁신1호점,,,,,,,,
1108,혁신동 회선,회선,,,,,,,,
1109,혁신동 카페큐브,카페큐브,,,,,,,,
1110,혁신동 감프커피 대구혁신점,감프커피 대구혁신점,,,,,,,,
1111,혁신동 미스터브리즈커피 대구혁신도시점,미스터브리즈커피 대구혁신도시점,,,,,,,,
1112,공산동 고바슨 르블랑점,고바슨커피 르블랑점,,,,,,,,
1113,공산동 딥오리진,딥오리진,,,,,,,,
1114,공산동 메종로즈,메종로즈,,,,,,,,
1115,공산동 헤이마포인트,헤이마포인트,,,,,,,,
1116,공산동 십분의칠,십분의칠,,,,,,,,
1117,공산동 하이브,하이브,,,,,,,,
1118,공산동 커피명가휴,커피명가 휴,,,,,,,,
1119,공산동 나무906,나무906,,,,,,,,
1120,공산동 베르겐 에스프레소바,베르겐 에스프레소바,,,,,,,,
1121,공산동 산과사람,카페 산과사람,,,,,,,,
1122,검단동 커피왕 불로점,커피왕 불로점,,,,,,,,
1123,도평동 요거프레소 대구불로점,요거프레소 불로점,,,,,,,,
1124,공산동 블루마운틴카페,블루마운틴,,,,,,,,
1125,불로동 곰스크,곰스크,,,,,,,,
1126,봉무동 나이스커피,나이스커피,,,,,,,,
1127,도평동 빽다방 대구봉무공원점,빽다방 대구봉무공원점,,,,,,,,
1128,도평동 이디야커피 대구이시아폴리스점,이디야커피 대구이시아폴리스점,,,,,,,,
1129,봉무동 얌디,얌디,,,,,,,,
1130,공산동 아미타,아미타,,,,,,,,
1131,공산동 커피팩토리,커피팩토리,,,,,,,,
1132,공산동 카페포스,카페포스,,,,,,,,
1133,도평동 슬로우,슬로우,,,,,,,,
1134,검단동 빽다방 대구불로동점,빽다방 대구불로동점,,,,,,,,
1135,불로동 리틀커피,리틀커피,,,,,,,,
1136,불로동 커피와만남,커피와만남,,,,,,,,
1137,검단동 카페라온,카페 라온,,,,,,,,
1138,도평동 공대생카페 불로봉무점,공대생카페 불로봉무점,,,,,,,,
1139,봉무동 딥딥딥,딥딥딥,,,,,,,,
1140,도평동 생츄어리,생츄어리,,,,,,,,
1141,봉무동 아이엠커피 불로점,아이엠커피 불로점,,,,,,,,
1142,불로동 공차 롯데아울렛이시아폴리스점,공차 롯데아울렛 이시아폴리스점,,,,,,,,
1143,도평동 커피명가 이시아폴리스점,커피명가 이시아폴리스점,,,,,,,,
1144,불로동 왓쿡왓커피 대구이시아점,왓쿡왓커피 대구이시아점,,,,,,,,
1145,불로동 드롭탑 대구메가맥스타워점,드롭탑 대구메가맥스타워점,,,,,,,,
1146,도평동 파스쿠찌 대구봉무공원점,파스쿠찌 대구봉무공원점,,,,,,,,
1147,불로동 투썸플레이스 대구이시아점,투썸플레이스 대구이시아점,,,,,,,,
1148,검단동 설빙 이시아폴리스점,설빙 대구이시아폴리스점,,,,,,,,
1149,봉무동 팔공티 이시아폴리스점,팔공티 이시아폴리스점,,,,,,,,
1150,불로동 더리터 이시아폴리스점,더리터 이시아폴리스점,,,,,,,,
1151,봉무동 몰타 이시아점,몰타 이시아점,,,,,,,,
1152,검단동 공차 이시아폴리스점,공차 이시아폴리스점,,,,,,,,
1153,봉무동 읍천리382 대구이시아폴리스점,읍천리382이시아폴리스점,,,,,,,,
1154,봉무동 텐퍼센트커피 대구이시아폴리스점,텐퍼센트커피 대구이시아폴리스점,,,,,,,,
1155,봉무동 카펠리체 이시아폴리스점,카펠리체이시아폴리스점,,,,,,,,
1156,불로동 더벤티 대구이시아폴리스점,더벤티 대구이시아폴리스점,,,,,,,,
1157,검단동 더치앤빈 대구이시아폴리스점,더치앤빈 대구이시아폴리스점,,,,,,,,
1158,봉무동 스펠 이시아,스펠 이시아,,,,,,,,
1159,봉무동 디다카페,디다카페,,,,,,,,
1160,불로동 몬스터커피 이시아폴리스점,몬스터커피 이시아폴리스점,,,,,,,,
1161,검단동 에쏘라인 이시아폴리스점,에쏘라인 이시아폴리스점,,,,,,,,
1162,불로동 컴포즈커피 대구이시아폴리스점,컴포즈커피 대구이시아폴리스점,,,,,,,,
1163,봉무동 카페이숍,카페이숍,,,,,,,,
1164,불로동 열매달,열매달,,,,,,,,
1165,봉무동 미진,미진,,,,,,,,
1166,봉무동 카페탄,카페 탄,,,,,,,,
1167,공산동 더벤티 대구지묘점,더벤티 대구지묘점,,,,,,,,
1168,공산동 째미핑거,째미핑거,,,,,,,,
1169,공산동 로스팅랩,로스팅 랩,,,,,,,,
1170,공산동 비팩토리,비팩토리,,,,,,,,
1171,공산동 올라오니,올라오니,,,,,,,,
1172,공산동 커피앤스토리,커피 앤 스토리,,,,,,,,
1173,신암1동 HEJHEJ,HEJ HEJ,,,,,,,,
1174,신암5동 마시그래이 공항점,마시그래이 공항점,,,,,,,,
1175,신암5동 더리터 대구공항점,더리터 대구공항점,,,,,,,,
1176,안심4동 마고플레인비스타,마고플레인비스타,,,,,,,,
1177,효목2동 테로부,테로부,,,,,,,,
1178,신천4동 다즐링,다즐링,,,,,,,,
1179,해안동 빽다방 대구방촌상명점,빽다방 대구방촌상명점,,,,,,,,
1180,해안동 카페하누,카페하누,,,,,,,,
1181,신천4동 리카페이,리카페이,,,,,,,,
1182,효목2동 아이엠에이투지,아이엠 에이투지,,,,,,,,
1183,효목1동 카페봄봄 효목점,카페봄봄 효목점,,,,,,,,
1184,효목1동 앨리커피,앨리커피,,,,,,,,
1185,방촌동 카페클라우드,카페클라우드,,,,,,,,
1186,방촌동 에녹커피 강촌점,에녹커피 강촌점,,,,,,,,
1187,방촌동 감성커피 대구방촌점,감성커피 대구방촌점,,,,,,,,
1188,해안동 마시그래이 강촌점,마시그래이 강촌점,,,,,,,,
1189,해안동 갸또빌라쥬,갸또빌라쥬,,,,,,,,
1190,방촌동 로라롱하우스,로라롱하우스,,,,,,,,
1191,해안동 아웃스탠딩커피 혜진점,아웃스탠딩커피 혜진점,,,,,,,,
1192,해안동 스위트주아르,스위트주아르,,,,,,,,
1193,해안동 밀크브라운스탠드,밀크브라운스탠드,,,,,,,,
1194,효목1동 오엔오,오엔오,,,,,,,,
1195,동촌동 더아양,더아양,,,,,,,,
1196,방촌동 파스쿠찌 동촌유원지점,파스쿠찌 동촌유원지점,,,,,,,,
1197,동촌동 설빙 대구동촌유원지점,설빙 대구동촌유원지점,,,,,,,,
1198,효목1동 짝라이브,짝 라이브,,,,,,,,
1199,효목1동 라이브카페비틀즈,비틀즈라이브카페,,,,,,,,
1200,방촌동 커피스미스 대구동촌유원지점,커피스미스 동촌유원지점,,,,,,,,
1201,동촌동 파라볼레 동촌유원지점,에스프레소바 파라볼레 카페 대구동촌유원지점,,,,,,,,
1202,효목2동 투썸플레이스 대구동촌유원지점,투썸플레이스 대구동촌유원지점,,,,,,,,
1203,효목2동 핸즈커피 동촌유원지점,핸즈커피 동촌유원지점,,,,,,,,
1204,동촌동 이디야커피 대구동촌유원지점,이디야커피 동촌유원지점,,,,,,,,
1205,동촌동 드롭탑 동촌유원지점,드롭탑 동촌유원지점,,,,,,,,
1206,효목1동 카페단아,카페 단아,,,,,,,,
1207,효목2동 블루샥효목,블루샥 대구 효목점,,,,,,,,
1208,효목2동 카페나눔,담소나눔카페 커피앤디저트,,,,,,,,
1209,효목1동 빽다방 대구효목점,빽다방 대구효목점,,,,,,,,
1210,효목2동 오쏘커피,오쏘커피,,,,,,,,
1211,효목1동 릴리하우스,릴리하우스,,,,,,,,
1212,효목2동 커피컵팟,커피컵팟,,,,,,,,
1213,신천4동 만랩커피 대구신천점,만랩커피 대구신천점,,,,,,,,
1214,신암4동 백금당 2호점,백금당 카페2호점,,,,,,,,
1215,신암5동 오세요 카페테리아,오세요 카페테리아,,,,,,,,
1216,검단동 카페나우 북구청소년회관점,카페나우 북구청소년회관점,,,,,,,,
1217,대현동 만복당,만복당,,,,,,,,
1218,신암1동 H커피,H COFFEE,,,,,,,,
1219,신암1동 멜라이드 경대점,멜라이드 경대점,,,,,,,,
1220,신암1동 목로카페,목로카페,,,,,,,,
1221,복현2동 블라인드멜론 테크노점,블라인드멜론 테크노점,,,,,,,,
1222,복현1동 줌줌,줌줌,,,,,,,,
1223,대현동 제리집,제리집,,,,,,,,
1224,신암1동 칼디커피,칼디커피익스프레스,,,,,,,,
1225,대현동 라이카브루어스,라이카브루어스,,,,,,,,
1226,복현2동 플레이스23,플레이스23,,,,,,,,
1227,복현2동 라임커피,라임커피,,,,,,,,
1228,복현2동 텐퍼센트커피 대구복현블랙스톤점,텐퍼센트커피 대구복현블랙스톤점,,,,,,,,
1229,비산3동 민월재,민월재,,,,,,,,
1230,고성동 마시그래이 대구FC점,마시그래이 대구FC점,,,,,,,,
1231,도원동 카페818,CAFE818,,,,,,,,
1232,고성동 빠삐용,빠삐용 고성점,,,,,,,,
1233,고성동 예투카페,카페예투,,,,,,,,
1234,비산3동 크래프터갸또,크래프터 갸또,,,,,,,,
1235,도원동 운터커피,운터커피,,,,,,,,
1236,고성동 봉스커피,봉스커피,,,,,,,,
1237,침산1동 이디야커피 고성점,이디아커피 고성점,,,,,,,,
1238,침산1동 비아에스프레소클럽,비아에스프레소클럽,,,,,,,,
1239,고성동 올드캐슬,oldcastle,,,,,,,,
1240,고성동 요거잇,요거잇,,,,,,,,
1241,도원동 빌리웍스,빌리웍스,,,,,,,,
1242,복현1동 이디야커피 대구복현오거리점,이디야 대구복현오거리점,,,,,,,,
1243,읍내동 라이프빈,라이프빈,,,,,,,,
1244,읍내동 헤세드,헤세드,,,,,,,,
1245,관음동 정카페,정카페,,,,,,,,
1246,관음동 커피산책,커피산책,,,,,,,,
1247,국우동 화이트폭스(WHITEFOX),화이트폭스,,,,,,,,
1248,읍내동 비스킷워크숍,비스킷워크숍,,,,,,,,
1249,국우동 이프로더치커피,이프로더치커피,,,,,,,,
1250,국우동 옴브레(ombre),카페옴브레,,,,,,,,
1251,동천동 카페봄봄 운암역점,카페 봄봄 칠곡운암역점,,,,,,,,
1252,동천동 더벤티 칠곡운암역점,더벤티 칠곡운암역점,,,,,,,,
1253,구암동 갤러리커피,갤러리커피,,,,,,,,
1254,구암동 카페포인트,카페포인트,,,,,,,,
1255,읍내동 더착한커피 칠곡점,더착한커피 칠곡점,,,,,,,,
1256,읍내동 카페인헤븐,카페인헤븐,,,,,,,,
1257,읍내동 커피숲,커피숲,,,,,,,,
1258,태전2동 김군커피,김군커피,,,,,,,,
1259,태전2동 카페티그레,카페티그레,,,,,,,,
1260,구암동 포인트커피(POINTCOFFEE),포인트커피,,,,,,,,
1261,구암동 아니스커피,아니스커피,,,,,,,,
1262,구암동 플라낭,플라낭,,,,,,,,
1263,구암동 피콜로라비타,피콜로라비타,,,,,,,,
1264,구암동 위트커피 구암점,위트커피 구암점,,,,,,,,
1265,구암동 드롭탑 대구3지구점,드롭탑 대구3지구점,,,,,,,,
1266,관문동 커피홀 대구사수점,커피홀 대구 사수점,,,,,,,,
1267,관문동 카페이로,카페이로,,,,,,,,
1268,관문동 카페일상,카페일상,,,,,,,,
1269,관문동 나우커피 금호지구점,나우커피 금호지구점,,,,,,,,
1270,관문동 과일창고앤디저트커피,과일창고앤디저트커피,,,,,,,,
1271,관문동 커피쿡 대구사수점,커피쿡 사수점,,,,,,,,
1272,관문동 더리터 대구사수점,더리터 대구사수점,,,,,,,,
1273,산격4동 카페지뉴,카페지뉴,,,,,,,,
1274,산격1동 제스처커피,제스처커피,,,,,,,,
1275,산격4동 소리카페,소리카페,,,,,,,,
1276,산격1동 골목서재,골목서재,,,,,,,,
1277,복현1동 옐랑옐랑,옐랑옐랑,,,,,,,,
1278,산격3동 츄러스1500 경대북문점,츄러스1500 경대북문점,,,,,,,,
1279,복현1동 커피장인 경대북문점,커피장인경대북문점,,,,,,,,
1280,산격3동 봉명동내커피 대구경북대점,봉명동내커피 경북대점,,,,,,,,
1281,산격3동 카페달달 경북대점,카페달달 경북대점,,,,,,,,
1282,산격2동 프라이스커피,프라이스커피,,,,,,,,
1283,산격2동 롤리데이,롤리데이,,,,,,,,
1284,산격2동 커피를심다&포장마차,커피를심다&포장마차,,,,,,,,
1285,산격2동 더블유컬렉션 산격점,W collection 산격점,,,,,,,,
1286,동천동 벌크커피 칠곡점,벌크커피 칠곡점,,,,,,,,
1287,관음동 쉴만한물가,쉴만한물가,,,,,,,,
1288,동천동 미미당,미미당,,,,,,,,
1289,동천동 우유담따,우유담따,,,,,,,,
1290,동천동 하삼동커피 대구 동천점,하삼동커피 대구동천점,,,,,,,,
1291,동천동 커피베이 대구칠곡점,커피베이 대구칠곡점,,,,,,,,
1292,동천동 라심,La sim,,,,,,,,
1293,동천동 카페 꽃이피다 동천점,꽃이피다 동천점,,,,,,,,
1294,동천동 카페보스 동천점,카페보스 동천점,,,,,,,,
1295,동천동 몬스터커피 동천점,몬스터커피 동천점,,,,,,,,
1296,읍내동 보네스트커피,보네스트커피,,,,,,,,
1297,읍내동 온디맨드,온디맨드,,,,,,,,
1298,읍내동 장미카페 칠곡점,장미카페 칠곡점,,,,,,,,
1299,산격3동 초이크,초이크,,,,,,,,
1300,복현1동 루트커피,루트커피,,,,,,,,
1301,복현1동 블라인드멜론 북문점,블라인드멜론 북문점,,,,,,,,
1302,복현1동 반반다방,반반다방,,,,,,,,
1303,산격1동 투썸플레이스 대구경북대점,투썸플레이스 경북대점,,,,,,,,
1304,산격4동 아틀리에빈 경북대점,아틀리에빈 경북대점,,,,,,,,
1305,산격3동 공차 경북대점,공차 경북대점,,,,,,,,
1306,산격3동 썸카페,썸카페,,,,,,,,
1307,산격3동 망티커피 경북대북문점,망티커피 경북대북문점,,,,,,,,
1308,산격4동 매스커피 경북대점,매스커피 경북대점,,,,,,,,
1309,산격4동 스테디커피 경대북문점,스테디커피 경대북문점,,,,,,,,
1310,산격3동 그린그루브 경북대점,그린그루브 경북대점,,,,,,,,
1311,산격4동 코펜하겐커피,코펜하겐커피 본점,,,,,,,,
1312,산격1동 몰타,몰타,,,,,,,,
1313,산격4동 베르데,베르데,,,,,,,,
1314,산격1동 주비 두루향기롭다,주비 두루 향기롭다,,,,,,,,
1315,산격3동 마실커피 경북대점,마실커피 경북대점,,,,,,,,
1316,산격3동 아아수혈 경북대점,아아수혈 경북대점,,,,,,,,
1317,산격4동 할리스 경북대북문점,할리스 경북대북문점,,,,,,,,
1318,산격3동 플랜 대구경북대점,플랜 경북대점,,,,,,,,
1319,산격4동 이디야커피 경북대점,이디야커피 경북대점,,,,,,,,
1320,산격4동 더리터 경북대점,더리터 경북대점,,,,,,,,
1321,산격3동 요거트마마,요마 경북대점,,,,,,,,
1322,산격3동 컴포즈커피 경북대점,컴포즈커피 경북대점,,,,,,,,
1323,산격3동 실버라운지,실버라운지 경북대점,,,,,,,,
1324,산격3동 금커피별빙수 경북대점,금커피별빙수 경북대점,,,,,,,,
1325,산격3동 카페인중독 대구경북대점,카페인중독 대구경북대점,,,,,,,,
1326,산격4동 커피와빵,커피와빵 경대북문본점,,,,,,,,
1327,산격3동 트웬티(TWENTY),트웬티,,,,,,,,
1328,산격4동 커피명가 경대북문점,커피명가 경대북문점,,,,,,,,
1329,산격3동 데이데이,데이데이,,,,,,,,
1330,산격3동 설빙 대구경북대점,설빙 대구경북대점,,,,,,,,
1331,산격4동 아마스빈 경북대북문점,아마스빈 경북대북문점,,,,,,,,
1332,산격3동 어썸브루커피,어썸브루커피,,,,,,,,
1333,대현동 더리터 대구대현점,더리터 대구대현점,,,,,,,,
1334,신암2동 텐퍼센트커피 대구대현점,텐퍼센트커피 대구대현점,,,,,,,,
1335,칠성동 커피브레드,커피브레드,,,,,,,,
1336,신암2동 다옴커피,다옴coffee,,,,,,,,
1337,신암2동 안스커피,안스커피,,,,,,,,
1338,신암2동 메이플101커피,Maple101coffee,,,,,,,,
1339,신암2동 윈디커피,윈디커피,,,,,,,,
1340,대현동 어펙션,어펙션,,,,,,,,
1341,대현동 리터킹 대현점,리터킹 대현점,,,,,,,,
1342,대현동 미씽파파,Missing Papa,,,,,,,,
1343,대현동 ROUND COFFEE SQUARE,ROUND COFFEE SQUARE,,,,,,,,
1344,대현동 키아누,카페 키아누,,,,,,,,
1345,신암1동 더쪽,더쪽 까페,,,,,,,,
1346,신암1동 커피셀러 경대정문점,커피셀러 경대정문점,,,,,,,,
1347,대현동 커피음65,커피음65,,,,,,,,
1348,신암2동 메가MGC커피 대구대현점,메가MGC커피 대구대현점,,,,,,,,
1349,대현동 카페비탈,카페비탈,,,,,,,,
1350,침산2동 워킹커피,워킹커피 WALKING COFFEE,,,,,,,,
1351,침산2동 라포레,라포레,,,,,,,,
1352,국우동 핸썸커피 도남점,핸썸커피 도남점,,,,,,,,
1353,국우동 몬스터커피 도남점,몬스터커피 도남점,,,,,,,,
1354,국우동 노블리비아,노블리비아,,,,,,,,
1355,무태조야동 꽃다방,꽃다방,,,,,,,,
1356,무태조야동 카페리미,카페리미,,,,,,,,
1357,무태조야동 팔공티 동변점,팔공티 대구동변점,,,,,,,,
1358,무태조야동 에이엣디,에이엣디 동변점,,,,,,,,
1359,산격1동 투썸플레이스 북대구IC주유소DT점,투썸플레이스 북대구IC주유소DT점,,,,,,,,
1360,산격1동 달보드레,달보드레,,,,,,,,
1361,산격1동 달리는커피 대구산격1호점,달리는커피 대구산격1호점,,,,,,,,
1362,산격1동 이디야커피 대구산격동점,이디야커피 대구산격동점,,,,,,,,
1363,산격2동 마시그래이 산격대우점,마시그래이 산격대우점,,,,,,,,
1364,산격2동 위치커피 산격점,위치커피 대구산격점,,,,,,,,
1365,산격2동 커피에반하다 대구산격점,커피에반하다 대구산격점,,,,,,,,
1366,산격2동 하삼동커피 대구산격점,하삼동커피 산격점,,,,,,,,
1367,복현1동 몬스터커피 복현점,몬스터커피 복현점,,,,,,,,
1368,복현1동 디저트39 복현아이파크점,디저트39 복현아이파크점,,,,,,,,
1369,복현1동 메가MGC커피 대구복현아이파크점,메가MGC커피 대구복현아이파크점,,,,,,,,
1370,복현1동 팬카페,팬카페,,,,,,,,
1371,복현2동 바라보다커피,바라보다 커피,,,,,,,,
1372,복현2동 레몬,레몬,,,,,,,,
1373,복현2동 수야모커피,수야모 로스터리 커피,,,,,,,,
1374,복현1동 해리슨커피숍,해리슨커피,,,,,,,,
1375,복현1동 빽다방 대구복현네거리점,빽다방 대구복현네거리점,,,,,,,,
1376,복현1동 공차 대구복현점,공차 대구복현점,,,,,,,,
1377,신암5동 올리버브라운 대구복현점,올리버브라운 대구복현점,,,,,,,,
1378,산격1동 플랜어트립,플랜어트립,,,,,,,,
1379,산격2동 읍천리382 대구경북대점,읍천리382 경북대점,,,,,,,,
1380,산격1동 촌실빵실살롱드테,촌실빵실살롱드테,,,,,,,,
1381,복현2동 프라이스커피,프라이스커피,,,,,,,,
1382,신암5동 핸즈커피 복현점,핸즈커피 복현점,,,,,,,,
1383,복현2동 마시그래이 복현푸르지오점,마시그래이 복현푸르지오점,,,,,,,,
1384,동천동 더리터 칠곡메가박스점,더리터 칠곡메가박스점,,,,,,,,
1385,국우동 CoffeeNol,Coffee nol,,,,,,,,
1386,관음동 써드스페이스 커피,써드스페이스,,,,,,,,
1387,관음동 투썸플레이스 대구칠곡3지구점,투썸플레이스 대구칠곡3지구점,,,,,,,,
1388,읍내동 카페조안나 칠곡점,카페조안나 칠곡점,,,,,,,,
1389,동천동 로투스,로투스,,,,,,,,
1390,관음동 청솔로9 칠곡동천점,청솔로9 칠곡동천점,,,,,,,,
1391,읍내동 동네커피 칠곡점,동네커피 칠곡점,,,,,,,,
1392,구암동 그카페,그카페,,,,,,,,
1393,구암동 정스커피,정스커피,,,,,,,,
1394,구암동 카페0937,카페0937,,,,,,,,
1395,구암동 투포인트,투포인트,,,,,,,,
1396,구암동 디어라마,디어라마,,,,,,,,
1397,동천동 마실커피 칠곡점,마실커피 칠곡점,,,,,,,,
1398,동천동 커피베이 대구동천점,커피베이 대구동천점,,,,,,,,
1399,동천동 몬스터커피 칠곡3지구점,몬스터커피 칠곡3지구점,,,,,,,,
1400,동천동 미유버터,미유버터,,,,,,,,
1401,관음동 카페달달 칠곡점,카페달달 칠곡점,,,,,,,,
1402,관음동 감성커피 대구팔거역점,감성커피 팔거역점,,,,,,,,
1403,관음동 플랜 칠곡점,플랜 칠곡점,,,,,,,,
1404,관음동 제로디스턴스,제로디스턴스,,,,,,,,
1405,관음동 투데이로스팅커피 동천점,투데이로스팅커피 동천점,,,,,,,,
1406,구암동 아마스빈 대구칠곡점,아마스빈 대구칠곡점,,,,,,,,
1407,무태조야동 빽다방 대구연경점,빽다방 대구연경점,,,,,,,,
1408,태전2동 윤슬다,윤슬다,,,,,,,,
1409,관문동 쿠잉,쿠잉,,,,,,,,
1410,관문동 나의 계절 봄,나의 계절 봄,,,,,,,,
1411,태전2동 빌리브라운 태전하늘점,빌리브라운 태전하늘점,,,,,,,,
1412,관문동 커피스타972,커피스타972,,,,,,,,
1413,관문동 시에로,카페시에로,,,,,,,,
1414,관문동 청솔로9 매천점,청솔로9 매천점,,,,,,,,
1415,검단동 퍼즈X멜트베이커리,퍼즈X멜트베이커리,,,,,,,,
1416,복현2동 더드림커피 대구복현아너스점,더드림커피 대구복현아너스점,,,,,,,,
1417,복현2동 까페다움 복현점,카페다움 복현점,,,,,,,,
1418,복현2동 카페홀트,카페홀트,,,,,,,,
1419,복현2동 팔공티 영진전문대점,팔공티 영진전문대점,,,,,,,,
1420,신암5동 트리굿커피 영진전문대점,트리굿커피 영진전문대점,,,,,,,,
1421,검단동 영진도서관카페,영진도서관카페,,,,,,,,
1422,복현2동 모퉁이일곱번째이야기,모퉁이일곱번째이야기,,,,,,,,
1423,복현1동 베이크미요,베이크미요,,,,,,,,
1424,복현2동 라라카롱,라라카롱,,,,,,,,
1425,복현2동 루머팡 복현점,루머팡 복현점,,,,,,,,
1426,복현2동 위치커피 대구복현행복점,위치커피 대구복현행복점,,,,,,,,
1427,지저동 스테이블모먼트 반석점,스테이블모먼트 반석점,,,,,,,,
1428,산격1동 설렘 경북대점,설렘카페 경북대점,,,,,,,,
1429,산격1동 청솔로9 경북대점,청솔로9 경북대점,,,,,,,,
1430,산격4동 디저트39 대구경북대점,디저트39 대구경북대점,,,,,,,,
1431,산격3동 헬리빈커피 경대북문점,헬리빈커피 경대북문점,,,,,,,,
1432,산격4동 팔공티 경북대북문점,팔공티 경북대북문점,,,,,,,,
1433,산격4동 어썸주스,어썸주스 산격점,,,,,,,,
1434,무태조야동 보보스,보보스,,,,,,,,
1435,무태조야동 더벤티 대구동서변점,더벤티 대구동서변점,,,,,,,,
1436,무태조야동 링넛카페,링넛,,,,,,,,
1437,침산1동 할리스 대구침산점,할리스 대구침산점,,,,,,,,
1438,침산2동 그란디스,그란디스,,,,,,,,
1439,침산3동 도너츠윤 대구직영점,도너츠윤 대구직영점,,,,,,,,
1440,침산2동 티앤오,티앤오 T.N.O COFFEE,,,,,,,,
1441,침산1동 설래당,설래당,,,,,,,,
1442,산격1동 소응접실,소응접실,,,,,,,,
1443,침산1동 레스트온선데이,레스트온 선데이,,,,,,,,
1444,신암2동 카페봄봄 대현점,카페봄봄 대현점,,,,,,,,
1445,신암2동 이디야커피 대구신암로점,이디야커피 대구신암로점,,,,,,,,
1446,신암2동 머머커피,머머커피,,,,,,,,
1447,칠성동 카페엘림,카페엘림,,,,,,,,
1448,무태조야동 요거프레소 대구연경점,요거프레소 대구연경점,,,,,,,,
1449,무태조야동 더리터 연경지구점,더리터 연경지구점,,,,,,,,
1450,무태조야동 카페봄봄 연경점,카페봄봄 연경점,,,,,,,,
1451,무태조야동 탑리터 연경점,탑리터 연경점,,,,,,,,
1452,무태조야동 위트커피 연경점,위트커피 연경점,,,,,,,,
1453,무태조야동 수에르떼,수에르떼,,,,,,,,
1454,무태조야동 하삼동커피 연경중앙점,하삼동커피 연경중앙점,,,,,,,,
1455,무태조야동 만랩커피 연경지구점,만랩커피 연경지구점,,,,,,,,
1456,산격4동 로이노엘,로이노엘,,,,,,,,
1457,산격1동 마이온룸,마이온룸,,,,,,,,
1458,산격1동 언더더트리,언더더트리,,,,,,,,
1459,산격1동 시청별관북카페,시청별관 북카페,,,,,,,,
1460,침산2동 커피아나,쌍도커피 경북대점,,,,,,,,
1461,태전1동 공차 대구보건대점,공차 대구보건대점,,,,,,,,
1462,태전1동 몬스터커피 보건대점,몬스터커피 보건대점,,,,,,,,
1463,태전1동 베스트프레즐 대구칠곡직영점,베스트프레즐 칠곡직영점,,,,,,,,
1464,침산1동 투썸플레이스 대구원대오거리점,투썸플레이스 대구원대오거리점,,,,,,,,
1465,고성동 피쉬마운트커피 침산점,피쉬마운트커피_침산점,,,,,,,,
1466,고성동 로비아네,로비아네,,,,,,,,
1467,침산1동 카페나우,카페나우 북구청점,,,,,,,,
1468,칠성동 청솔로9 침산점,청솔로9 침산점,,,,,,,,
1469,침산1동 카페봄봄 북구청점,카페봄봄 북구청점,,,,,,,,
1470,고성동 파스쿠찌 대구침산점,파스쿠찌 침산점,,,,,,,,
1471,칠성동 레프트뱅크 화인탑점,레프트뱅크 침산화인탑점,,,,,,,,
1472,침산3동 올리브나무카페,올리브나무카페,,,,,,,,
1473,침산3동 엔제리너스 대구침산점,엔제리너스 대구침산점,,,,,,,,
1474,고성동 설빙 대구침산점,설빙 대구침산점,,,,,,,,
1475,침산1동 투썸플레이스 대구침산점,투썸플레이스 대구침산점,,,,,,,,
1476,침산1동 마시그래이 침산점,마시그래이 침산점,,,,,,,,
1477,노원동 크럼키,크럼키,,,,,,,,
1478,침산1동 테리커피로스터스,테리커피로스터스,,,,,,,,
1479,노원동 헬로우,헬로우,,,,,,,,
1480,침산1동 제이커피 침산점,제이커피 침산점,,,,,,,,
1481,침산1동 투썸플레이스 대구고성3가점,투썸플레이스 대구고성3가점,,,,,,,,
1482,침산1동 코헨커피,코헨커피,,,,,,,,
1483,고성동 감프커피,감프커피,,,,,,,,
1484,원대동 발루토커피,발루토 커피,,,,,,,,
1485,산격2동 올리브카페,올리브카페,,,,,,,,
1486,산격2동 위트커피,위트커피 유통단지점,,,,,,,,
1487,산격1동 이디야커피 대구텍스빌점,이디야커피 대구텍스빌점,,,,,,,,
1488,산격2동 카페인(IN),카페인,,,,,,,,
1489,검단동 투썸플레이스 대구엑스코점,투썸플레이스 대구엑스코점,,,,,,,,
1490,국우동 카페히스토리스탠드,카페히스토리스탠드,,,,,,,,
1491,침산2동 메가MGC커피 대구칠성동점,메가MGC커피 칠성동점,,,,,,,,
1492,칠성동 빽다방 대구칠성하늘채점,빽다방 대구칠성하늘채점,,,,,,,,
1493,침산2동 워크업커피,워크업 커피,,,,,,,,
1494,침산2동 플레브,플레브스트릿,,,,,,,,
1495,칠성동 하이다과점,하이다과점,,,,,,,,
1496,침산2동 더드림커피 대구침산1호점,더드림커피 대구침산1호점,,,,,,,,
1497,관문동 아이아이아이커피,아이아이아이 커피,,,,,,,,
1498,관문동 파스쿠찌 대구칠곡태전DT점,파스쿠찌 대구칠곡태전DT점,,,,,,,,
1499,태전2동 마이우디,마이우디,,,,,,,,
1500,태전1동 아마스빈 대구보건대점,아마스빈 대구보건대점,,,,,,,,
1501,태전1동 카페봄봄 보건대점,카페봄봄 보건대점,,,,,,,,
1502,태전2동 레프트뱅크,레프트뱅크 칠곡태전점,,,,,,,,
1503,태전2동 조이커피,조이커피,,,,,,,,
1504,읍내동 할로커피,할로커피,,,,,,,,
1505,읍내동 카페별자리,카페별자리,,,,,,,,
1506,관음동 카페봄봄 칠곡 읍내점,봄봄 칠곡읍내점,,,,,,,,
1507,관음동 요거트아이스크림의정석 대구칠곡점,요거트아이스크림의정석 대구칠곡점,,,,,,,,
1508,관음동 춘이네커피살롱,춘이네 커피살롱,,,,,,,,
1509,읍내동 레나,레나커피,,,,,,,,
1510,관음동 그라노데커피,그라노데커피,,,,,,,,
1511,관음동 빽다방 대구칠곡점,빽다방 대구칠곡점,,,,,,,,
1512,관음동 요거트월드 대구칠곡점,요거트월드 대구칠곡점,,,,,,,,
1513,관음동 히어앤나우,히어앤나우,,,,,,,,
1514,읍내동 달리는커피 대구읍내점,달리는커피 대구읍내점,,,,,,,,
1515,관음동 카페봄봄 강북프라임점,카페봄봄 강북프라임점,,,,,,,,
1516,관음동 탐앤탐스 대구강북마루점,탐앤탐스 강북마루점,,,,,,,,
1517,읍내동 카페씨씨,카페씨씨,,,,,,,,
1518,읍내동 카페트아르,카페 트아르,,,,,,,,
1519,태전2동 커피프렌즈(COFFEEFRIENDS),커피프렌즈,,,,,,,,
1520,관문동 청춘다방,청춘다방,,,,,,,,
1521,관문동 바루베이크샵,바루베이크샵,,,,,,,,
1522,태전2동 카페얼바인,카페 얼바인2016,,,,,,,,
1523,태전1동 데이세븐,데이세븐,,,,,,,,
1524,태전1동 모비딕,모비딕,,,,,,,,
1525,태전1동 메르시일공사,메르시일공사,,,,,,,,
1526,태전1동 메가MGC커피 대구보건대점,메가MGC커피 대구보건대점,,,,,,,,
1527,태전1동 카페코지(cafe kosie),카페코지,,,,,,,,
1528,태전1동 천씨씨커피 대구보건대점,천씨씨 대구보건대점,,,,,,,,
1529,태전1동 푸키쿠키,푸키쿠키,,,,,,,,
1530,태전1동 르샤흠,르샤흠,,,,,,,,
1531,태전1동 헬로파이,헬로파이,,,,,,,,
1532,태전1동 크로플덕오리아가씨 칠곡점,크로플덕오리아가씨 칠곡점,,,,,,,,
1533,관음동 소지숍,소지숍,,,,,,,,
1534,칠성동 반달커피 대구칠성침산점,반달커피 대구칠성침산점,,,,,,,,
1535,칠성동 바로닐,바로닐,,,,,,,,
1536,칠성동 루아커피,루아커피,,,,,,,,
1537,칠성동 마시그래이 칠성시장점,마시그래이 칠성시장점,,,,,,,,
1538,칠성동 레스트커피룸,레스트커피룸,,,,,,,,
1539,고성동 더하당,더하당,,,,,,,,
1540,칠성동 도와커피,도와커피,,,,,,,,
1541,칠성동 커피콩블랙빈,커피콩블랙빈,,,,,,,,
1542,칠성동 북두칠성,북두칠성,,,,,,,,
1543,원대동 세컨바닐라,세컨바닐라,,,,,,,,
1544,침산1동 별들의다방 대구침산점,별들의다방 대구침산점,,,,,,,,
1545,침산3동 할리스 대구침산네거리점,할리스 대구침산네거리점,,,,,,,,
1546,침산3동 하삼동커피 대구침산점,하삼동커피 침산점,,,,,,,,
1547,침산2동 월드 베스트베스틴커피,월드베스트베스틴커피,,,,,,,,
1548,침산1동 더리터 대구침산점,더리터 침산점,,,,,,,,
1549,침산2동 카페애하,애하,,,,,,,,
1550,원대동 신신카페,신신카페,,,,,,,,
1551,침산2동 더벤티 침산오페라점,더벤티 침산오페라점,,,,,,,,
1552,침산3동 매스커피 침산네거리점,매스커피 침산네거리점,,,,,,,,
1553,침산3동 아마스빈 대구침산점,아마스빈 대구 침산점,,,,,,,,
1554,침산2동 더벤티 대구침산점,더벤티 대구침산점,,,,,,,,
1555,침산3동 레프트뱅크,레프트뱅크,,,,,,,,
1556,침산2동 카페봄봄 침산점,카페봄봄 침산점,,,,,,,,
1557,침산2동 컴포즈커피 대구침산점,컴포즈커피 대구침산점,,,,,,,,
1558,침산1동 디저트39 대구 침산점,디저트39 대구침산점,,,,,,,,
1559,산격1동 엔제리너스 대구침산로점,엔제리너스 대구침산로점,,,,,,,,
1560,침산2동 핏어펫,핏어펫,,,,,,,,
1561,침산3동 빽다방 대구침산점,빽다방 침산점,,,,,,,,
1562,침산2동 커피볶는다락방,커피볶는다락방,,,,,,,,
1563,침산3동 하이오커피 대구침산점,하이오커피 침산점,,,,,,,,
1564,산격1동 수야커피,수야커피,,,,,,,,
1565,침산1동 핸즈커피 성북교점,핸즈커피 성북교점,,,,,,,,
1566,고성동 이디야커피 대구시민운동장점,이디야커피 대구시민운동장점,,,,,,,,
1567,칠성동 팔공티 이마트칠성점,팔공티 이마트칠성점,,,,,,,,
1568,침산3동 요거프레소 침산푸르지오점,요거프레소 침산푸르지오점,,,,,,,,
1569,침산1동 텐퍼센트커피 대구침산점,텐퍼센트커피 대구침산점,,,,,,,,
1570,칠성동 매스커피 침산점,매스커피 침산점,,,,,,,,
1571,고성동 코르코르커피,코르코르커피 침산점,,,,,,,,
1572,침산1동 플랜 침산점,플랜 침산점,,,,,,,,
1573,태전2동 베이스먼트,베이스먼트,,,,,,,,
1574,태전2동 사이섬,사이섬커피바,,,,,,,,
1575,구암동 달브로,달브로 칠곡점,,,,,,,,
1576,태전2동 토카커피,토카커피,,,,,,,,
1577,구암동 오아,오아,,,,,,,,
1578,태전2동 스프링캔 대구태전점,스프링캔 대구태전점,,,,,,,,
1579,태전2동 커피플러스,커피플러스,,,,,,,,
1580,태전2동 혜민커피,혜민카페,,,,,,,,
1581,태전2동 더하다커피,더하다커피,,,,,,,,
1582,태전1동 체리픽,체리픽,,,,,,,,
1583,태전2동 더드림커피 대구태전2호점,더드림커피 대구태전2호점,,,,,,,,
1584,칠성동 폴바셋 롯데백화점대구점,폴바셋 롯데백화점 대구점,,,,,,,,
1585,칠성동 제주 제이제이씨 커피 롯데대구점,제주제이제이씨커피 롯데대구점,,,,,,,,
1586,동천동 티타임커피 동천점,티타임커피 아이스크림스토리 동천점,,,,,,,,
1587,동천동 읍천리382 대구칠곡점,읍천리382 칠곡점,,,,,,,,
1588,관음동 몬스터커피 팔거역점,몬스터커피 팔거역점,,,,,,,,
1589,동천동 빈스크라운커피,빈스크라운커피,,,,,,,,
1590,관음동 빽다방 대구칠곡팔거역점,빽다방 대구칠곡팔거역점,,,,,,,,
1591,구암동 힉스 구암점,힉스 구암점,,,,,,,,
1592,동천동 카페마루,카페마루,,,,,,,,
1593,동천동 몰타 칠곡점,몰타 칠곡점,,,,,,,,
1594,관음동 커피바스켓,커피바스켓,,,,,,,,
1595,동천동 꽃을담다,꽃을담다,,,,,,,,
1596,동천동 미엘,미엘,,,,,,,,
1597,구암동 꼬모맨션 칠곡점,꼬모맨션 칠곡점,,,,,,,,
1598,관음동 카페발견자,카페 발견자,,,,,,,,
1599,관음동 읍내다방,읍내다방,,,,,,,,
1600,읍내동 라라빈,라라빈,,,,,,,,
1601,원대동 구공카페 팔달점,구공카페 팔달점,,,,,,,,
1602,원대동 메가MGC커피 대구팔달시장역점,메가MGC커피 대구팔달시장역점,,,,,,,,
1603,비산5동 케이클래스커피 노원점,케이클래스커피 노원점,,,,,,,,
1604,노원동 카페여기,카페여기,,,,,,,,
1605,노원동 감성커피 대구노원점,감성커피 노원점,,,,,,,,
1606,비산1동 핸즈커피 팔달시장점,핸즈커피 팔달시장점,,,,,,,,
1607,비산1동 이디야커피 대구팔달시장점,이디야커피 커피 팔달시장점,,,,,,,,
1608,비산5동 빽다방 대구팔달노원점,빽다방 대구팔달노원점,,,,,,,,
1609,국우동 린네베이크,린네 베이크,,,,,,,,
1610,국우동 그림책방여우네,그림책방 여우네,,,,,,,,
1611,국우동 카페 벤치타임,카페 벤치타임,,,,,,,,
1612,국우동 카페마실,카페마실,,,,,,,,
1613,국우동 컴포즈커피 대구학정점,컴포즈커피 대구학정점,,,,,,,,
1614,국우동 카페스로인,카페스로인,,,,,,,,
1615,관문동 공차 대구매천점,공차 대구매천점,,,,,,,,
1616,관문동 마시그래이 매천점,마시그래이 매천점,,,,,,,,
1617,동천동 매스커피 칠곡3지구점,매스커피 칠곡3지구점,,,,,,,,
1618,동천동 더벤티 대구칠곡점,더벤티 대구칠곡점,,,,,,,,
1619,동천동 컴포즈커피 대구동천점,컴포즈커피 대구동천점,,,,,,,,
1620,동천동 카페봄봄 칠곡점,카페봄봄칠곡점,,,,,,,,
1621,동천동 텐퍼센트커피 대구칠곡3지구점,텐퍼센트커피 대구칠곡3지구점,,,,,,,,
1622,동천동 공차 대구칠곡점,공차 대구칠곡점,,,,,,,,
1623,동천동 빽다방 대구칠곡타운점,빽다방 대구칠곡타운점,,,,,,,,
1624,관문동 커피파리스,커피파리스,,,,,,,,
1625,국우동 탑리터 칠곡점,탑리터 칠곡점,,,,,,,,
1626,국우동 드롭탑 대구병원점,드롭탑 대구병원점,,,,,,,,
1627,국우동 빽다방 대구칠곡학정점,빽다방 대구칠곡학정점,,,,,,,,
1628,국우동 북촌더플레이트,북촌더플레이트,,,,,,,,
1629,국우동 몬드,몬드,,,,,,,,
1630,국우동 올제커피,올제커피,,,,,,,,
1631,구암동 카페모리,카페모리,,,,,,,,
1632,관문동 마시그래이 금호점,마시그래이 금호점,,,,,,,,
1633,관문동 리코쿠키,리코쿠키 본점,,,,,,,,
1634,관문동 파스구찌 대구금호점,파스쿠찌 대구금호점,,,,,,,,
1635,무태조야동 카페에녹,카페에녹,,,,,,,,
1636,무태조야동 카페봄봄 동서변점,카페봄봄 동서변점,,,,,,,,
1637,무태조야동 더리터 동서변점,더리터 동서변점,,,,,,,,
1638,무태조야동 텐퍼센트커피 대구동서변점,텐퍼센트커피 대구동서변점,,,,,,,,
1639,무태조야동 빽다방 대구북구서변점,빽다방 대구북구서변점,,,,,,,,
1640,무태조야동 드롭탑 대구동서변점,드롭탑 대구동서변점,,,,,,,,
1641,무태조야동 스테이,스테이,,,,,,,,
1642,무태조야동 카페보스,카페보스 동서변점,,,,,,,,
1643,침산2동 달담커피,달담커피,,,,,,,,
1644,칠성동 투썸플레이스 대구삼성크리에이티브캠퍼스점,투썸플레이스 대구삼성크리에이티브캠퍼스점,,,,,,,,
1645,칠성동 단지커피,디초콜릿커피 대구삼성창조경제단지점,,,,,,,,
1646,칠성동 오하브플레르,오하브플레르,,,,,,,,
1647,침산2동 요거프레소 대구삼성창조캠퍼스점,요거프레소 삼성창조캠퍼스점,,,,,,,,
1648,노원동 몬스터커피 비원점,몬스터커피비원점,,,,,,,,
1649,노원동 원대로북카페,원대로북카페협동조합,,,,,,,,
1650,노원동 오니카케이크,오니카케이크,,,,,,,,
1651,상중이동 파스쿠찌 대구신평리네거리점,파스쿠찌 대구신평리네거리점,,,,,,,,
1652,평리1동 투썸플레이스 대구신평리점,투썸플레이스 대구신평리점,,,,,,,,
1653,평리2동 이디야커피 대구서구청점,이디야커피 대구서구청점,,,,,,,,
1654,평리5동 카페봄봄 서구청점,카페봄봄 서구청점,,,,,,,,
1655,평리3동 빽다방 대구서구청점,빽다방 대구서구청점,,,,,,,,
1656,평리2동 공차 대구평리점,공차 대구평리점,,,,,,,,
1657,평리2동 아비앙또,아비앙또,,,,,,,,
1658,평리1동 달달해,달달해,,,,,,,,
1659,평리3동 반짝콩,반짝콩,,,,,,,,
1660,비산6동 커피숲,커피숲,,,,,,,,
1661,내당3동 카페알로,카페알로,,,,,,,,
1662,내당3동 커피크릭,커피크릭,,,,,,,,
1663,내당3동 하이오커피 대구비산점,하이오커피 비산점,,,,,,,,
1664,평리6동 마시그래이 중리점,마시그래이 중리점,,,,,,,,
1665,평리6동 감성커피 대구중리점,감성커피 대구중리점,,,,,,,,
1666,상중이동 커피라니에,커피라니에,,,,,,,,
1667,평리2동 스탠다드테이블,스탠다드테이블,,,,,,,,
1668,평리1동 카페이랑,카페이랑,,,,,,,,
1669,평리5동 카페로니,카페로니,,,,,,,,
1670,평리5동 레프트뱅크 서구청점,레프트뱅크 서구청점,,,,,,,,
1671,평리4동 카페인창고,카페인창고,,,,,,,,
1672,평리6동 설빙 대구서구청점,설빙 대구서구청점,,,,,,,,
1673,평리3동 몬스터커피 서구청점,몬스터커피 서구청점,,,,,,,,
1674,평리4동 더벤티 대구두류이편한점,더벤티 대구두류이편한점,,,,,,,,
1675,내당4동 몬스터커피 감삼역점,몬스터커피 감삼역점,,,,,,,,
1676,내당4동 컬렉팅더모먼츠,컬렉팅 더 모먼츠 감삼,,,,,,,,
1677,두류3동 스무디킹 대구롯데시네마광장점,스무디킹 대구롯데시네마광장점,,,,,,,,
1678,내당4동 다빈치커피 광장롯데시네마점,다빈치커피 광장롯데시네마점,,,,,,,,
1679,두류3동 코페아커피,코페아커피 롯데시네마광장점,,,,,,,,
1680,두류3동 공차 대구광장점,공차 대구광장점,,,,,,,,
1681,내당4동 크로앙쥬 대구두류역점,크로앙쥬 대구두류역점,,,,,,,,
1682,두류3동 매스커피 두류역점,매스커피 두류역점,,,,,,,,
1683,두류3동 카페봄봄 광장점,카페봄봄 광장점,,,,,,,,
1684,내당4동 그란데,카페그란데,,,,,,,,
1685,내당4동 커피타임,커피타임,,,,,,,,
1686,두류3동 오프닝카페,카페오프닝,,,,,,,,
1687,죽전동 더드림커피 서남시장점,더드림커피 서남시장점,,,,,,,,
1688,내당4동 카페봉봉,카페봉봉,,,,,,,,
1689,평리4동 메종드림,메종드림,,,,,,,,
1690,내당1동 엔앨리 디저트카페,엔앨리 디저트카페,,,,,,,,
1691,대신동 하프힐,하프힐,,,,,,,,
1692,대신동 앗다방,앗다방,,,,,,,,
1693,평리2동 구공카페,구공카페,,,,,,,,
1694,비산1동 카페봄봄 비산점,카페봄봄 비산점,,,,,,,,
1695,비산6동 몬스터커피 비산점,몬스터커피 비산점,,,,,,,,
1696,비산6동 이디야 비산점,이디야커피 비산점,,,,,,,,
1697,내당2동 카페유,우주라이크커피 대구비산점,,,,,,,,
1698,평리1동 커피판다,커피판다,,,,,,,,
1699,대신동 마이브라운노트,마이브라운노트,,,,,,,,
1700,내당3동 커피왕 비산세종마트점,커피왕 비산세종마트점,,,,,,,,
1701,내당2동 카페더프리티,카페 더 프리티,,,,,,,,
1702,비산1동 뜻대로카페,뜻대로카페,,,,,,,,
1703,내당2동 트란퀼로,카페 트란퀼로,,,,,,,,
1704,내당2동 아이아이오,iieo,,,,,,,,
1705,내당3동 오커피샵,오커피샵,,,,,,,,
1706,상중이동 카페봄봄 서대구점,카페봄봄 서대구점,,,,,,,,
1707,죽전동 커매진에스프레소,커매진 에스프레소,,,,,,,,
1708,내당4동 아잇쿠키,아잇쿠키,,,,,,,,
1709,내당4동 카페311호,카페311호,,,,,,,,
1710,내당4동 카페로마노,카페 로마노,,,,,,,,
1711,평리5동 마루카페,마루카페,,,,,,,,
1712,평리6동 커피프리,커피프리,,,,,,,,
1713,평리2동 바운드,바운드,,,,,,,,
1714,비산1동 까페로더,까페로더,,,,,,,,
1715,평리5동 카페봄봄 대평리시장점,카페봄봄 대평리시장점,,,,,,,,
1716,원대동 엔제리너스 대구북비산네거리점,엔제리너스 북비산네거리점,,,,,,,,
1717,비산1동 카페비,카페비,,,,,,,,
1718,평리5동 더벤티 서대구IC점,더벤티 서대구IC점,,,,,,,,
1719,비산6동 날뫼카페아이스크림,날뫼카페아이스크림,,,,,,,,
1720,비산6동 그때거기,그때거기,,,,,,,,
1721,평리2동 퀸즈크라운베이커리카페,퀸즈크라운베이커리카페,,,,,,,,
1722,평리5동 바닐라빌리지,바닐라빌리지,,,,,,,,
1723,평리6동 커피콩,커피콩,,,,,,,,
1724,내당1동 디웨이브,디웨이브,,,,,,,,
1725,내당1동 모캄보 대구내당점,모캄보 대구 내당점,,,,,,,,
1726,평리5동 카페봄봄 중평점,카페봄봄 중평점,,,,,,,,
1727,평리4동 올람,올람,,,,,,,,
1728,평리4동 커피정원,커피정원,,,,,,,,
1729,비산1동 레브,카페레브,,,,,,,,
1730,내당1동 카페내당,카페내당,,,,,,,,
1731,관문동 카페우스리,카페 우스리,,,,,,,,
1732,상중이동 써밋,써밋,,,,,,,,
1733,죽전동 하이오커피 대구중리점,하이오커피 대구중리점,,,,,,,,
1734,상중이동 명지현,명지현학술원&카페,,,,,,,,
1735,상중이동 로비로비,로비로비,,,,,,,,
1736,고성동 노프릴스피플,노프릴스피플,,,,,,,,
1737,비산1동 커피타나바,커피타나바,,,,,,,,
1738,"내당1동 카페, 바미","카페, 바미",,,,,,,,
1739,비산6동 카페클리어,카페클리어,,,,,,,,
1740,원대동 마실커피 팔달시장역점,마실커피 팔달시장역점,,,,,,,,
1741,관문동 할리스 대구팔달교DT점,할리스 대구팔달교DT점,,,,,,,,
1742,죽전동 해리스카페 대구의료원점,해리스카페 대구의료원점,,,,,,,,
1743,상중이동 카페051 대구삼익뉴타운점,카페051 대구삼익뉴타운점,,,,,,,,
1744,상중이동 카페인중독 대구내당점,카페인중독 내당점,,,,,,,,
1745,내당1동 요거트월드 서구점,요거트월드 서구점,,,,,,,,
1746,평리2동 카페밤비,카페 밤비,,,,,,,,
1747,상중이동 카페수다,카페수다,,,,,,,,
1748,내당4동 아에이오우커피,아에이오우커피,,,,,,,,
1749,고산3동 설빙 대구시지점,설빙 대구시지점,,,,,,,,
1750,고산3동 달콤커피 대구시지점,달콤커피 대구시지점,,,,,,,,
1751,고산3동 시레나커피,시레나 커피,,,,,,,,
1752,고산3동 마시그래이 시지점,마시그래이 시지점,,,,,,,,
1753,고산3동 빨대,빨대,,,,,,,,
1754,고산3동 바빈스커피 대구매호점,바빈스커피 대구매호점,,,,,,,,
1755,고산3동 슈가레이디,슈가레이디,,,,,,,,
1756,고산1동 텐퍼센트커피 대구신매역점,텐퍼센트커피 대구신매역점,,,,,,,,
1757,고산1동 카페1234,카페1234,,,,,,,,
1758,고산1동 코페아커피,코페아커피,,,,,,,,
1759,고산1동 카페드엘,드엘,,,,,,,,
1760,고산1동 카페리부트,카페 리부트,,,,,,,,
1761,효목2동 나우커피 만촌점,나우커피만촌점,,,,,,,,
1762,만촌3동 더리터 담티역점,더리터 담티역점,,,,,,,,
1763,만촌3동 달동네과자점,달동네과자점,,,,,,,,
1764,만촌3동 카페바스,카페바스,,,,,,,,
1765,만촌3동 야든,야든,,,,,,,,
1766,만촌2동 레제드라마,레제드라마,,,,,,,,
1767,만촌3동 골목커피,골목커피크레페,,,,,,,,
1768,만촌2동 커널스커피,커널스커피,,,,,,,,
1769,만촌3동 론론,론론,,,,,,,,
1770,만촌1동 가가라커피,가가라커피,,,,,,,,
1771,범어3동 신천커피,신천커피,,,,,,,,
1772,범어2동 핸즈커피 범어점,핸즈커피 범어점,,,,,,,,
1773,범어2동 사랑채 범어점,사랑채 범어점,,,,,,,,
1774,만촌1동 스위티앤스윗쿤,스위티앤스윗쿤,,,,,,,,
1775,고산2동 토리커피,토리커피,,,,,,,,
1776,고산2동 다온,다온,,,,,,,,
1777,고산2동 웜톤커피,웜톤커피,,,,,,,,
1778,고산2동 카페꽃이피다 시지점,카페 꽃이피다 시지점,,,,,,,,
1779,고산2동 디오디커피,디오디커피,,,,,,,,
1780,고산2동 뜨락,뜨락,,,,,,,,
1781,고산2동 플라림비,플라림비,,,,,,,,
1782,수성2가동 카페드크래프트,카페드크래프트,,,,,,,,
1783,수성4가동 공차 대구수성점,공차 대구수성점,,,,,,,,
1784,범어1동 카페봄봄 대구범어역점,카페봄봄 범어역점,,,,,,,,
1785,수성4가동 세라젬웰카페 대구수성직영점,세라젬 웰카페 대구수성직영점,,,,,,,,
1786,범어2동 드롭탑 대구두산위브더제니스점,드롭탑 두산위브더제니스점,,,,,,,,
1787,범어2동 텐퍼센트커피 대구범어도서관점,텐퍼센트커피 대구범어도서관점,,,,,,,,
1788,범어4동 매스커피 수성구청점,매스커피 수성구청점,,,,,,,,
1789,범어4동 호두나무 수성점,호두나무 수성점,,,,,,,,
1790,범어4동 핸즈커피 범어4가점,핸즈커피 범어4가점,,,,,,,,
1791,범어2동 파스쿠찌 수성구청역점,파스쿠찌 수성구청역점,,,,,,,,
1792,범어4동 아마스빈 대구범어점,아마스빈 대구범어점,,,,,,,,
1793,범어2동 더리터 수성구청역점,더리터 수성구청역점,,,,,,,,
1794,범어4동 홍콩다방 범어점,홍콩다방 범어점,,,,,,,,
1795,만촌3동 노스페이스카페 대구수성점,노스페이스카페 대구수성점,,,,,,,,
1796,만촌2동 이디야 만촌역점,이디야커피 만촌역점,,,,,,,,
1797,만촌2동 투썸플레이스 대구만촌점,투썸플레이스 대구만촌점,,,,,,,,
1798,만촌3동 하삼동커피 대구 담티역점,하삼동커피 담티역점,,,,,,,,
1799,만촌3동 나리꼬모 본점,나리꼬모 본점,,,,,,,,
1800,만촌2동 아틀리에빈,아틀리에빈 담티점,,,,,,,,
1801,만촌3동 다푸르타 수성점,다푸르타 수성점,,,,,,,,
1802,고산2동 까페페르보이,까페페르보이,,,,,,,,
1803,고산2동 카페플랜 시지점,카페플랜 시지점,,,,,,,,
1804,고산3동 매스커피 신매역점,매스커피 신매역점,,,,,,,,
1805,고산1동 요거트월드 시지점,요거트월드 시지점,,,,,,,,
1806,고산1동 리더스커피,리더스커피,,,,,,,,
1807,고산3동 공차 대구시지점,공차 시지점,,,,,,,,
1808,고산3동 커피명가 시지점,커피명가 시지점,,,,,,,,
1809,고산3동 아틀리에빈 신매점,아틀리에빈 신매점,,,,,,,,
1810,고산1동 음,umm,,,,,,,,
1811,고산1동 카페맑음,카페 맑음,,,,,,,,
1812,고산1동 컴포즈커피 대구사월역점,컴포즈커피 대구사월역점,,,,,,,,
1813,고산1동 에이피엠,에이피엠 카페 펍,,,,,,,,
1814,고산1동 카페봄봄 시지퍼스트점,카페봄봄 시지퍼스트점,,,,,,,,
1815,고산1동 아틀리에빈 사월점,아틀리에빈 사월점,,,,,,,,
1816,고산1동 요거트가이즈,요거트가이즈 신매점,,,,,,,,
1817,수성1가동 ITALIAN RED COFFEE,이탈리안레드커피,,,,,,,,
1818,수성1가동 피테,피테,,,,,,,,
1819,수성1가동 1L맥스커피,1L 맥스커피 본점,,,,,,,,
1820,범어1동 라이브카페비바다비,비바다비,,,,,,,,
1821,범어1동 텐퍼센트커피 대구범어그랜드점,텐퍼센트커피 대구범어그랜드점,,,,,,,,
1822,범어1동 더리터 범어점,더리터 범어점,,,,,,,,
1823,범어1동 소울리브,소울리브,,,,,,,,
1824,범어1동 와플앤커피,와플엔커피,,,,,,,,
1825,범어1동 까페바우,까페바우,,,,,,,,
1826,범어2동 바게리,바게리,,,,,,,,
1827,범어2동 도어룸나인커피,도어룸나인커피,,,,,,,,
1828,범어4동 스탑바이검은구상,스탑바이 검은구상,,,,,,,,
1829,범어4동 카페오굿,카페오굿,,,,,,,,
1830,범어2동 카페땡끝,카페땡끝,,,,,,,,
1831,범어2동 조모커피 범어본점,조모커피 범어본점,,,,,,,,
1832,범어4동 코즈범어,코즈 범어,,,,,,,,
1833,범어4동 코르코르커피 KBS점,코르코르커피 KBS점,,,,,,,,
1834,황금1동 카페더힐,카페더힐,,,,,,,,
1835,범어4동 이디야커피 대구범어두레점,이디야커피 대구범어두레점,,,,,,,,
1836,범어4동 크로플의정석,크로플의 정석,,,,,,,,
1837,범어4동 제주애,제주애,,,,,,,,
1838,범어4동 청수67카페,청수67카페,,,,,,,,
1839,범어4동 마시그래이 범어로데오점,마시그래이 범어로데오점,,,,,,,,
1840,범어4동 포베오,포베오,,,,,,,,
1841,만촌2동 텐퍼센트커피 대구만촌역점,텐퍼센트커피 대구만촌역점,,,,,,,,
1842,만촌2동 커피명가 엘림점,커피명가 엘림점,,,,,,,,
1843,만촌2동 빈플래닛,빈플래닛,,,,,,,,
1844,만촌2동 페이지103,페이지103,,,,,,,,
1845,만촌3동 카페봄봄 수성대점,까페봄봄 수성대점,,,,,,,,
1846,만촌3동 카페봄,카페봄,,,,,,,,
1847,만촌2동 설빙 대구만촌점,설빙 대구만촌점,,,,,,,,
1848,고산3동 카페트리,카페트리,,,,,,,,
1849,고산3동 엠테이블,엠테이블,,,,,,,,
1850,고산3동 달커피,달커피,,,,,,,,
1851,고산3동 베러먼데이커피 대구매호동서점,베러먼데이 대구매호동서점,,,,,,,,
1852,고산3동 더벤티 시지매호점,더벤티 시지매호점,,,,,,,,
1853,고산3동 안단테,카페안단테,,,,,,,,
1854,고산3동 버터즈,버터즈,,,,,,,,
1855,고산3동 위너스커피 매호점,위너스커피 매호점,,,,,,,,
1856,고산3동 청솔로9 시지점,청솔로9 시지점,,,,,,,,
1857,고산3동 카페캔버스 신매점,캔버스 신매점,,,,,,,,
1858,고산3동 더리터 시지사월점,더리터 시지사월점,,,,,,,,
1859,고산1동 카페오딜리,카페 오딜리,,,,,,,,
1860,고산1동 이레커피,이레커피,,,,,,,,
1861,고산3동 고르다수제간식,고르다수제간식 수성점,,,,,,,,
1862,고산3동 달콤한 피아노,카페 달콤한피아노,,,,,,,,
1863,고산1동 테리커피,테리커피,,,,,,,,
1864,고산1동 라프루따,라프루따,,,,,,,,
1865,황금2동 팔공티 대구황금점,팔공티 대구황금점,,,,,,,,
1866,황금1동 핸즈커피 황금점,핸즈커피 황금점,,,,,,,,
1867,황금2동 마마91,마마91,,,,,,,,
1868,황금1동 에스페소,ESPESO,,,,,,,,
1869,황금1동 플리트비체,플리트비체,,,,,,,,
1870,범어1동 텐퍼센트커피 대구범어태왕점,텐퍼센트커피 대구범어태왕점,,,,,,,,
1871,범어1동 카페드크레마,카페드크레마,,,,,,,,
1872,범어2동 오퍼커피,오퍼커피,,,,,,,,
1873,범어2동 핸썸커피 범어점,핸썸커피 범어점,,,,,,,,
1874,범어3동 매스커피 범어역점,매스커피 범어역점,,,,,,,,
1875,범어2동 하삼동커피 대구범어점,하삼동커피 대구범어점,,,,,,,,
1876,범어3동 카페봄봄 대구법원점,카페봄봄 법원점,,,,,,,,
1877,지산1동 투썸플레이스 대구TBC점,투썸플레이스 TBC점,,,,,,,,
1878,범어3동 파스쿠찌 대구법원점,파스쿠찌 대구법원점,,,,,,,,
1879,범어2동 스테노커피(STENO COFFEE),스테노커피,,,,,,,,
1880,범어3동 해머스미스커피 대구수성점,해머스미스커피 대구수성점,,,,,,,,
1881,두산동 청솔로9 두산점,청솔로9 두산점,,,,,,,,
1882,두산동 레프트뱅크 황금점,레프트뱅크 황금점,,,,,,,,
1883,지산1동 온기카페,온기카페,,,,,,,,
1884,지산1동 989라운지,989라운지,,,,,,,,
1885,지산1동 카페디디,카페디디,,,,,,,,
1886,지산1동 퀴르,퀴르,,,,,,,,
1887,황금1동 데우스커피,데우스커피,,,,,,,,
1888,황금1동 브마롱,브마롱,,,,,,,,
1889,황금1동 위드모데스티,위드모데스티,,,,,,,,
1890,황금1동 예담청,예담청,,,,,,,,
1891,지산1동 안전제일구역,안전제일구역 지산점,,,,,,,,
1892,황금1동 슈미제,슈미제,,,,,,,,
1893,지산1동 애드업(add up),애드업,,,,,,,,
1894,황금2동 행복한커피,행복한커피,,,,,,,,
1895,황금2동 마니,마니,,,,,,,,
1896,두산동 카페봄봄 두산점,카페봄봄 두산점,,,,,,,,
1897,두산동 커피왕 두산점,커피왕 두산점,,,,,,,,
1898,범어1동 아티자나,아티자나,,,,,,,,
1899,황금1동 카페다온,카페다온,,,,,,,,
1900,범어1동 이디야커피 대구수성범어천로점,이디야커피 대구수성범어천로점,,,,,,,,
1901,범어1동 김진수로스터리카페 범어점,김진수로스터리카페범어점,,,,,,,,
1902,지산1동 호작질 지산점,호작질 지산점,,,,,,,,
1903,지산1동 그로우커피,그로우커피,,,,,,,,
1904,범어3동 에쏘라인,에쏘라인 범어점,,,,,,,,
1905,범어3동 만랩커피 대구범어법원점,만랩커피 대구범어법원점,,,,,,,,
1906,범어3동 커피맘스,커피맘스,,,,,,,,
1907,범어3동 텐퍼센트커피 대구범어동천초점,텐퍼센트커피 대구범어동천초점,,,,,,,,
1908,범어3동 카페오아제,카페 오아제,,,,,,,,
1909,범어3동 플랜 범어점,플랜범어점,,,,,,,,
1910,수성4가동 슬로우라이프,슬로우라이프,,,,,,,,
1911,범어2동 카페홍시,까페홍시,,,,,,,,
1912,만촌1동 피키,피키,,,,,,,,
1913,만촌1동 마시그래이 만촌메트로점,마시그래이 만촌메트로점,,,,,,,,
1914,범어2동 가희,가희BEAN 대구범어점,,,,,,,,
1915,범어2동 소복담,소복담,,,,,,,,
1916,만촌1동 아웃스탠딩커피 상효점,아웃스탠딩커피 상효점,,,,,,,,
1917,효목2동 픽앤믹스,픽앤믹스,,,,,,,,
1918,만촌1동 비아토르,비아토르,,,,,,,,
1919,두산동 탐앤탐스 대구들안길점,탐앤탐스 대구들안길점,,,,,,,,
1920,상동 예가체프앤빙,예가체프앤빙,,,,,,,,
1921,수성3가동 매머드익스프레스 대구수성,매머드익스프레스 대구수성점,,,,,,,,
1922,수성4가동 할리스 수성네거리점,할리스 대구수성네거리점,,,,,,,,
1923,두산동 핸썸커피,핸썸커피 두산점,,,,,,,,
1924,상동 금산다방,금산다방,,,,,,,,
1925,중동 베오메오 황금점,베오메오커피 대구황금점,,,,,,,,
1926,중동 매스커피 황금점,매스커피 황금점,,,,,,,,
1927,황금2동 스탠바이미 황금점,스탠바이미 황금점,,,,,,,,
1928,중동 커피는책이랑,커피는 책이랑,,,,,,,,
1929,수성3가동 세이커피스탠드,세이커피스탠드,,,,,,,,
1930,범어1동 핸즈커피 수성3가점,핸즈커피 수성3가점,,,,,,,,
1931,신천2동 사운즈프리미어,사운즈프리미어,,,,,,,,
1932,수성4가동 더리터 수성4가점,더리터 대구수성4가점,,,,,,,,
1933,수성4가동 브라운103,브라운103,,,,,,,,
1934,신천2동 빵실과자점,빵실과자점,,,,,,,,
1935,상동 목련양과,목련양과,,,,,,,,
1936,상동 하즐커피,하즐커피,,,,,,,,
1937,만촌1동 라온카페,라온카페,,,,,,,,
1938,효목2동 윤영,윤영,,,,,,,,
1939,만촌1동 드림쿡,드림쿡,,,,,,,,
1940,만촌3동 나비다드481-1,나비다드481-1,,,,,,,,
1941,수성2가동 청솔로9 수성시장역점,청솔로9 수성시장역점,,,,,,,,
1942,수성1가동 베스트프레즐 대구수성점,베스트프레즐 대구수성직영점,,,,,,,,
1943,수성3가동 모리커피 수성시장역점,모리커피 수성시장역점,,,,,,,,
1944,수성3가동 투썸플레이스 대구범어점,투썸플레이스 대구범어점,,,,,,,,
1945,범어1동 무제커피,무제커피 범어라온제나점,,,,,,,,
1946,효목2동 폴바셋 대구만촌DT점,폴 바셋 대구 만촌 DT점,,,,,,,,
1947,만촌3동 더브릿지,더 브릿지,,,,,,,,
1948,두산동 핸즈커피 들안길점,핸즈커피 들안길점,,,,,,,,
1949,상동 투썸플레이스 대구두산동DT점,투썸플레이스 대구두산동DT점,,,,,,,,
1950,지산1동 그루잠,그루잠,,,,,,,,
1951,지산1동 에스테반,에스테반,,,,,,,,
1952,지산1동 이디야커피 대구지산녹원점,이디야커피 대구지산녹원점,,,,,,,,
1953,상동 단테카페,단테카페,,,,,,,,
1954,상동 데이투모로우,카페 데이투모로우,,,,,,,,
1955,상동 공주다육카페,공주다육카페,,,,,,,,
1956,두산동 카페보스 대구두산점,카페보스 대구두산점,,,,,,,,
1957,지산1동 바이썬 하이문,바이썬하이문,,,,,,,,
1958,지산1동 브라우네스트커피 로스터스,브라우네스트커피로스터스,,,,,,,,
1959,지산1동 위니드,위니드,,,,,,,,
1960,지산1동 코디깅베이크샵,코디깅베이크샵,,,,,,,,
1961,지산1동 미래견과,미래견과,,,,,,,,
1962,지산1동 봉자마켓,봉자마켓,,,,,,,,
1963,지산1동 스타지오네,스타지오네,,,,,,,,
1964,범물1동 피어오르,피어오르,,,,,,,,
1965,범물1동 블랙빈101,블랙빈101,,,,,,,,
1966,범물1동 디플랫,디플랫,,,,,,,,
1967,범물1동 내가디저트,내가디저트,,,,,,,,
1968,범어1동 반디의꿈,반디의꿈,,,,,,,,
1969,범어2동 오브느 범어점,오브느 범어점,,,,,,,,
1970,범어2동 정스콘,정스콘,,,,,,,,
1971,범어2동 아마노커피,아마노 커피,,,,,,,,
1972,범어2동 스피티코 대구,스피티코대구,,,,,,,,
1973,만촌1동 이명재커피,이명재커피,,,,,,,,
1974,황금1동 빽다방 대구범어KBS점,빽다방 대구범어KBS점,,,,,,,,
1975,범어4동 커피명가 선스포츠점,커피명가 선스포츠점,,,,,,,,
1976,범어4동 카페게이트 수성구청점,카페게이트 수성구청점,,,,,,,,
1977,황금1동 시공커피,시공커피,,,,,,,,
1978,만촌2동 아몬즈베이크,아몬즈베이크,,,,,,,,
1979,범어4동 커피유연제,커피유연제,,,,,,,,
1980,범어4동 아웃스탠딩커피 현수점,아웃스탠딩커피 현수점,,,,,,,,
1981,범어4동 명품호두cafe,명품호두,,,,,,,,
1982,범어4동 헤이트먼데이,헤이트먼데이 범어점,,,,,,,,
1983,범어4동 카페버니,카페버니,,,,,,,,
1984,범어4동 스니프,스니프,,,,,,,,
1985,범어4동 카페루이지,카페루이지,,,,,,,,
1986,범어2동 헥스디저트랩,헥스디저트랩,,,,,,,,
1987,범어1동 마시그래이 수성범어점,마시그래이 수성범어점,,,,,,,,
1988,수성4가동 할리스 범어천로점,할리스 대구범어천로점,,,,,,,,
1989,수성4가동 설빙 대구신천점,설빙 대구신천점,,,,,,,,
1990,수성2가동 파스쿠찌 대구라온제나점,파스쿠찌 대구라온제나점,,,,,,,,
1991,황금1동 오리진커피,오리진커피,,,,,,,,
1992,수성2가동 제이콥아츠,카페 제이콥아츠,,,,,,,,
1993,범어3동 블루샥 대구범어푸르지오점,블루샥 대구범어푸르지오점,,,,,,,,
1994,범어3동 미키마카롱,미키마카롱,,,,,,,,
1995,범어3동 몽산커피,몽산커피,,,,,,,,
1996,범어3동 그로잉,그로잉,,,,,,,,
1997,범어3동 몬스터커피 범어점,몬스터커피 범어점,,,,,,,,
1998,범어3동 카페나무,카페나무,,,,,,,,
1999,수성4가동 5후,5후,,,,,,,,
2000,범어3동 커피1번가,커피1번가,,,,,,,,
2001,범어3동 카페멜리아,멜리아,,,,,,,,
2002,범어3동 몰타 범어점,몰타 범어점,,,,,,,,
2003,두산동 몰타,몰타 본점,,,,,,,,
2004,두산동 마시그래이 두산점,마시그래이 두산점,,,,,,,,
2005,상동 카페아지트,카페아지트,,,,,,,,
2006,상동 녹네커피,녹네커피,,,,,,,,
2007,상동 핑퐁커피 두산점,핑퐁커피 두산점,,,,,,,,
2008,고산3동 플러터,플러터,,,,,,,,
2009,범어2동 레조넌스,레조넌스,,,,,,,,
2010,중동 리즈카페,리즈카페,,,,,,,,
2011,수성1가동 옹글스카페,옹글스,,,,,,,,
2012,중동 투썸플레이스 대구수성1가점,투썸플레이스 대구수성1가점,,,,,,,,
2013,수성1가동 피에스 수성,피에스 수성,,,,,,,,
2014,수성4가동 매스커피 대구은행역점,매스커피 대구은행역점,,,,,,,,
2015,상동 다홍연화,다홍연화,,,,,,,,
2016,상동 CM,CM,,,,,,,,
2017,중동 피델리티커피,피델리티커피,,,,,,,,
2018,수성3가동 티앤트래블,TEA&TRAVEL,,,,,,,,
2019,수성3가동 몰로 MOLLO,카페몰로 MOLLO,,,,,,,,
2020,수성1가동 로비,로비,,,,,,,,
2021,수성4가동 텐퍼센트커피 대구수성1가점,텐퍼센트커피 대구수성1가점,,,,,,,,
2022,수성2가동 카페위 교육청점,Cafe We 시교육청점,,,,,,,,
2023,수성2가동 카페우아한,카페우아한,,,,,,,,
2024,수성1가동 하삼동커피 대구수성점,하삼동커피 수성점,,,,,,,,
2025,수성2가동 시월일일,시월일일,,,,,,,,
2026,지산2동 설빙 대구수성못점,설빙 대구수성못점,,,,,,,,
2027,지산2동 반미콩 수성못점,반미콩 수성못점,,,,,,,,
2028,지산2동 우즈베이커리카페 수성호수점,우즈베이커리카페수성호수점,,,,,,,,
2029,지산2동 이디야커피 수성못점,이디야커피 대구수성못점,,,,,,,,
2030,지산2동 디저트39 대구 수성못점,디저트39 대구 수성못점,,,,,,,,
2031,두산동 카페봄봄 수성못점,카페봄봄 수성못점,,,,,,,,
2032,고산2동 마커스커피,마커스커피,,,,,,,,
2033,고산2동 이디야커피 대구수성알파시티점,이디야커피 대구수성알파시티점,,,,,,,,
2034,고산2동 갓샐러드 시지점,갓샐러드 시지점,,,,,,,,
2035,고산2동 라우디,라우디,,,,,,,,
2036,고산2동 프리울리,프리울리,,,,,,,,
2037,고산2동 읍천리382 대구시지점,읍천리382 시지점,,,,,,,,
2038,고산2동 셀프바리스타 시지점,셀프바리스타 시지점,,,,,,,,
2039,고산1동 탑리터 시지점,탑리터 시지점,,,,,,,,
2040,고산1동 더드림커피 대구신매점,더드림커피 대구신매점,,,,,,,,
2041,고산1동 천미리다방 시지점,커피특별시 시지점,,,,,,,,
2042,고산1동 미리지구,미리지구,,,,,,,,
2043,고산1동 요거드숑,요거드숑,,,,,,,,
2044,고산1동 카페벨,카페벨,,,,,,,,
2045,고산1동 아마스빈 대구시지점,아마스빈 대구시지점,,,,,,,,
2046,고산1동 제일구락부 시지점,제일구락부 시지점,,,,,,,,
2047,고산1동 아임붕어 시지점,아임붕어 시지점,,,,,,,,
2048,고산1동 플로미슈X아제트,플로미슈 x 아제트,,,,,,,,
2049,고산1동 커피인피니티,커피인피니티,,,,,,,,
2050,고산1동 커피그리고,커피그리고,,,,,,,,
2051,신천2동 머뭇,머뭇,,,,,,,,
2052,수성4가동 틸더커피바,틸더커피바,,,,,,,,
2053,고산2동 배터리커피스탠드,배터리커피스탠드,,,,,,,,
2054,고산2동 더리터 수성IC점,더리터 수성ic점,,,,,,,,
2055,고산2동 댐퍼커피 알파시티점,댐퍼커피 알파시티점,,,,,,,,
2056,고산2동 몬스터커피 알파시티점,몬스터커피 알파시티점,,,,,,,,
2057,고산2동 핑퐁커피 알파시티점,핑퐁커피 알파시티점,,,,,,,,
2058,고산2동 빽다방 대구알파시티점,빽다방 대구알파시티점,,,,,,,,
2059,고산2동 더리터 대구알파시티점,더리터 대구알파시티점,,,,,,,,
2060,고산2동 디저트39 알파시티점,디저트39 대구알파시티점,,,,,,,,
2061,고산2동 카페봄봄 알파시티점,봄봄 알파시티점,,,,,,,,
2062,고산2동 올웨이즈카페,Always Cafe,,,,,,,,
2063,고산2동 마노커피,마노커피,,,,,,,,
2064,파동 핸즈커피 수성못점,핸즈커피 수성못점,,,,,,,,
2065,지산2동 고바슨,르그랑팔레드 고바슨 수성점,,,,,,,,
2066,지산2동 커피명가 어나더 랩,커피명가 ANOTHER WRAP,,,,,,,,
2067,지산2동 할리스 대구수성못점,할리스 대구수성못점,,,,,,,,
2068,지산2동 투썸플레이스 대구수성못점,투썸플레이스 대구수성못점,,,,,,,,
2069,파동 코트니마켓,코트니마켓,,,,,,,,
2070,지산2동 더리터 지산목련점,더리터 지산목련점,,,,,,,,
2071,범물2동 투썸플레이스 지산광장점,투썸플레이스 대구지산광장점,,,,,,,,
2072,두산동 탐앤탐스 대구수성못호반점,탐앤탐스 대구수성못호반점,,,,,,,,
2073,두산동 헬로72번가,헬로72번가,,,,,,,,
2074,파동 엔제리너스 아일랜드점,엔제리너스 아일랜드점,,,,,,,,
2075,파동 커피스미스,커피스미스 대구 수성레이크점,,,,,,,,
2076,두산동 아트플렉스,아트플렉스,,,,,,,,
2077,파동 mijiro,미지로,,,,,,,,
2078,두산동 웰스프링,카페웰스프링,,,,,,,,
2079,지산2동 덴스댄스요거트,덴스댄스,,,,,,,,
2080,지산2동 happyhappyhappy,해피해피해피,,,,,,,,
2081,고산1동 팔레트카페,팔레트카페,,,,,,,,
2082,고산1동 카페욱수,카페욱수,,,,,,,,
2083,고산1동 피카커피 욱수점,피카커피 욱수점,,,,,,,,
2084,고산1동 푸푸커피,푸푸커피 시지점,,,,,,,,
2085,고산1동 카페하늘 민들레,카페하늘민들레,,,,,,,,
2086,지산1동 모하커피,모하커피,,,,,,,,
2087,범물2동 더리터 지산점,더리터 지산점,,,,,,,,
2088,범물2동 쥬씨 지산범물점,쥬씨 지산범물점,,,,,,,,
2089,범물2동 커피명가 지산점,커피명가 지산점,,,,,,,,
2090,범물2동 공차 대구범물점,공차 대구범물점,,,,,,,,
2091,범물2동 빽다방 대구범물시티월드점,빽다방 대구범물시티월드점,,,,,,,,
2092,범물2동 카페봄봄 범물점,카페봄봄 지산범물점,,,,,,,,
2093,범물1동 라부아뜨엘,라부아뜨엘,,,,,,,,
2094,범물1동 카페봄봄 대구용지점,카페봄봄 용지점,,,,,,,,
2095,범물2동 까페앨리스,까페앨리스,,,,,,,,
2096,범물2동 카페아미,카페아미,,,,,,,,
2097,범물1동 디오커피&잉크,디오커피&잉크,,,,,,,,
2098,지산1동 모든순간,모든순간,,,,,,,,
2099,지산2동 조조스커피클럽,조조스커피클럽,,,,,,,,
2100,지산2동 에그트리,에그트리,,,,,,,,
2101,지산1동 어벤더치커피 대구 지범점,어벤더치 대구지범점,,,,,,,,
2102,지산1동 엑트,엑트,,,,,,,,
2103,범물2동 하삼동커피 대구지산범물점,하삼동커피 대구지산범물점,,,,,,,,
2104,범물2동 하바나커피,하바나커피 지산점,,,,,,,,
2105,범물2동 카페마일드,카페마일드,,,,,,,,
2106,범물2동 에렌델,에렌델,,,,,,,,
2107,범물2동 esc 범물점,이에스씨 범물점,,,,,,,,
2108,범물1동 피쉬마운트 범물점,피쉬마운트커피 범물점,,,,,,,,
2109,범물2동 북카페커피하우스,북카페커피하우스,,,,,,,,
2110,범물1동 메숲,카페 메숲,,,,,,,,
2111,범물1동 말카커피,말카커피,,,,,,,,
2112,범물2동 예쁜하루디저트카페,예쁜하루디저트카페,,,,,,,,
2113,범물1동 카페헤이닷,카페 헤이닷,,,,,,,,
2114,범물1동 몬스터커피 범물점,몬스터커피 범물점,,,,,,,,
2115,범물1동 만랩커피 대구수성범물점,만랩커피 대구수성범물점,,,,,,,,
2116,범물2동 트리오브헤븐,트리오브헤븐,,,,,,,,
2117,범물1동 투썸플레이스 대구범물점,투썸플레이스 대구범물점,,,,,,,,
2118,범물1동 엘리먼트비,엘리먼트비,,,,,,,,
2119,지산2동 차우림,차우림,,,,,,,,
2120,고산3동 09264 커피갤러리,카페 공구이육사,,,,,,,,
2121,고산2동 마이리틀퐁,마이리틀퐁,,,,,,,,
2122,고산2동 아틀리에빈 고산점,아틀리에빈 고산점,,,,,,,,
2123,수성2가동 카페클레오파트라,카페 클레오파트라,,,,,,,,
2124,수성3가동 마쥬,마쥬,,,,,,,,
2125,황금2동 텐퍼센트커피 대구황금엘포레점,텐퍼센트커피 대구황금엘포레점,,,,,,,,
2126,중동 설렘커피 본점,설렘본점,,,,,,,,
2127,중동 흐드러진커피,흐드러진커피,,,,,,,,
2128,황금2동 살랑커피,살랑커피,,,,,,,,
2129,수성2가동 레디투커피,레디투커피,,,,,,,,
2130,범어1동 레프트뱅크커피 범어에일린점,레프트뱅크커피 범어에일린점,,,,,,,,
2131,수성2가동 블루샥 대구범어점,블루샥 대구범어점,,,,,,,,
2132,범어1동 노바디커피클럽,노바디커피클럽,,,,,,,,
2133,범어1동 켑트커피,켑트커피 범어,,,,,,,,
2134,범어1동 카페생활,카페생활,,,,,,,,
2135,수성2가동 마루모리,마루모리카페,,,,,,,,
2136,황금2동 또리커피 수성점,또리커피 수성점,,,,,,,,
2137,황금2동 유엠엠커피(UMMCOFFEE),유엠엠커피,,,,,,,,
2138,두산동 셀프바리스타 황금점,셀프바리스타 황금점,,,,,,,,
2139,두산동 파스쿠찌 대구황금점,파스쿠찌 대구황금점,,,,,,,,
2140,황금1동 공차 대구황금점,공차 대구황금점,,,,,,,,
2141,황금1동 쿠스커피,CUS COFFEE,,,,,,,,
2142,중동 오하커피,오하커피,,,,,,,,
2143,만촌3동 리움,리움,,,,,,,,
2144,두산동 마가렛루멘,마가렛루멘,,,,,,,,
2145,두산동 몬스터커피 두산점,몬스터커피 두산점,,,,,,,,
2146,두산동 읍천리382 대구두산점,읍천리382 두산점,,,,,,,,
2147,두산동 하삼동커피 대구두산점,하삼동커피 대구두산점,,,,,,,,
2148,두산동 메가MGC커피 대구황금점,메가MGC커피 대구황금점,,,,,,,,
2149,두산동 더벤티 대구두산점,더벤티 대구두산점,,,,,,,,
2150,지산1동 타샤커피,타샤커피,,,,,,,,
2151,황금1동 쭈롱베이크샵,쭈롱베이크샵,,,,,,,,
2152,황금1동 바질커피,바질커피,,,,,,,,
2153,황금1동 비포커피,비포커피,,,,,,,,
2154,범어4동 서로커피 만촌점,서로커피 만촌점,,,,,,,,
2155,황금1동 이디야커피 대구범어경신점,이디야커피 대구범어경신점,,,,,,,,
2156,범어4동 이끌림스터디카페,이끌림스터디카페 범어점,,,,,,,,
2157,황금1동 히스,히스,,,,,,,,
2158,범어4동 카페 로즈앤코튼,카페 로즈앤코튼,,,,,,,,
2159,만촌2동 teo,teo cafe,,,,,,,,
2160,만촌2동 얼리부띠끄카페,얼리 부띠끄 카페,,,,,,,,
2161,만촌3동 쿠우,쿠우,,,,,,,,
2162,만촌2동 충의로 3,충의로 3,,,,,,,,
2163,가창면 카페봄봄 대구파동점,카페봄봄 파동점,,,,,,,,
2164,파동 커피패밀리 파동점,커피패밀리 파동점,,,,,,,,
2165,가창면 카페노리터,카페노리터,,,,,,,,
2166,가창면 비그릭,비그릭,,,,,,,,
2167,가창면 이오커피,이오커피,,,,,,,,
2168,파동 라고디카페,라고디카페,,,,,,,,
2169,상동 커피파리스,커피파리스,,,,,,,,
2170,가창면 고요의 숲,고요의숲,,,,,,,,
2171,파동 카페파잠리,카페파잠리,,,,,,,,
2172,고산2동 산너머그집꿀,산너머그집 꿀카페,,,,,,,,
2173,만촌1동 낮잔에밤별소,낮잔에밤별소,,,,,,,,
2174,만촌1동 카페꽃이피다 만촌점,카페꽃이피다만촌점,,,,,,,,
2175,효목2동 파스쿠찌 대구만촌점,파스쿠찌 대구만촌점,,,,,,,,
2176,만촌1동 듀,듀,,,,,,,,
2177,만촌1동 샌타바버라,샌타바버라,,,,,,,,
2178,만촌1동 카페봄봄 만촌점,카페봄봄 만촌점,,,,,,,,
2179,만촌1동 몬스터커피 만촌점,몬스터커피 만촌점,,,,,,,,
2180,만촌1동 뵈르카페,뵈르카페,,,,,,,,
2181,만촌1동 크로스워크,크로스워크,,,,,,,,
2182,중동 멜티드,멜티드,,,,,,,,
2183,황금2동 룰루블루,룰루블루,,,,,,,,
2184,황금1동 카페 아틀란,카페 아틀란,,,,,,,,
2185,황금2동 힙오커피,힙오커피,,,,,,,,
2186,도원동 구트오피스커피,구트오피스커피,,,,,,,,
2187,동인동 스커트케이크샵,스커트케이크샵,,,,,,,,
2188,동인동 미스터브리즈커피 대구시청점,미스터브리즈커피 대구시청점,,,,,,,,
2189,도원동 서스카페,서스카페,,,,,,,,
2190,성내2동 러브모드,카페 러브모드,,,,,,,,
2191,성내2동 차방책방,차방책방,,,,,,,,
2192,성내3동 넌테이블,넌테이블,,,,,,,,
2193,삼덕동 더리터 동성로점,더리터 동성로점,,,,,,,,
2194,성내1동 이얼즈,이얼즈,,,,,,,,
2195,성내1동 빌로우 대구시청점,BELOW DAEGU CITY HALL,,,,,,,,
2196,삼덕동 카페헤이화,카페 헤이화,,,,,,,,
2197,삼덕동 혜동,혜동,,,,,,,,
2198,삼덕동 85커피,85커피,,,,,,,,
2199,남산2동 카페쵸피,카페 쵸피,,,,,,,,
2200,남산1동 탈린커피바,탈린커피바,,,,,,,,
2201,성내1동 까사넬로,까사넬로,,,,,,,,
2202,성내1동 버건디,버건디,,,,,,,,
2203,성내1동 북성로사람들,북성로사람들,,,,,,,,
2204,대신동 오퍼커피 서문시장점,오퍼커피 서문시장점,,,,,,,,
2205,도원동 매스커피 서문점,매스커피 서문점,,,,,,,,
2206,성내3동 더리터 대구서문시장점,더리터 서문시장점,,,,,,,,
2207,성내3동 카페이든,카페이든,,,,,,,,
2208,성내2동 물댄동산,물댄동산,,,,,,,,
2209,성내3동 로맨스빠빠,로맨스빠빠,,,,,,,,
2210,성내3동 카페마롱,카페마롱,,,,,,,,
2211,성내3동 커피한잔할래요,커피한잔할래요,,,,,,,,
2212,성내3동 아파트먼트 대구중앙점,아파트먼트 중앙점,,,,,,,,
2213,성내3동 할리스 롯데시네마프리미엄만경관점,할리스 만경관점,,,,,,,,
2214,성내3동 이디야커피 대구만경관점,이디야커피 대구만경관점,,,,,,,,
2215,성내1동 스쿱당,스쿱당 대구동성로점,,,,,,,,
2216,성내1동 영원아카이브,영원아카이브,,,,,,,,
2217,동인동 피삼사(pisamsa),피삼사,,,,,,,,
2218,동인동 커피러셀 동인점,커피러셀 동인점,,,,,,,,
2219,동인동 이디야커피 대구중구청점,이디야커피 대구중구청점,,,,,,,,
2220,동인동 카페로건,카페로건,,,,,,,,
2221,동인동 카페코튼 베이커리카페,카페코튼,,,,,,,,
2222,신천1동 영과점,영과점,,,,,,,,
2223,동인동 여름다방,여름다방,,,,,,,,
2224,동인동 크로플덕오리아가씨 대구중구점,크로플덕 오리아가씨 대구중구점,,,,,,,,
2225,성내2동 온정커피,온정커피,,,,,,,,
2226,성내3동 더 댄스,더 댄스,,,,,,,,
2227,동인동 이디야커피 대구시청점,이디야커피 대구시청점,,,,,,,,
2228,동인동 매스커피 시청점,매스커피 시청점,,,,,,,,
2229,동인동 헤드번팅커피,헤드번팅커피,,,,,,,,
2230,동인동 코히어,코히어,,,,,,,,
2231,동인동 오놀라,오놀라,,,,,,,,
2232,동인동 마이앤써이즈쿠키,마이앤써이즈쿠키,,,,,,,,
2233,동인동 퓨어리즘,퓨어리즘,,,,,,,,
2234,신천2동 데일리오아시스 대구본점,데일리오아시스 대구본점,,,,,,,,
2235,동인동 노웍스커피,노웍스커피,,,,,,,,
2236,동인동 시선커피스톨,시선커피스톨,,,,,,,,
2237,신천1동 브리플리,브리플리,,,,,,,,
2238,신천1동 모모상점,모모상점,,,,,,,,
2239,신천2동 샬로우커피 대구삼덕점,샬로우커피 대구삼덕점,,,,,,,,
2240,수성4가동 로우동인,로우동인,,,,,,,,
2241,삼덕동 더와이즈,더와이즈,,,,,,,,
2242,수성4가동 카페베버,카페베버,,,,,,,,
2243,신천2동 카페 아리움,카페 아리움,,,,,,,,
2244,동인동 테넷,테넷,,,,,,,,
2245,신천2동 명품다방,명품다방,,,,,,,,
2246,신천2동 모브,모브,,,,,,,,
2247,도원동 카페블레싱,카페 블레싱,,,,,,,,
2248,남산4동 녹아 대구남산점,녹아 대구남산점,,,,,,,,
2249,남산4동 텐퍼센트커피 대구남산극동점,텐퍼센트커피 대구남산극동점,,,,,,,,
2250,남산4동 카페너와나여행,카페 발리 하이,,,,,,,,
2251,남산3동 빽다방 대구청라힐스자이점,빽다방 대구청라힐스자이점,,,,,,,,
2252,남산3동 메가MGC커피 대구청라힐스점,메가MGC커피 대구청라힐스점,,,,,,,,
2253,남산4동 더리터 청라힐스자이점,더리터 청라힐스자이점,,,,,,,,
2254,대신동 더벤티 대구청라힐스자이점,더벤티 대구청라힐스자이점,,,,,,,,
2255,대신동 하삼동커피 청라언덕역점,하삼동커피 청라언덕역점,,,,,,,,
2256,남산4동 커피집,커피집,,,,,,,,
2257,남산4동 행복커피,행복커피,,,,,,,,
2258,대신동 카페인중독 대구남산점,카페인중독 대구남산점,,,,,,,,
2259,남산3동 메종드남산,메종드남산,,,,,,,,
2260,남산4동 카페어노드,카페어노드,,,,,,,,
2261,남산4동 라삐아이,라삐아이,,,,,,,,
2262,남산4동 파클렛,파클렛,,,,,,,,
2263,대신동 몬스터커피 남산점,몬스터커피 남산점,,,,,,,,
2264,남산3동 카페시집,카페 시집,,,,,,,,
2265,남산4동 카페오오디,ood,,,,,,,,
2266,남산3동 이디야커피 대구남산점,이디야커피 대구남산점,,,,,,,,
2267,남산4동 스위치남산,스위치남산,,,,,,,,
2268,남산4동 카페 몬짜(CAFFE MONZA),카페몬짜,,,,,,,,
2269,남산2동 모던다방,모던다방,,,,,,,,
2270,성내2동 피쉬마운트커피 남성로점,피쉬마운트커피 남성로점,,,,,,,,
2271,남산2동 리시트 현대점,리시트 현대,,,,,,,,
2272,남산2동 아리츠,아리츠,,,,,,,,
2273,남산2동 슬로우터틀 약전골목점,슬로우터틀 약전골목점,,,,,,,,
2274,남산2동 커피명가 반월당점,커피명가 반월당점,,,,,,,,
2275,비산4동 이디야커피 대구대신중앙점,이디야커피 대구대신중앙점,,,,,,,,
2276,대신동 매스커피 대신남산점,매스커피 대신남산점,,,,,,,,
2277,내당3동 컴포즈커피 대구대신자이점,컴포즈커피 대신자이점,,,,,,,,
2278,내당3동 빽다방 대구대신자이점,빽다방 대구대신자이점,,,,,,,,
2279,내당3동 카페봄봄 대신점,카페봄봄 대신점,,,,,,,,
2280,남산3동 카페이랑 남산점,카페이랑 남산점,,,,,,,,
2281,남산2동 라미아에밀리,라미아에밀리,,,,,,,,
2282,남산2동 슈퍼말차 더현대대구,슈퍼말차 더현대대구,,,,,,,,
2283,성내2동 폴바셋 더현대 대구점,폴 바셋 더현대 대구,,,,,,,,
2284,남산2동 조앤더주스 더현대대구점,조앤더주스 더현대 대구,,,,,,,,
2285,남산2동 노벨커피,노벨커피,,,,,,,,
2286,남산2동 빽다방 대구반월당현대점,빽다방 대구반월당현대점,,,,,,,,
2287,남산2동 더벤티 대구동아쇼핑점,더벤티 대구동아쇼핑점,,,,,,,,
2288,남산2동 공차 대구동아쇼핑점,공차 대구동아쇼핑점,,,,,,,,
2289,남산2동 망티커피 대구반월당점,망티커피 대구반월당점,,,,,,,,
2290,성내2동 고바슨 반달스퀘어점,고바슨 반달스퀘어점,,,,,,,,
2291,남산2동 빽다방 대구반월당지하점,빽다방 대구반월당지하점,,,,,,,,
2292,남산2동 메가MGC커피 대구메트로센타점,메가MGC커피 대구메트로센타점,,,,,,,,
2293,남산2동 인더가든,인더가든,,,,,,,,
2294,성내1동 파스쿠찌 대구동성로광장점,파스쿠찌 대구동성로광장점,,,,,,,,
2295,성내1동 로드커피,로드커피,,,,,,,,
2296,성내1동 코즈,코즈,,,,,,,,
2297,삼덕동 이디야커피 대구봉산육거리점,이디야커피 대구봉산육거리점,,,,,,,,
2298,삼덕동 투썸플레이스 대구누네안과병원점,투썸플레이스 대구누네안과병원점,,,,,,,,
2299,대봉1동 팔공티 경대병원역점,팔공티 경대병원역점,,,,,,,,
2300,대봉1동 리틀빅커피,리틀빅 커피,,,,,,,,
2301,삼덕동 명인,명인,,,,,,,,
2302,대신동 커피셀러,커피셀러,,,,,,,,
2303,대신동 굿데이마마,굿데이마마,,,,,,,,
2304,남산3동 롤러커피,롤러커피,,,,,,,,
2305,성내2동 카페카리부,카리부카페,,,,,,,,
2306,남산2동 청담커피 계산점,청담커피 계산점,,,,,,,,
2307,남산2동 두남,카페두남,,,,,,,,
2308,남산2동 한나커피,한나커피,,,,,,,,
2309,대봉1동 멜로우즈,멜로우즈,,,,,,,,
2310,대봉2동 스토크,스토크커피앤파티세리,,,,,,,,
2311,삼덕동 살구,살구,,,,,,,,
2312,삼덕동 벵봉,벵봉,,,,,,,,
2313,삼덕동 헤이넛,헤이넛,,,,,,,,
2314,삼덕동 우리의낮과밤,우리의 낮과밤,,,,,,,,
2315,삼덕동 모캄보 대구삼덕점,모캄보 대구 삼덕점,,,,,,,,
2316,삼덕동 더벤티 경대병원점,더벤티 경대병원점,,,,,,,,
2317,삼덕동 카페큐알,카페큐알,,,,,,,,
2318,삼덕동 컬렉팅더모먼츠,컬렉팅더모먼츠,,,,,,,,
2319,삼덕동 삼더크,삼더크,,,,,,,,
2320,삼덕동 투썸플레이스 대구삼덕점,투썸플레이스 대구삼덕점,,,,,,,,
2321,삼덕동 카페헤이하이,헤이하이,,,,,,,,
2322,삼덕동 티라레미수 대구삼덕점,티라레미수,,,,,,,,
2323,삼덕동 p.34,p.34,,,,,,,,
2324,대봉1동 카페문101,cafe Moon101,,,,,,,,
2325,대봉1동 언밸런스,언밸런스,,,,,,,,
2326,대봉1동 고이그,고이그,,,,,,,,
2327,대봉1동 캣냅,캣냅,,,,,,,,
2328,대봉1동 헤이븐스 미쉘,헤이븐스미쉘,,,,,,,,
2329,삼덕동 커피맛을조금아는남자,커피맛을조금아는남자,,,,,,,,
2330,삼덕동 샤밀,샤밀,,,,,,,,
2331,대봉1동 카페봄봄 김광석골목점,카페봄봄 김광석골목점,,,,,,,,
2332,성내2동 커피팀버 서문점,커피팀버 서문점,,,,,,,,
2333,내당3동 핸즈커피 서문시장점,핸즈커피 서문시장점,,,,,,,,
2334,이천동 요거트렌디,요거트렌디,,,,,,,,
2335,이천동 대봉동 문,대봉동 문,,,,,,,,
2336,대봉2동 빽다방 대구대봉점,빽다방 대구대봉점,,,,,,,,
2337,대봉2동 헤이듀,헤이듀,,,,,,,,
2338,대봉2동 마시그래이 센트로봉산점,마시그래이 센트로봉산점,,,,,,,,
2339,대신동 빙내가,빙내가,,,,,,,,
2340,대신동 슬립리스인시애틀 서문시장점,슬립리스인시애틀 서문시장점,,,,,,,,
2341,삼덕동 매스커피 경대병원역점,매스커피 경대병원역점,,,,,,,,
2342,삼덕동 핸즈커피 경대병원점,핸즈커피 경대병원점,,,,,,,,
2343,삼덕동 하늘카페,하늘카페,,,,,,,,
2344,삼덕동 이디야커피 대구경북대병원점,이디야커피 대구경북대병원점,,,,,,,,
2345,동인동 이디야커피 대구MS재건병원점,이디야커피 MS재건병원점,,,,,,,,
2346,대봉2동 오가닉모가,오가닉모가,,,,,,,,
2347,대봉1동 크롭투컵,크롭투컵,,,,,,,,
2348,대봉1동 샌드록커피,샌드록커피,,,,,,,,
2349,대봉1동 매스커피 대봉점,매스커피 대봉점,,,,,,,,
2350,대봉1동 샤인오브유,샤인오브유,,,,,,,,
2351,대봉2동 벽돌집,벽돌집,,,,,,,,
2352,대봉2동 미드웨이,미드웨이,,,,,,,,
2353,대봉1동 몬다코,몬다코,,,,,,,,
2354,대봉1동 바람불어오는곳,바람이불어오는곳,,,,,,,,
2355,수성4가동 수평적관계,수평적관계,,,,,,,,
2356,삼덕동 빽다방 대구경대병원점,빽다방 대구경대병원점,,,,,,,,
2357,삼덕동 피컵요거트,피컵요거트,,,,,,,,
2358,삼덕동 로망띠끄,로망띠끄,,,,,,,,
2359,신천1동 검은구상,검은구상,,,,,,,,
2360,신천1동 디르페,디르페,,,,,,,,
2361,수성4가동 하얀기억,하얀기억,,,,,,,,
2362,동인동 서로의달,서로의달,,,,,,,,
2363,동인동 텐퍼센트커피 대구삼덕점,텐퍼센트커피 대구삼덕점,,,,,,,,
2364,동인동 해피슈르,해피슈르,,,,,,,,
2365,동인동 카페자매집,카페자매집,,,,,,,,
2366,동인동 박가네커피,박가네커피,,,,,,,,
2367,동인동 동인정취,동인정취,,,,,,,,
2368,동인동 홍오커피,홍오커피,,,,,,,,
2369,동인동 카페퀸즈,카페퀸즈,,,,,,,,
2370,수성1가동 프롬오지,프롬오지,,,,,,,,
2371,대봉2동 선댄스팜,선댄스팜,,,,,,,,
2372,대봉1동 라우스터프 대봉,라우스터프 대봉,,,,,,,,
2373,성내1동 컴포즈커피 대구동성로점,컴포즈커피 동성로점(대구동성로1호점),,,,,,,,
2374,성내1동 접속,접속,,,,,,,,
2375,성내1동 소일,소일,,,,,,,,
2376,성내1동 디저트39 대구동성로점,디저트39 대구동성로점,,,,,,,,
2377,성내1동 투썸플레이스 대구주얼리광장점,투썸플레이스 대구주얼리광장점,,,,,,,,
2378,성내1동 문화장,문화장,,,,,,,,
2379,성내1동 투썸플레이스 대구동성로광장점,투썸플레이스동성로광장점,,,,,,,,
2380,성내1동 핸즈커피 동성로데오점,핸즈커피 동성로데오점,,,,,,,,
2381,삼덕동 웰크레페 동성로점,웰크레페 동성로점,,,,,,,,
2382,삼덕동 탐스커버리 동성로점,탐앤탐스 동성로점,,,,,,,,
2383,성내1동 랑데자뷰 대구동성로점,랑데자뷰 대구동성로점,,,,,,,,
2384,성내1동 커피모렌,커피모렌,,,,,,,,
2385,성내1동 파스쿠찌 대구동성로점,파스쿠찌 대구동성로점,,,,,,,,
2386,성내1동 커피빈 대구228공원앞점,커피빈 대구228공원앞점,,,,,,,,
2387,성내1동 도리안그레이,도리안그레이,,,,,,,,
2388,삼덕동 카페달달 동성로본점,카페달달 동성로본점,,,,,,,,
2389,성내1동 브라운브릭스,브라운브릭스,,,,,,,,
2390,고성동 타임,타임,,,,,,,,
2391,성내1동 동성로미술관,동성로미술관,,,,,,,,
2392,성내1동 티클래스 리저브 르샤블랑,티클래스 리저브 르샤블랑,,,,,,,,
2393,삼덕동 머그컵,머그컵,,,,,,,,
2394,삼덕동 주다방,주다방 동성로점,,,,,,,,
2395,성내1동 커피매거진,커피매거진,,,,,,,,
2396,성내1동 마이커피컬로맨스,마이커피컬로맨스,,,,,,,,
2397,삼덕동 마스터키 동성로2호점,마스터키 동성로로데오점,,,,,,,,
2398,삼덕동 투썸플레이스 대구동성로점,투썸플레이스 대구동성로점,,,,,,,,
2399,삼덕동 콩카페 대구동성로로데오점,콩카페 대구동성로로데오점,,,,,,,,
2400,삼덕동 셜록홈즈 동성로점,셜록홈즈 동성로점,,,,,,,,
2401,성내1동 설빙 동성로대백점,설빙 대구동성로대백점,,,,,,,,
2402,성내1동 할리스 대구동성로점,할리스 대구동성로점,,,,,,,,
2403,성내1동 공차 대구동성로점,공차 동성로점,,,,,,,,
2404,남산4동 달콤미술관,달콤미술관,,,,,,,,
2405,남산4동 캔버스,캔버스,,,,,,,,
2406,남산1동 더리터 명덕역점,더리터 명덕역점,,,,,,,,
2407,남산3동 카페이층공작소,카페이공,,,,,,,,
2408,남산1동 번데기클럽,번데기클럽,,,,,,,,
2409,이천동 대봉정,대봉정,,,,,,,,
2410,이천동 원파인트리,원파인트리,,,,,,,,
2411,이천동 킹콩쥬스앤커피 대백프라자점,킹콩쥬스앤커피 대백프라자점,,,,,,,,
2412,수성1가동 오가다 대구대백프라자점,오가다 대구대백프라자점,,,,,,,,
2413,대봉1동 커피명가 프라자점,커피명가 프라자점,,,,,,,,
2414,대봉1동 공차 대구백화점플라자점,공차 대구백화점플라자점,,,,,,,,
2415,수성1가동 파노라마 포레스트180,파노라마포레스트180,,,,,,,,
2416,이천동 달콤한점빵,달콤한점빵,,,,,,,,
2417,이천동 카와올라,카와올라,,,,,,,,
2418,이천동 브라운슈가,카페 브라운슈가,,,,,,,,
2419,남산2동 스파이시커피,스파이시,,,,,,,,
2420,남산3동 쿠덕쿠덕,쿠덕쿠덕,,,,,,,,
2421,남산3동 카페봄봄 남산점,카페봄봄 남산점,,,,,,,,
2422,남산2동 씨티씨커피로스터스,씨티씨커피로스터스,,,,,,,,
2423,남산1동 남산동커피,남산동커피,,,,,,,,
2424,대봉2동 문학서비스센터,문학서비스센터,,,,,,,,
2425,남산1동 커스텀비,커스텀비,,,,,,,,
2426,대봉2동 호안느,호안느,,,,,,,,
2427,남산1동 부루잉,부루잉,,,,,,,,
2428,남산2동 탠지커피하우스,탠지커피하우스,,,,,,,,
2429,남산3동 가듀,가듀,,,,,,,,
2430,대봉2동 블랙로드커피,블랙로드 커피,,,,,,,,
2431,대봉2동 오브너,오브너,,,,,,,,
2432,대봉2동 읍천리382 대구중구점,읍천리 중구점,,,,,,,,
2433,성내1동 딥고잉,딥고잉,,,,,,,,
2434,성내1동 딥커피로스터스,딥커피로스터스,,,,,,,,
2435,대봉2동 윌로우커피,윌로우커피,,,,,,,,
2436,대봉2동 리노운,리노운,,,,,,,,
2437,대봉2동 피플스커피,피플스커피,,,,,,,,
2438,대봉2동 브릭62,브릭62,,,,,,,,
2439,성내1동 코타커피,코타커피,,,,,,,,
2440,성내2동 어울리커피클럽,어울리커피클럽,,,,,,,,
2441,성내3동 카페 1.14km,1.14km,,,,,,,,
2442,성내3동 라디오데이즈,라디오데이즈,,,,,,,,
2443,비산2동 몽구네애견카페,몽구네 애견카페,,,,,,,,
2444,남산2동 캠프바이 커피명가,커피명가 캠프바이커피명가,,,,,,,,
2445,남산2동 나봄,나봄,,,,,,,,
2446,성내3동 요거프레소 서성네거리점,요거프레소 서성네거리점,,,,,,,,
2447,비산3동 더디퍼,더 디퍼,,,,,,,,
2448,성내3동 카페봄봄 북성로점,카페봄봄 북성로점,,,,,,,,
2449,성내3동 구디쉬,구디쉬,,,,,,,,
2450,성내3동 카페향촌,카페향촌,,,,,,,,
2451,성내2동 딥커피로스터스 향촌,딥커피로스터스 향촌,,,,,,,,
2452,성내2동 퍼센트14-3,퍼센트14 3,,,,,,,,
2453,도원동 온니컵로스터리,온니컵 로스터리,,,,,,,,
2454,성내2동 브릭커피,브릭커피,,,,,,,,
2455,성내3동 나스커피로스터스,나스커피로스터스,,,,,,,,
2456,이천동 김진수로스터리카페,김진수로스터리카페,,,,,,,,
2457,대봉2동 로스팅 파츠,로스팅 파츠,,,,,,,,
2458,남산2동 반월라떼,반월라떼,,,,,,,,
2459,남산3동 핸썸커피 남산점,핸썸커피 남산점,,,,,,,,
2460,성내2동 투썸플레이스 대구종로점,투썸플레이스 대구종로점,,,,,,,,
2461,성내3동 카페샌프란시스코,샌프란시스코,,,,,,,,
2462,성내2동 드리퍼베이커,드리퍼베이커,,,,,,,,
2463,성내2동 백금당 종로점,백금당 종로점,,,,,,,,
2464,성내3동 이씨씨커피,이씨씨커피,,,,,,,,
2465,성내3동 코그커피,코그커피,,,,,,,,
2466,남산2동 매스커피 반월당점,매스커피 반월당점,,,,,,,,
2467,남산1동 메이커피,MAYCOFFEE,,,,,,,,
2468,남산3동 투썸플레이스 대구남산점,투썸플레이스 대구남산점,,,,,,,,
2469,남산1동 아나바커피,아나바커피,,,,,,,,
2470,성내1동 더기커피,더기커피,,,,,,,,
2471,성내1동 타르타르 대구동성로점,타르타르 대구동성로점,,,,,,,,
2472,성내3동 커피뉴,뉴마왕핫도그 & 르르르 커피,,,,,,,,
2473,남산2동 노스폴,노스폴,,,,,,,,
2474,성내2동 메가MGC커피 동성로점,메가MGC커피 대구동성로점,,,,,,,,
2475,성내1동 이디야커피 대구동성로점,이디야커피 동성로점,,,,,,,,
2476,성내1동 슬로우터틀 중앙로점,슬로우터틀 중앙대로점,,,,,,,,
2477,성내2동 블루샥 동성로점,블루샥 대구 동성로점,,,,,,,,
2478,성내2동 파스쿠찌 대구중앙로점,파스쿠찌 대구중앙로점,,,,,,,,
2479,남산1동 둥블랑,카페둥블랑,,,,,,,,
2480,남산1동 댕댕 브라우니,댕댕 브라우니,,,,,,,,
2481,남산2동 모리스커피,모리스커피,,,,,,,,
2482,성내2동 스테드,스테드,,,,,,,,
2483,남산2동 겸카롱,겸카롱,,,,,,,,
2484,성내2동 너에게간다,너에게 간다,,,,,,,,
2485,성내3동 맨션5,맨션5,,,,,,,,
2486,성내2동 웨스트110,WEST110,,,,,,,,
2487,성내2동 랩디 본점,랩디 본점,,,,,,,,
2488,성내2동 엘티알커피,엘티알커피,,,,,,,,
2489,남산2동 미도다방,미도다방,,,,,,,,
2490,남산2동 커피인구,커피인구,,,,,,,,
2491,비산4동 커피 제5지구,커피 제5지구,,,,,,,,
2492,대신동 애플,애플,,,,,,,,
2493,내당2동 조금남다른커피,조금남다른커피,,,,,,,,
2494,비산4동 마시그래이 서문시장점,마시그래이 서문시장점,,,,,,,,
2495,대신동 핸즈커피 서문2지구점,핸즈커피 서문2지구점,,,,,,,,
2496,성내3동 카페봄봄 서문시장점,카페봄봄 서문시장점,,,,,,,,
2497,내당2동 킹콩커피,킹콩커피,,,,,,,,
2498,비산4동 몬스터커피 서문시장점,몬스터커피 서문시장점,,,,,,,,
2499,대신동 더안카페,더안,,,,,,,,
2500,내당3동 스타지오네,스타지오네,,,,,,,,
2501,비산4동 서문다방,서문다방,,,,,,,,
2502,대신동 분홍커피,분홍커피,,,,,,,,
2503,성내2동 파스쿠찌 대구태평메가타워점,파스쿠찌 태평메가타워점,,,,,,,,
2504,성내2동 위시카페,위시카페,,,,,,,,
2505,성내2동 박물관이야기,박물관이야기,,,,,,,,
