,0
국우동 노블리비아,https://drive.google.com/uc?id=18ek6x3S34h4kC1UN87ewLqpEWBJdYJX5
무태조야동 꽃다방,https://drive.google.com/uc?id=1CvD6yEUIR8WTRZgmQXRoe41a4uIZ-O8b
무태조야동 카페리미,https://drive.google.com/uc?id=1oR4inSPyGsnaNCyLNiC4O5-0wi4aaWYX
무태조야동 팔공티 동변점,https://drive.google.com/uc?id=1IrdUVh89ZpbO6GQICU_1j5SsPeSvCJ1h
무태조야동 에이엣디,https://drive.google.com/uc?id=1rTn0-yqMKQJIzPx_pIJzZTomGrOthTWg
산격1동 투썸플레이스 북대구IC주유소DT점,https://drive.google.com/uc?id=1qSLAMBrlfDuCLEiKEfN2AWmKIRqBDZYK
산격1동 달보드레,https://drive.google.com/uc?id=1utBcVIkSic6jMmYVeTAPYVnlimLnT7z9
산격1동 달리는커피 대구산격1호점,https://drive.google.com/uc?id=1uNj_RLngZn7QCviKou2dA1QTceOdA9D9
산격1동 이디야커피 대구산격동점,https://drive.google.com/uc?id=1PU_QsViSlg88lYckoAaXjs8pTTVGWT3k
산격2동 마시그래이 산격대우점,https://drive.google.com/uc?id=1BMin_Ae4J6Dlg5ke5R8Se4rK4ZTwbBZZ
산격2동 위치커피 산격점,https://drive.google.com/uc?id=1CpyflDqBqeP_SAa9Cu-9Y3c-7PJaA-l2
산격2동 커피에반하다 대구산격점,https://drive.google.com/uc?id=1FTc-i6uTvOKdkpzgp_PMxihu200VixFQ
산격2동 하삼동커피 대구산격점,https://drive.google.com/uc?id=1F7HrMkUsCEGs0U3eRfcWyXUDikKs3E8K
복현1동 몬스터커피 복현점,https://drive.google.com/uc?id=1fyHHCHFIdDCwIaudEcOvyIQl4BzkO2ow
복현1동 디저트39 복현아이파크점,https://drive.google.com/uc?id=19htqNoezz5T7-G98MUXXtqDzg9ZCGPTj
복현1동 메가MGC커피 대구복현아이파크점,https://drive.google.com/uc?id=1JGtUG7bxUcY7U8t62CuTbzRYtfdo3rcO
복현1동 팬카페,https://drive.google.com/uc?id=1MFfCCSA165hqNuNMy5I1FCdomxotTUJp
복현2동 바라보다커피,https://drive.google.com/uc?id=1ODlsPpuRSbgSMs9nEPhfmtgDzf02ObvY
복현2동 레몬,https://drive.google.com/uc?id=1F6c-kLxvADnUp7xejNamjJf-tcdU9Tff
복현2동 수야모커피,https://drive.google.com/uc?id=1_Y_mgRyd_JihEkA_wtpmJgEraXLmBJqV
복현1동 해리슨커피숍,https://drive.google.com/uc?id=14RiO6xL99Sn9QL00OtRomU5EWDr-i_X3
복현1동 빽다방 대구복현네거리점,https://drive.google.com/uc?id=1hhHxWGri1zdMx_qzk0v3qY-E6b1Wa8Bm
복현1동 공차 대구복현점,https://drive.google.com/uc?id=1DSA6rBpMXkvfawA6dZLaUZ1ysvwsXeHJ
신암5동 올리버브라운 대구복현점,https://drive.google.com/uc?id=11kX3wqJUZBxpzycCp3-PVESUGJpU7N68
산격1동 플랜어트립,https://drive.google.com/uc?id=1BzBey3GsIiuOu4kcDDHsiUMeK2Gg-8_2
산격2동 읍천리382 대구경북대점,https://drive.google.com/uc?id=1U36kny8L77mKvW7BvRKbDrhIUftr6g-e
산격1동 촌실빵실살롱드테,https://drive.google.com/uc?id=1Cv81KO4I9ofSDDAn2KDPsFzw4bX40jQW
복현2동 프라이스커피,https://drive.google.com/uc?id=1zRc2B2mNrFrjPk0OWeKl_oXPqIChUS6s
신암5동 핸즈커피 복현점,https://drive.google.com/uc?id=1QRswIKplUF-gtI5qcMcuuAgJcmDnpt-B
복현2동 마시그래이 복현푸르지오점,https://drive.google.com/uc?id=1d2PekL5HNqqakhU07fGXEYtBhCw_DQdD
동천동 더리터 칠곡메가박스점,https://drive.google.com/uc?id=1FOeHgwRSeX6THyJz_wmRgGnTe_jD9QwZ
국우동 CoffeeNol,https://drive.google.com/uc?id=1Kqf2yeJuUXCoVjp2yig9OjMrFt8zuwmc
관음동 써드스페이스 커피,https://drive.google.com/uc?id=1etoO5ZjCOI2IVGakMabJkASHF4urEsx1
관음동 투썸플레이스 대구칠곡3지구점,https://drive.google.com/uc?id=1ch-SqxSvJ4K-AmhQ9XsCXTB5kPqenviK
읍내동 카페조안나 칠곡점,https://drive.google.com/uc?id=1TGuc_D_MJK3OvS7md9_gGodUk0VFdiB3
동천동 로투스,https://drive.google.com/uc?id=1zt4ePaOAZUIs3hJfE1jtLLx5yrnrBamC
관음동 청솔로9 칠곡동천점,https://drive.google.com/uc?id=1lFmRQhFnbhgIosZ0VCnL8rxPLcXRGf1r
읍내동 동네커피 칠곡점,https://drive.google.com/uc?id=1rsNEdv1tij-PxrXjc4FCPHHQWUuYI2TY
구암동 그카페,https://drive.google.com/uc?id=1e4yW9GisszyHjX6U0Ef8DAXuZ_JRJKSm
구암동 정스커피,https://drive.google.com/uc?id=1YDE5q0qmrAFD45jn5dOYoaIPq6FdhvyJ
구암동 카페0937,https://drive.google.com/uc?id=1BrrSyX-7kt9PoH4mP-KvfL3UEKK5l_N8
구암동 투포인트,https://drive.google.com/uc?id=1yy8YJgYYQ9mJAtWUtb6ld6mui6MpatMO
구암동 디어라마,https://drive.google.com/uc?id=1KvJARkJ_ZiRfKgH7HWVFNAp3gOrQvHrx
동천동 마실커피 칠곡점,https://drive.google.com/uc?id=1ugQfV3jEGbZjd398A3G6ni5ggaCGWuZ2
동천동 커피베이 대구동천점,https://drive.google.com/uc?id=1wyy4JJI1xB7XqtUgIrhYSr9hrekuY69b
동천동 몬스터커피 칠곡3지구점,https://drive.google.com/uc?id=1_JyutWHXt7fb0p0CDOToFsgDhzkW7lEX
동천동 미유버터,https://drive.google.com/uc?id=17QOBFIGcvX9ybg66qH1oE6r4ONthNhWz
관음동 카페달달 칠곡점,https://drive.google.com/uc?id=1YITEG2QjLidrmrN2Z2ulxNcLP8-F2IIh
관음동 감성커피 대구팔거역점,https://drive.google.com/uc?id=1PqjsY8ij-wElTkcU8qL5I7s-w0B70jIn
관음동 플랜 칠곡점,https://drive.google.com/uc?id=1KK6iaqjHLfEfnZgUbMRFnQ0k_ciVR4Cs
관음동 제로디스턴스,https://drive.google.com/uc?id=1GivXCuQnDg0NS8dMYy7N82vFDCaDJ9wq
관음동 투데이로스팅커피 동천점,https://drive.google.com/uc?id=1K8cg552rIRPyYz-HrW7dr1xK04cW_6aK
구암동 아마스빈 대구칠곡점,https://drive.google.com/uc?id=12O3KDhibaZTfU2XaCocq4DkdRCw_SaCV
무태조야동 빽다방 대구연경점,https://drive.google.com/uc?id=1S7t4TY8Nkvmbx-nMJ0SDLEkklECnHKDi
태전2동 윤슬다,https://drive.google.com/uc?id=1FTG2u2IWbgJTBuaRDt2Whj-EU4YCB020
관문동 쿠잉,https://drive.google.com/uc?id=1AHLZjNJf-AZVPa1vW3viLOllvHVBcFF2
관문동 나의 계절 봄,https://drive.google.com/uc?id=1niXnoRIGoaNplr09KvfhfnI6NZYc6fWU
태전2동 빌리브라운 태전하늘점,https://drive.google.com/uc?id=1a8rVj0BQe1b0CoyDqIgdfMpf0RXlOuxo
관문동 커피스타972,https://drive.google.com/uc?id=1nAFvJsFeyxUMxoVq4WJkh2sVpz4EmiaF
관문동 시에로,https://drive.google.com/uc?id=1U-eNVb84JFyox6H2BRagpUmw6QdlsRhT
검단동 퍼즈X멜트베이커리,https://drive.google.com/uc?id=13X1wN6vJITx1-gOFnQHXGXg3tTZN4j9d
복현2동 더드림커피 대구복현아너스점,https://drive.google.com/uc?id=12B44krGx-tZr1vBaA9z2fIwbtA7ejunf
복현2동 까페다움 복현점,https://drive.google.com/uc?id=1DSgpm1yBv_awrKJX_ClWeuyTkcwX3raO
복현2동 카페홀트,https://drive.google.com/uc?id=17iFFt4VTLsKbIYSPU0DPyQH7ZUXxOPN0
복현2동 팔공티 영진전문대점,https://drive.google.com/uc?id=127EXs7SirmsdXfAONSFGDakf6txdhone
신암5동 트리굿커피 영진전문대점,https://drive.google.com/uc?id=1rqEu67ylliDHi8WBQlk1DVu6A2Tx_ITJ
검단동 영진도서관카페,https://drive.google.com/uc?id=1mIXckAGMYMDa0IKqZAdS2svZ7SjaBbRo
복현1동 베이크미요,https://drive.google.com/uc?id=15LDgGyTQnWUgLLp_6fzMazZkN8jnJZZA
복현2동 라라카롱,https://drive.google.com/uc?id=1SBkn_3Y71cx-cwAA0kLWjHhMvg8oID_i
복현2동 루머팡 복현점,https://drive.google.com/uc?id=1EZRiLWbKdbskoutiSL6sRJJg7lSaY32h
복현2동 위치커피 대구복현행복점,https://drive.google.com/uc?id=1P9AoI3j95zSCCGgtHzYsgRBhNThZ2_ML
지저동 스테이블모먼트 반석점,https://drive.google.com/uc?id=1h6UiDpv8npC8mxl0QVGMg_-m5MU84_8C
산격1동 설렘 경북대점,https://drive.google.com/uc?id=1Q82Q9UdNtHGsJx77zeL0KrE9wPR8mYJj
산격1동 청솔로9 경북대점,https://drive.google.com/uc?id=1IQYLJKiYXaIKhLXmKszumiVVGHQ2aL4b
산격4동 디저트39 대구경북대점,https://drive.google.com/uc?id=1jvaskPIEaw4uRdxhYw-Xqkflk63DJzgH
산격3동 헬리빈커피 경대북문점,https://drive.google.com/uc?id=1ZiLNTYpnwXZSnkJs_D6IbfXTpUZGJFdl
산격4동 팔공티 경북대북문점,https://drive.google.com/uc?id=1oibyXPCFAc1BpplqkM2nQ39C42ukCJJn
산격4동 어썸주스,https://drive.google.com/uc?id=1mpgptt7gTPerMhQ6bXJV5BNCe6zgyMIL
무태조야동 더벤티 대구동서변점,https://drive.google.com/uc?id=1ENOJs6hOH-geGAHt3khtRPqFNBV8EKQE
무태조야동 링넛카페,https://drive.google.com/uc?id=17lB_XJfrag3KG_bTTlpyU7hIVDhc0rh2
침산1동 할리스 대구침산점,https://drive.google.com/uc?id=1XtCUabRnJxnIQqmYwVatoP5bg5RlLeq9
침산2동 그란디스,https://drive.google.com/uc?id=1XwdobYCaQha0ccPkznP-S42aRomjozqI
침산3동 도너츠윤 대구직영점,https://drive.google.com/uc?id=1aruXzk17kqb2wpwBzkvkCygmcKXMB95Z
침산2동 티앤오,https://drive.google.com/uc?id=1ur49pQiGQk3jxEhnC6kwESHbht5jgbxt
침산1동 설래당,https://drive.google.com/uc?id=1lxQPUIg9SskQvTDWeIS7WHQR-r3RQMaS
산격1동 소응접실,https://drive.google.com/uc?id=1VOPLwMlqKQM7rVc2qbFjOEUH0wt1vX5I
침산1동 레스트온선데이,https://drive.google.com/uc?id=1ecxlt3A4anDlMWQNZuCoEEnzA7DYlvzf
신암2동 카페봄봄 대현점,https://drive.google.com/uc?id=1ta76RkCTHWdNjgWw-ktDWFGrQglSZ1gl
신암2동 이디야커피 대구신암로점,https://drive.google.com/uc?id=1KPKi3mLIZg0HhubXSkJTy6Ia23Z6X1_-
신암2동 머머커피,https://drive.google.com/uc?id=16BcJ0v1ymjjIHL-Tdk7UYLEKCkESbg-8
칠성동 카페엘림,https://drive.google.com/uc?id=1U3ERghp93lpYw1cpoJox88Gkzh3ORG3J
무태조야동 요거프레소 대구연경점,https://drive.google.com/uc?id=11M4EgfBag2Eh6oiSfGZapYTB-pyPXPGn
무태조야동 더리터 연경지구점,https://drive.google.com/uc?id=1SWZGO9ocNkbUR84TTWD861LXG9KEI8Ui
무태조야동 카페봄봄 연경점,https://drive.google.com/uc?id=1_JLy0K0fb4qmUq4vdm-uBnBWCrbjAh2k
무태조야동 탑리터 연경점,https://drive.google.com/uc?id=1CTxpq-o_bNHUPUcBEIt9_6EwLJ-JmLTc
무태조야동 위트커피 연경점,https://drive.google.com/uc?id=1siSFQaB-XsZUlrka710mIQG0651jdwDm
무태조야동 수에르떼,https://drive.google.com/uc?id=1EiEydro5u0NFGtHqyNUEobXXz9XuvVnV
무태조야동 하삼동커피 연경중앙점,https://drive.google.com/uc?id=1izvFI8cbxY0f-AksrVI1gqJnhowCtD5C
무태조야동 만랩커피 연경지구점,https://drive.google.com/uc?id=1behSaplDOzqwqnhAcaywT_JRxcQDYIST
산격4동 로이노엘,https://drive.google.com/uc?id=1kAyo6oq-pgSkiiqSHro37D4OqxhqYR72
산격1동 마이온룸,https://drive.google.com/uc?id=1sDAAWDfD4L0sRj5ueJl3filFC2xkvYAr
산격1동 언더더트리,https://drive.google.com/uc?id=1Nsw0msFnMi7BJ90CYFIV1A76c9BdFHK8
침산2동 커피아나,https://drive.google.com/uc?id=1FuYx4r_if6F222I6wYH8dSnxcnTUdT4_
태전1동 공차 대구보건대점,https://drive.google.com/uc?id=1EiSOmll4Be7ooBisbzoyJR_rXWVsOyD1
태전1동 몬스터커피 보건대점,https://drive.google.com/uc?id=1fsk4a74FMYZQ20Kp3MMKrAcZ_Zh1XVje
태전1동 베스트프레즐 대구칠곡직영점,https://drive.google.com/uc?id=1cEi-b4DR8mC84Wwg_3KoKn2uaQEwlZLK
침산1동 투썸플레이스 대구원대오거리점,https://drive.google.com/uc?id=1kdpb3iSy8pqET9mOiTyP-2B17BKklFKk
고성동 피쉬마운트커피 침산점,https://drive.google.com/uc?id=1kkvDS401j0HXON2kFiwbCJSdKbnByrnx
고성동 로비아네,https://drive.google.com/uc?id=1B17MZZsC2y57a3FlPPrA0Hn1cWTEBPLf
칠성동 청솔로9 침산점,https://drive.google.com/uc?id=1GZQeKCqf5g_o8BXfmOVNg55au81rvbcv
침산1동 카페봄봄 북구청점,https://drive.google.com/uc?id=1wXD84tGJpxYqExNvlHJnhoKJ5ORSg1yB
고성동 파스쿠찌 대구침산점,https://drive.google.com/uc?id=19owBPklbHValbyI3RXolnlfz4uUtztGH
칠성동 레프트뱅크 화인탑점,https://drive.google.com/uc?id=1OyEpv_QS4H02rSxrRFKjRpQiaxt1X-mM
침산3동 엔제리너스 대구침산점,https://drive.google.com/uc?id=1fQ6VQyUsU2nYRYMA7DVhPK7ZaSade3OI
고성동 설빙 대구침산점,https://drive.google.com/uc?id=13EzoX9KgRfBBEPIfd_drg8e58KakBVXZ
침산1동 투썸플레이스 대구침산점,https://drive.google.com/uc?id=1a_ZkPdr0kIf5piL_2uo4qLxmAgkNX8Np
침산1동 마시그래이 침산점,https://drive.google.com/uc?id=1raUMtGW7k9xmXJTS9ar10FMOGhPSnOpe
노원동 크럼키,https://drive.google.com/uc?id=1hUwGCjOpe_6E4FdlN3d16GvQ_w-RWgrT
침산1동 테리커피로스터스,https://drive.google.com/uc?id=1kMDiN0zqw2QbTufB_T5D2FWmryrmGV4A
노원동 헬로우,https://drive.google.com/uc?id=1-pjWKAyD1uoYQRnb7SM0zQ6mXU_XOj9Q
침산1동 제이커피 침산점,https://drive.google.com/uc?id=17CZ8qMrmozGbULLWVrIL19bUF3fBjC9j
침산1동 투썸플레이스 대구고성3가점,https://drive.google.com/uc?id=1NASNHnBrUyCQ0U0Dz3eQfCoAYHCLg14w
침산1동 코헨커피,https://drive.google.com/uc?id=1RPiZVw17Bbyvq_tRtd4DsTY_SfgkF-U_
고성동 감프커피,https://drive.google.com/uc?id=1oZJ_fkWZmyI6K97ly-ydPUU0ZSHN0FL0
원대동 발루토커피,https://drive.google.com/uc?id=1JqthgV1ihiIAc0TObdsRxXvJHoU3v6v8
산격2동 올리브카페,https://drive.google.com/uc?id=1AR6MUMm3jVxpslS7FgocyVEVrD68FAoL
산격2동 위트커피,https://drive.google.com/uc?id=1GlpVKq0lHam4_blxy_KbtCr0hCR13d8o
산격1동 이디야커피 대구텍스빌점,https://drive.google.com/uc?id=1aJgXhjC2sHHR1vDn4iv63rKy0bMyyJ2w
산격2동 카페인(IN),https://drive.google.com/uc?id=1aT79X39lg9cQEcbU-mDHB5qUjdoZ-2O6
검단동 투썸플레이스 대구엑스코점,https://drive.google.com/uc?id=1ibJc7v2kZHtR2RGEObWbyclPZ9P4PStL
국우동 카페히스토리스탠드,https://drive.google.com/uc?id=1SlUfF5utl1ty9xgCEzmYmhafvA0NKNw_
침산2동 메가MGC커피 대구칠성동점,https://drive.google.com/uc?id=1hDLZVjLKzWq3u1usBKTE1FuMQ2AxJfY3
칠성동 빽다방 대구칠성하늘채점,https://drive.google.com/uc?id=19gKo_pJoSby3OvtR-W-WlU2qVcd4lSTM
침산2동 워크업커피,https://drive.google.com/uc?id=1kch4vhzEjH5IUybNKSqNgtjXpdjjEKOk
침산2동 플레브,https://drive.google.com/uc?id=1M3u5iFwWeflbNYKNSKokunICnQy5zqUg
칠성동 하이다과점,https://drive.google.com/uc?id=1bNpA1TDsC5KKR3GdhtwhtFm6pV6QaTSw
침산2동 더드림커피 대구침산1호점,https://drive.google.com/uc?id=1kTOlvbRHJbGxmGb3dE5-3yD6P6Geb4b8
관문동 아이아이아이커피,https://drive.google.com/uc?id=1HO16dfIJ6Ae0FXX7h_oFgMXtvN-wef_p
관문동 파스쿠찌 대구칠곡태전DT점,https://drive.google.com/uc?id=1zGeNqDtNqpFEE1ax2-ispILImI3KoeLw
태전2동 마이우디,https://drive.google.com/uc?id=1imgqTuxFD8M-OS-T8VjtRMuBd_bv0BfN
태전1동 아마스빈 대구보건대점,https://drive.google.com/uc?id=1FtzGiDeysWVXFps3TgrRx84NmjEVx7XQ
태전1동 카페봄봄 보건대점,https://drive.google.com/uc?id=17oNn8n5WZ1N4ffw_ydcRNS7sjk3Z-7_m
태전2동 레프트뱅크,https://drive.google.com/uc?id=1ajHsKrEfs4COzgHIEVxevqFrBCc_qxEc
태전2동 조이커피,https://drive.google.com/uc?id=1RDj1uKUbRX08S_G4R8C-YMgE-yg5Q6SZ
읍내동 할로커피,https://drive.google.com/uc?id=1A3F-EZeSqoyCUo36oap15QRWjez2Fgdn
읍내동 카페별자리,https://drive.google.com/uc?id=1486NwjX-V5UIOSK0380IPUgSFB1953wG
관음동 카페봄봄 칠곡 읍내점,https://drive.google.com/uc?id=1rx_M-b2BiAkUH5OISPv7v6vo_qvOSx_t
관음동 요거트아이스크림의정석 대구칠곡점,https://drive.google.com/uc?id=175iaUlcqx9kEKSwOv-zkKHYR2NZyZoYO
관음동 춘이네커피살롱,https://drive.google.com/uc?id=1foVo_vCE6RCpggrF2ePUMUPmmFLkfXTZ
읍내동 레나,https://drive.google.com/uc?id=1xQ_oX0JG2t8A-EsUHQeTz-GQtK3fYKS2
관음동 그라노데커피,https://drive.google.com/uc?id=16pEpwd-HoeQDVTMxOh6iuaSybKs2ZL9s
관음동 빽다방 대구칠곡점,https://drive.google.com/uc?id=1bhuyxuSx8U9c9wrcun64XY0CAnkEOQRj
관음동 요거트월드 대구칠곡점,https://drive.google.com/uc?id=15NLcWofNqpAbPPsNzyP_tARVJTJPt8lI
관음동 히어앤나우,https://drive.google.com/uc?id=1tfNH2fqxZ14oQjtSjdfh9A8XRC-_3N-e
읍내동 달리는커피 대구읍내점,https://drive.google.com/uc?id=1zU5xcsyKx6Y-4Oyc8D8O3tQAJ17gbLWa
관음동 카페봄봄 강북프라임점,https://drive.google.com/uc?id=1HINe8uRO0dsdtltlQs3yMvTIEGDZM-Kb
관음동 탐앤탐스 대구강북마루점,https://drive.google.com/uc?id=1A0x7Jx8WYUMJIHEQ2nHIcB_GhHzuojAQ
읍내동 카페씨씨,https://drive.google.com/uc?id=1GKf82SW_91Gbg2Z0zeakq9I3LmKjZ42t
읍내동 카페트아르,https://drive.google.com/uc?id=1ywEobO1jZnF-eKHE5h22aeKAK3tk8Tee
태전2동 커피프렌즈(COFFEEFRIENDS),https://drive.google.com/uc?id=1k1Fs2DkPAtMvs91BNwesMTFqs0_aOon-
관문동 청춘다방,https://drive.google.com/uc?id=18dkpacOTfZrIJwmmfrxjnIUhClzzwsWt
관문동 바루베이크샵,https://drive.google.com/uc?id=1hnEr2EHX6axNJ62c1lHOGpiblQrOlijK
태전2동 카페얼바인,https://drive.google.com/uc?id=1lRRExrcJ7UnJfhU91L0KdnOCxiVTzcWM
태전1동 데이세븐,https://drive.google.com/uc?id=1bD5Kpd-Ez-O2mIqp8gdqMijG2YdmuYTU
태전1동 메르시일공사,https://drive.google.com/uc?id=1q1rIsWuRcM70nyZjUd93ji4ZY9OUtEm0
태전1동 메가MGC커피 대구보건대점,https://drive.google.com/uc?id=1v99MXjAqeJmJEuDczP4xSVDJWSlhRVqz
태전1동 카페코지(cafe kosie),https://drive.google.com/uc?id=1zAOdBTyQYE-mVwgrqyYbBG63nGMB-37Y
태전1동 천씨씨커피 대구보건대점,https://drive.google.com/uc?id=1em4_nv5DD7ZTsl3ZCjub6EFOEhJgBPRx
태전1동 푸키쿠키,https://drive.google.com/uc?id=1o4QCQFDNKtLiD3zpi7WJR50TzuPXzejU
태전1동 르샤흠,https://drive.google.com/uc?id=1UuswGaUU7zKPyJozSDZ5COv3zxvj5dpM
태전1동 헬로파이,https://drive.google.com/uc?id=1HnryrKqUXbKTvz-6BvmmQ6d-8aazEZ1k
태전1동 크로플덕오리아가씨 칠곡점,https://drive.google.com/uc?id=1K1wmO6Vwv2HP88zf7199tExG7XLZ0x6e
관음동 소지숍,https://drive.google.com/uc?id=1s-Y64mQpcD7itSg4a62SUCGlAcersHSO
칠성동 반달커피 대구칠성침산점,https://drive.google.com/uc?id=1eYOhXuZg2btifB8pwSnRGDn-YuTuHnDi
칠성동 바로닐,https://drive.google.com/uc?id=11ac8dYJzvqFTSWEediT09VmdKtcrnr3N
칠성동 루아커피,https://drive.google.com/uc?id=1pxhQhYYAbBwzVAS9BpixitMYx6ebP1B4
칠성동 마시그래이 칠성시장점,https://drive.google.com/uc?id=11Wklv-MiHkP2bepyVr19BMkuS0q9oosV
칠성동 레스트커피룸,https://drive.google.com/uc?id=1B0BafVm7sllxWfwqfB2n_2-4Y9xDda1r
고성동 더하당,https://drive.google.com/uc?id=1877z4DoTJYda7kQiowYXV3Xe3en04iVW
칠성동 도와커피,https://drive.google.com/uc?id=1IyL5rXq5aLavq371cTMrTiUi9xEF-VQP
칠성동 커피콩블랙빈,https://drive.google.com/uc?id=1JXQBQzYoWm3BNjngqhJELebLWHJ77Fk0
칠성동 북두칠성,https://drive.google.com/uc?id=1fAf5JpAhU8AjgEwSrzBk5V0OW0vLfhLQ
원대동 세컨바닐라,https://drive.google.com/uc?id=10nCWTxP2cmq57mWKuBasfd6IPLKjeMSR
침산1동 별들의다방 대구침산점,https://drive.google.com/uc?id=1Cwwc7JOFdnxGRZ0yDjKhU55lBFmmZ6WK
침산3동 할리스 대구침산네거리점,https://drive.google.com/uc?id=1_1MNK-8yRSkeKSFb7WHX2QKpJRyxOKaJ
침산3동 하삼동커피 대구침산점,https://drive.google.com/uc?id=1ED99ETjUw74ecUojKSp_zQUM_gMZWZNQ
침산1동 더리터 대구침산점,https://drive.google.com/uc?id=1wDwRciJcosR55lSBRRf1uabhzoPcBe-k
침산2동 카페애하,https://drive.google.com/uc?id=11ko1QQ4tv0WFxUD0hbRJtTUXHNFYvBB7
원대동 신신카페,https://drive.google.com/uc?id=1jtPFu530TuzhA29M6zzEiu1P7QN4RcTK
침산2동 더벤티 침산오페라점,https://drive.google.com/uc?id=16jnjmNT4S2t2VU6CSqmh0v3TFpAQyf57
침산3동 매스커피 침산네거리점,https://drive.google.com/uc?id=1x-Q5ca0beufxOQyBu7wJfINgipXBsqeK
침산3동 아마스빈 대구침산점,https://drive.google.com/uc?id=1L1nFLwGZJ6_xTMAjn1THIRontuIte8Y3
침산2동 더벤티 대구침산점,https://drive.google.com/uc?id=1wsZwVIyHuBe_QNkkevtX79uJuJth1FLH
침산3동 레프트뱅크,https://drive.google.com/uc?id=1Uq8pDk0qYIjjn3Pwp0R63SzTkjifhZU6
침산2동 카페봄봄 침산점,https://drive.google.com/uc?id=1i-zc0ucSWiUAp_xsHAinzSHydeaAl_us
침산2동 컴포즈커피 대구침산점,https://drive.google.com/uc?id=1qDguhJNxZsJNwc7BYvztGODAzgih6TLP
침산1동 디저트39 대구 침산점,https://drive.google.com/uc?id=1Wd0I1ssAUS49eTDSViPVf47LLQdlw208
산격1동 엔제리너스 대구침산로점,https://drive.google.com/uc?id=1WFiggZHcR2G-780M6CTIcU9rEaz-QRht
침산2동 핏어펫,https://drive.google.com/uc?id=1qoTDxh28lu0JHDW_ZoVlSt__xXKtTDdG
침산3동 빽다방 대구침산점,https://drive.google.com/uc?id=1uGYX9d6tWuBQiJbsFfFP_aeDQTimNbQL
침산2동 커피볶는다락방,https://drive.google.com/uc?id=1Q4YRV5OfpHdRGq293THML9YYnCN401wz
침산3동 하이오커피 대구침산점,https://drive.google.com/uc?id=1n8fujXyvNFnwhMxd7j7Hzw0zvJpUpWES
산격1동 수야커피,https://drive.google.com/uc?id=17-q14Ef8OxMs1mSrasx01nv46Ugxjlh_
침산1동 핸즈커피 성북교점,https://drive.google.com/uc?id=1pgvkvkhScVmQ1IaMeOyOJEJ_lDon58SL
고성동 이디야커피 대구시민운동장점,https://drive.google.com/uc?id=1g10McMyK7K3Sas4A3pGAMMqFc_jryPuA
칠성동 팔공티 이마트칠성점,https://drive.google.com/uc?id=1P256sf4igq_Kn04Ac3R4A6p55Tk4HXFe
침산3동 요거프레소 침산푸르지오점,https://drive.google.com/uc?id=109xB6sDG2yypc1BjY6h9a7cZwr6r4Xn7
침산1동 텐퍼센트커피 대구침산점,https://drive.google.com/uc?id=1i1q3opj93zssEs94z5I4zTzimXgdfvX7
칠성동 매스커피 침산점,https://drive.google.com/uc?id=1S1abyw3pRuq6JlWTt05sQWFdlSYHeYzb
고성동 코르코르커피,https://drive.google.com/uc?id=1k13KMjGqpN6ciYKTmFja6TkydMZLWXJ5
침산1동 플랜 침산점,https://drive.google.com/uc?id=1eWTlqpSBN7_6jmtJ20wr5-ht9OTez46w
태전2동 베이스먼트,https://drive.google.com/uc?id=11x2VO2pHdYR9IPElx2opcYwuq-Cl_Nf2
태전2동 사이섬,https://drive.google.com/uc?id=1DSqZKbGYZZF3cvYSyjZVD2WfqsUVa-su
구암동 달브로,https://drive.google.com/uc?id=18AZJXHwyAoL5fjP2gqffyv_XNwrb1rFQ
태전2동 토카커피,https://drive.google.com/uc?id=1cs61jPnL1TNHCLXEq5pg5HzG1r-Bet28
구암동 오아,https://drive.google.com/uc?id=1Gy4a8h2yaAQ-QFPolf7yYRNX1q08fQKi
태전2동 스프링캔 대구태전점,https://drive.google.com/uc?id=1ewxgey2GN-pTZEu8BQKwlxvaCv-SlcmY
태전2동 커피플러스,https://drive.google.com/uc?id=1L_Q_prUUjHy0_6acWNCTY2xVSYVn-g8i
태전2동 혜민커피,https://drive.google.com/uc?id=1PGHkLtkYnTC_HhHUvP2kGa-MFlxDgbC1
태전2동 더하다커피,https://drive.google.com/uc?id=1hnZoOT8_X5KsN9pZ6diqmMc4ItDVqiYq
태전1동 체리픽,https://drive.google.com/uc?id=1etCKIIfv26cMzf1yq-fPe3luFp8CHRaH
태전2동 더드림커피 대구태전2호점,https://drive.google.com/uc?id=15AePByYGxyqg0UObMtV8mCAgBDsOzjd2
칠성동 폴바셋 롯데백화점대구점,https://drive.google.com/uc?id=1-fhGEGlCQrzLatZbxtkOLjBwYdn-kUJS
칠성동 제주 제이제이씨 커피 롯데대구점,https://drive.google.com/uc?id=1PUgYPMYXsjB6Yz6s5DgxMk3E8AEudy-x
동천동 티타임커피 동천점,https://drive.google.com/uc?id=1YY9GGsMsaNxxAU-I7cMisVwoGrMzNTBz
동천동 읍천리382 대구칠곡점,https://drive.google.com/uc?id=1Wro4YQZyKYr75kaMNI5vkS1eOnaj0D6d
관음동 몬스터커피 팔거역점,https://drive.google.com/uc?id=1F96bD5zk2Qb7Eq-kgQ9NNAvJk9mrq-Hc
동천동 빈스크라운커피,https://drive.google.com/uc?id=1d9xLOyoG5g-wDbFk5_YZY20zzDdL62zZ
관음동 빽다방 대구칠곡팔거역점,https://drive.google.com/uc?id=1Gq4clbkUyEhsLJpbgS2mXXJWcM0XmS73
구암동 힉스 구암점,https://drive.google.com/uc?id=1jD8dPmzW0VopOzA4FzKvtpGSqOUUjRdh
동천동 카페마루,https://drive.google.com/uc?id=1yFxGVFkSlB6dELNE6jgp--fcLr6bwzHK
동천동 몰타 칠곡점,https://drive.google.com/uc?id=1U_LpgBfJNkubhv55ypTtWCBuNRpp65PJ
관음동 커피바스켓,https://drive.google.com/uc?id=1JbZWks-r4X5d9T6QDSJQc2SWs3UJEpRl
동천동 꽃을담다,https://drive.google.com/uc?id=1srjjcgToomIsq_o4HgfypHMrOjsYZQ4j
동천동 미엘,https://drive.google.com/uc?id=19xt9EvkZg8Hs_6-G6lx3vNx0sp3jMGlC
구암동 꼬모맨션 칠곡점,https://drive.google.com/uc?id=1uehQljKlYI_Fnf0zSdY9Wg0DhvRUXV1Q
관음동 카페발견자,https://drive.google.com/uc?id=1pjotlTEAnR4zNwjzSJ_Nps-0otZ7H5vh
관음동 읍내다방,https://drive.google.com/uc?id=1q_HBbX0JqMblDQAIDYeF8yxsMroGN0Re
읍내동 라라빈,https://drive.google.com/uc?id=1U3kel0Kr_2TGm6ldM_P1OWSb_W2ijhmU
원대동 구공카페 팔달점,https://drive.google.com/uc?id=1VusmUET_yMUoUiknZsnL06SVw63L4bea
원대동 메가MGC커피 대구팔달시장역점,https://drive.google.com/uc?id=1xihmCwRachD6GOHs9mOlnHZ4JZOe13VW
비산5동 케이클래스커피 노원점,https://drive.google.com/uc?id=1eVIi8o27VAwkITA7jc9kmwj8eW3MjT13
노원동 카페여기,https://drive.google.com/uc?id=1jvcRrqUdZ_28UNwosRCVLhib9erCpMbx
노원동 감성커피 대구노원점,https://drive.google.com/uc?id=1Dp5OXSDporyMV_Wcb4BDZqKDj6FMmA-F
비산1동 핸즈커피 팔달시장점,https://drive.google.com/uc?id=1bnt7XasSr2E1b8fNwDZyjOzrL-6ajeZ_
비산1동 이디야커피 대구팔달시장점,https://drive.google.com/uc?id=1wd1kNcqYS68hRUXRFm_wuw_bu7q4Oc1f
비산5동 빽다방 대구팔달노원점,https://drive.google.com/uc?id=1BcsxyDl29rF3euSeDharVL0v5q-crneK
국우동 린네베이크,https://drive.google.com/uc?id=14__5Y1h9iNdP672fBjKNNuXJh_gWBnxV
국우동 그림책방여우네,https://drive.google.com/uc?id=1864XRm9wSq2RrdAjVGlyuvMbSyv_eemP
국우동 카페 벤치타임,https://drive.google.com/uc?id=1TEjeFRq1KHPhhUc5BCbKShvR0qXhw10X
국우동 카페마실,https://drive.google.com/uc?id=16sW7CWDVGASzrfgZFUl3BwhybpeK5caR
국우동 컴포즈커피 대구학정점,https://drive.google.com/uc?id=1wNtW7pVEfGOxxoRV54zk_fJG2Aid_FHR
국우동 카페스로인,https://drive.google.com/uc?id=1YjKVmef54WmUM1bSNqOysSKlC2ScLfo8
관문동 공차 대구매천점,https://drive.google.com/uc?id=1rw-mUw8C5MwVC6rBCvikEOBXYxMpKsbY
관문동 마시그래이 매천점,https://drive.google.com/uc?id=1J4HuWIN4xPjx2FVb4hAZG3pznxdLcUoj
동천동 매스커피 칠곡3지구점,https://drive.google.com/uc?id=1oQWqrPkVJgWM966K5-RX2wmYW0mPUm19
동천동 더벤티 대구칠곡점,https://drive.google.com/uc?id=1Y1RMvnXdb-O81e2rlRVhVPPyP1cbq0B0
동천동 컴포즈커피 대구동천점,https://drive.google.com/uc?id=1vRhqrtzq6pvrq4XY6d_mOjuJuhNZzLFJ
동천동 카페봄봄 칠곡점,https://drive.google.com/uc?id=17MT0Miv2BlwKmmo1So-3QOyb9Nl4qV9b
동천동 텐퍼센트커피 대구칠곡3지구점,https://drive.google.com/uc?id=1OOMlUV8WS-DVZUuGETEGtP46V4MPwFp0
동천동 공차 대구칠곡점,https://drive.google.com/uc?id=1Mf-SO6ZrANksmz0hpB9Gmv5gSR5IRrdx
동천동 빽다방 대구칠곡타운점,https://drive.google.com/uc?id=1KQgegOY3Xn8HbO-ko3z1XLZd2gyEsPar
관문동 커피파리스,https://drive.google.com/uc?id=1aNSoIrbrpnOu6AVCLUcNeCg8d-KDNpIk
국우동 탑리터 칠곡점,https://drive.google.com/uc?id=1LMHuawRY0TCU8vpJGTvoxF2_bJZYJINn
국우동 빽다방 대구칠곡학정점,https://drive.google.com/uc?id=1Oi4B_ohYy-BeSoV3XPIO2LPw1ud0CqjR
국우동 북촌더플레이트,https://drive.google.com/uc?id=1OL8s4p6fCOmdr7uVROwFkuIwy43RzLBF
국우동 몬드,https://drive.google.com/uc?id=1ssvzJUGwBvWFNb_KDBr3KvhRjyLTSVsv
국우동 올제커피,https://drive.google.com/uc?id=1rP4TOrwIdkExslthp0P4hULYUr92Ko84
구암동 카페모리,https://drive.google.com/uc?id=1D4AXXtucX0Iz2iluh5NPBZBUieaSrq5n
관문동 마시그래이 금호점,https://drive.google.com/uc?id=1lOyoUDSndkNEc65s5r1lDjXr-0fXVvOL
관문동 리코쿠키,https://drive.google.com/uc?id=12Lnzzdoaew6VYTPrg5pQOGDDu9ztwRws
관문동 파스구찌 대구금호점,https://drive.google.com/uc?id=1Y8lTenAo2rc8tlkFOTaoESKxFCQx3smG
무태조야동 카페에녹,https://drive.google.com/uc?id=1pFWRGHaIAZLz3ZOaT93_3xnuo4_LVsV2
무태조야동 카페봄봄 동서변점,https://drive.google.com/uc?id=1AKshgoXMwD5yvNOGcjilI7kcp4r8rNV2
무태조야동 더리터 동서변점,https://drive.google.com/uc?id=1LUjWLMw2aPrP_kEH5UyZFYJmL5M5T2qL
무태조야동 텐퍼센트커피 대구동서변점,https://drive.google.com/uc?id=1csAKMz9BycbQHAkgWXuYLGwooUha27dI
무태조야동 빽다방 대구북구서변점,https://drive.google.com/uc?id=1LoyeQCzHfN4sWW6nXgSjuwqt_SXVmqFE
무태조야동 드롭탑 대구동서변점,https://drive.google.com/uc?id=188vdVmiSu0Tfxf5AvJDosQ-_vPvwv86M
무태조야동 카페보스,https://drive.google.com/uc?id=1ENK4uo5WVD2pV2aXfF_jiEfVUwK9UJGc
침산2동 달담커피,https://drive.google.com/uc?id=1o2GN_R8e6qFa5KERDZnL7gFAxdUQUTyq
칠성동 투썸플레이스 대구삼성크리에이티브캠퍼스점,https://drive.google.com/uc?id=1EgYybeiOrJdriUczHgKwu040ZY1-UIQb
칠성동 단지커피,https://drive.google.com/uc?id=1MTm0PweMpbO0GZzr2fcm1mWPntw5MGw2
칠성동 오하브플레르,https://drive.google.com/uc?id=160qrrGDZ16czZ7bDyMso3u4C4SouDt6d
침산2동 요거프레소 대구삼성창조캠퍼스점,https://drive.google.com/uc?id=1h-Rf-4VcVGmB8ZEVPVwxtlkEpvG24o_Z
노원동 몬스터커피 비원점,https://drive.google.com/uc?id=1CCJAfWPSH9VgZABLkAgq5bcX__5j6i0y
노원동 원대로북카페,https://drive.google.com/uc?id=17MVv_OSO7AI0toDdiOwEhlb8dO2dOxab
노원동 오니카케이크,https://drive.google.com/uc?id=1yTdhBVJTeA6He0ky_xTQbdpGd3J9MOeM
상중이동 파스쿠찌 대구신평리네거리점,https://drive.google.com/uc?id=1lhA8iNt7PUu7ucoS0bOo7Nx9Chj_d_4W
평리1동 투썸플레이스 대구신평리점,https://drive.google.com/uc?id=1q8ch4rHuCEDn9q8vMQCHJqTt8kuRNG6n
평리2동 이디야커피 대구서구청점,https://drive.google.com/uc?id=1H5LJi_8dWSDvamD7SW_O1rrVMcg9WIBS
평리5동 카페봄봄 서구청점,https://drive.google.com/uc?id=1QR0P2gZIew92rH0EWGd7rJf6jtMQCa3Q
평리3동 빽다방 대구서구청점,https://drive.google.com/uc?id=1EYQohHEzV3YJNdoQJPajTe6HQ0WGm3he
평리2동 공차 대구평리점,https://drive.google.com/uc?id=1eQ2wXL_eQ0aeuSpo9sRa-x3n_f3FR-8q
평리2동 아비앙또,https://drive.google.com/uc?id=1i0iw3VLIBm_Du8Mwrj9dCyVxK6SnFspm
평리1동 달달해,https://drive.google.com/uc?id=14BZ7QlHU2sRBlcEAwmIz9MEsZPoeQeRq
평리3동 반짝콩,https://drive.google.com/uc?id=1Wo3NYLJ7nTpdwJPHrJwhLwU9Y03QOiJ1
비산6동 커피숲,https://drive.google.com/uc?id=1eUlyOsrVu6NJR1gjTa1oi09piIAtMRsn
내당3동 카페알로,https://drive.google.com/uc?id=1iqlgx15cRT6okxCMG-_2o4W8IvPyk07u
내당3동 커피크릭,https://drive.google.com/uc?id=1MuKqrFGwx7NYCh9cZtf4TdDDtO9rakeK
내당3동 하이오커피 대구비산점,https://drive.google.com/uc?id=1GW_GxMAxForRwWKGV00e-b3P9Ggsfz3y
평리6동 마시그래이 중리점,https://drive.google.com/uc?id=1m6BquQMWPcIctlHFzvXUrluMpau_pdgT
평리6동 감성커피 대구중리점,https://drive.google.com/uc?id=1wc40PwvsWN0jwxdRAG57CUcTY2afWZ7p
상중이동 커피라니에,https://drive.google.com/uc?id=1SEXakMqV2CUIL55hSX2MHXzG65gYjkFb
평리2동 스탠다드테이블,https://drive.google.com/uc?id=14tHm7Kz98SUjRmi6ZoeF_aHcmbaCDkru
평리1동 카페이랑,https://drive.google.com/uc?id=1uiXPn1YTixbD7VPOINtaZojBoiIAS5oH
평리5동 카페로니,https://drive.google.com/uc?id=1uiq39Xrp1LPpABdDRAQRR1xCGDBuafRe
평리5동 레프트뱅크 서구청점,https://drive.google.com/uc?id=17tS98_lQVARcTgBSThYTGWLWlMaVtWYS
평리4동 카페인창고,https://drive.google.com/uc?id=1enNb6vLKubWuKeoo0mqC_3wCUuiZ-hr0
평리6동 설빙 대구서구청점,https://drive.google.com/uc?id=1PfWRdDzg9cjort5RH5RLdis92XyxaiUC
평리3동 몬스터커피 서구청점,https://drive.google.com/uc?id=1vKDhSqyOis9XnIq-q5yNSggCN3wbIjEC
평리4동 더벤티 대구두류이편한점,https://drive.google.com/uc?id=1PGx49iaHCLCzDKOOA9W2OXFtpRSUcFAB
내당4동 몬스터커피 감삼역점,https://drive.google.com/uc?id=1_yyez-SaY-jxG6iDNLv8BuhZ0s9HIEav
내당4동 컬렉팅더모먼츠,https://drive.google.com/uc?id=118t8O1veWkQq61F5MT3cRt2nVun5t0Ej
두류3동 스무디킹 대구롯데시네마광장점,https://drive.google.com/uc?id=12nC4OjE3AwgiEQJaNhCFg6ByaGylgzmC
내당4동 다빈치커피 광장롯데시네마점,https://drive.google.com/uc?id=1kGfUc34NYCDw3zV7nlB4MQfuUP0iLrDc
두류3동 코페아커피,https://drive.google.com/uc?id=1HE15YJ08heUkzwn_mT7ZOaE6WTder-Sf
두류3동 공차 대구광장점,https://drive.google.com/uc?id=1LU0GHvYCySa1j75ET2BTf4VuKgxtlSOb
내당4동 크로앙쥬 대구두류역점,https://drive.google.com/uc?id=1xj2Xkpr89HYY0gHilVKU44ACpJBMzwNF
두류3동 매스커피 두류역점,https://drive.google.com/uc?id=1cWhnFKByQxYtqvprw1L-iZUL4VbNuydg
두류3동 카페봄봄 광장점,https://drive.google.com/uc?id=1nq9HlWvsmuY9nOnXgvSleldr-ybskzqx
내당4동 그란데,https://drive.google.com/uc?id=1k9cZ23w3nvWOm3E3x-CCwrmJ5oMo8sza
두류3동 오프닝카페,https://drive.google.com/uc?id=1U-_KcLEu2NWnE0hnxNZQAS3bizstHc7Y
죽전동 더드림커피 서남시장점,https://drive.google.com/uc?id=1G39xUDYuu3fAOL-1dMr09xgrYGRtchTe
내당4동 카페봉봉,https://drive.google.com/uc?id=1NzVURYAkBBR2riLMVQGhjfLHqq9dQn0i
평리4동 메종드림,https://drive.google.com/uc?id=1kuDNryiX6RXvC6YFd4gFBqVvRi4_AKc1
내당1동 엔앨리 디저트카페,https://drive.google.com/uc?id=1uGerPfgo4JDMYb2Q8sh8kJB9jj-fn5SC
대신동 하프힐,https://drive.google.com/uc?id=1EMzvloXeTiDPCGkQIkaCijugx5t0tgEJ
대신동 앗다방,https://drive.google.com/uc?id=1d4BFkrjENawX35MTXd04xfFYF_1SdnWC
평리2동 구공카페,https://drive.google.com/uc?id=1nQ_XgpmmFTgyGxPmXte2T8vjtAWsvmGo
비산1동 카페봄봄 비산점,https://drive.google.com/uc?id=1Tsz5H6g9QipaxMBJ51sknEj1aqJuFwbW
비산6동 몬스터커피 비산점,https://drive.google.com/uc?id=1ggkmrRlMym7TMUToFPIqltQcM1QmuCif
비산6동 이디야 비산점,https://drive.google.com/uc?id=1q9_yq6vj5s099Ykk16MPL2tNAtlooG1W
내당2동 카페유,https://drive.google.com/uc?id=1nO4RALlQfj3-b60ixYOq_Z05zptb1lC3
평리1동 커피판다,https://drive.google.com/uc?id=15zFPjQeDTHQ8Aq9SSyum3kl1pKHfslWC
대신동 마이브라운노트,https://drive.google.com/uc?id=1BBf_rUj49JMMixPXwXPknqp0cMPcU3Sr
내당3동 커피왕 비산세종마트점,https://drive.google.com/uc?id=1cqBhw5lMl3LFUCkb8eeBLAZA4ueE6w1B
내당2동 카페더프리티,https://drive.google.com/uc?id=1XnxS_CKmm0pRHsUXE51l4WB8lzrN9KV1
비산1동 뜻대로카페,https://drive.google.com/uc?id=1OpaBjhwD4ijCLxmt4ztob4Lifk35yX8u
내당2동 트란퀼로,https://drive.google.com/uc?id=1nVabiv3-Fes6hE070qELUD0oYA34nRXY
내당2동 아이아이오,https://drive.google.com/uc?id=1-XdH0Dq18ZY0ycBCDdbogVPUorO8KqkE
내당3동 오커피샵,https://drive.google.com/uc?id=1S9scOZRNatXUiT2sGHWZyrJlPUMRshZw
상중이동 카페봄봄 서대구점,https://drive.google.com/uc?id=12IUkqGT5JwQRHx3Q1OycQ18KOmVS9GBc
죽전동 커매진에스프레소,https://drive.google.com/uc?id=1BpUb_lu3YXzKcIs2lQu9rkq9_hLTQ7QE
내당4동 아잇쿠키,https://drive.google.com/uc?id=1sX_wg2WhMJaq5NnCLNC3nPe9135Ah-Q1
내당4동 카페311호,https://drive.google.com/uc?id=1VRx4t3SAjB0CgiCrJjl5uVWzEM0LrB_2
내당4동 카페로마노,https://drive.google.com/uc?id=1FyGXeAJ75eq2i6oJY3P9gB1zpyzDC1ez
평리5동 마루카페,https://drive.google.com/uc?id=1GI0DWoA_Ot10szmnC7h2b4OEGOKCHC8I
평리6동 커피프리,https://drive.google.com/uc?id=1z9KXbXRKrxxMhFSxPhFqxJVTrZJsOYtT
평리2동 바운드,https://drive.google.com/uc?id=1BiJ1BkEvoPkVVZwcJJsEIXFxyNTvCH4n
평리5동 카페봄봄 대평리시장점,https://drive.google.com/uc?id=1OwQagBH_zcQTFTi_1y28qskJBIE4l4dZ
원대동 엔제리너스 대구북비산네거리점,https://drive.google.com/uc?id=17LrdQQ2kfDz9jlfrVYVGgLYvOM9z7GCh
비산1동 카페비,https://drive.google.com/uc?id=1kvp-sTjdlxtOxkoGe_1M9gelhqfescVG
평리5동 더벤티 서대구IC점,https://drive.google.com/uc?id=1z2g9XLyEqs6rrxNFTqffDNTFOP3Vs1oQ
비산6동 그때거기,https://drive.google.com/uc?id=1EoIPK3ixXUIrzBkT_3LgJBQ5fCfWWdRN
평리2동 퀸즈크라운베이커리카페,https://drive.google.com/uc?id=1c8PjuvIJYrdFFE9LR1J591NBxgjZxGBl
평리5동 바닐라빌리지,https://drive.google.com/uc?id=1otADPR5AwROj3ZiwX-ipBR7m9GtNOym1
평리6동 커피콩,https://drive.google.com/uc?id=1iZgDmbiJzSIYcoJFNTKf6DDfdJtccXCL
내당1동 디웨이브,https://drive.google.com/uc?id=1UyDJGcCGWPBg4ZJzp3vhaWvzynCOikVb
내당1동 모캄보 대구내당점,https://drive.google.com/uc?id=1tFvpkkBa1v1eZBNVWCZieHYeD5H5GvOs
평리5동 카페봄봄 중평점,https://drive.google.com/uc?id=1ZFQqUpfly3xJIpyaC2pgYsAZzDREB6eh
평리4동 올람,https://drive.google.com/uc?id=1ykERCaH_WfQuLNnfUq_F8EIRoNW3SzcP
평리4동 커피정원,https://drive.google.com/uc?id=1CJ2UzaH2pe2vCI3DTDgQsBue07f2oTjr
비산1동 레브,https://drive.google.com/uc?id=17elux3CgpGO0mXoe7eERUIjh6WXKkkwF
내당1동 카페내당,https://drive.google.com/uc?id=1GzUPX8G2t6CxyRtkBJ0I8fqUIb1xFQjA
관문동 카페우스리,https://drive.google.com/uc?id=1l0nNEESO-h7PTwxKhvMHqzFLaW6bCjig
상중이동 써밋,https://drive.google.com/uc?id=1y6OHUWZ9yGmyuoRMhULGBwC-LeJj0viE
죽전동 하이오커피 대구중리점,https://drive.google.com/uc?id=1QJfma0W6v33YUyNOCt9zkAovUTkMT_cE
상중이동 명지현,https://drive.google.com/uc?id=1ny-DniSt3lYM892tMBLiAoA5bHe7LUr1
상중이동 로비로비,https://drive.google.com/uc?id=127ehYVdi46ycScKfMz3au9RkxAM4ynzF
고성동 노프릴스피플,https://drive.google.com/uc?id=1uzbyOC4xHNBrsHeBE1Fasq3XZpNSP898
비산1동 커피타나바,https://drive.google.com/uc?id=1Dq2sil-j9yBMSGLzaRePFk2LSy_GzLWi
"내당1동 카페, 바미",https://drive.google.com/uc?id=1atN8KOxC4AQ-U-_HXudzYXioKowq7yab
비산6동 카페클리어,https://drive.google.com/uc?id=1_wOinElltPuJ7GzaALJ9PmqFuruTwTPA
원대동 마실커피 팔달시장역점,https://drive.google.com/uc?id=1orJU8ZnKkN5XJ02vFsB6L8xVW-ibSWEZ
관문동 할리스 대구팔달교DT점,https://drive.google.com/uc?id=1qIKdM500H3USRHglJwhyAsjgg9E6kqGv
죽전동 해리스카페 대구의료원점,https://drive.google.com/uc?id=1yGUHWkYR5H6OZWD8Owrp0Pa6xqYMl0fB
상중이동 카페051 대구삼익뉴타운점,https://drive.google.com/uc?id=13-9ct7SBITOx200iwd_508qDzw3gcq_q
상중이동 카페인중독 대구내당점,https://drive.google.com/uc?id=1drftmw1DaTJKqCtgNKHOrRrRw1aqiAGg
내당1동 요거트월드 서구점,https://drive.google.com/uc?id=1dQ2LZCO7EktUOLqu3cE1cUyr8rhO-uqc
평리2동 카페밤비,https://drive.google.com/uc?id=1PKr_OdI1zvTq-3_1CKtyilj69D9ahio_
상중이동 카페수다,https://drive.google.com/uc?id=1qef5JJPwrsLWTvlCrrLCrKjc968VJBzI
내당4동 아에이오우커피,https://drive.google.com/uc?id=1xtYBk4xMRQWeiaKdBubmbNkcdbxOdBmI
고산3동 설빙 대구시지점,https://drive.google.com/uc?id=17H-xiUn5I7eZt3ulP1El45ojNcpkS54o
고산3동 달콤커피 대구시지점,https://drive.google.com/uc?id=1Eiqa4JOThRNaAAL2D3mE6ttEd00cf8bt
고산3동 시레나커피,https://drive.google.com/uc?id=142wKZPac449nFKlWVft0PKJdIsTvFEXD
고산3동 마시그래이 시지점,https://drive.google.com/uc?id=1baDZeKWDCjosyH4Wf7GYB3FCuTgt1-zo
고산3동 빨대,https://drive.google.com/uc?id=1UD9nrJkv2NKZK4S-jwRfpwSMGOdGQGST
고산3동 바빈스커피 대구매호점,https://drive.google.com/uc?id=1hz8moze9Z0lRHFj37O68a_mNyIdwFhBN
고산3동 슈가레이디,https://drive.google.com/uc?id=1vtQInubhDxOzo1xf9OlpvHOsyoKMb8jS
고산1동 텐퍼센트커피 대구신매역점,https://drive.google.com/uc?id=1cl7cHAwF9Nq0at-36nUCeY6yKWuCw8ZL
고산1동 카페1234,https://drive.google.com/uc?id=1PyertmLqy-mAYI3LNiKRu8iDXefUP0Wl
고산1동 코페아커피,https://drive.google.com/uc?id=1efOn12Uldz53TjjrKJ03YViTFoL-y7PG
고산1동 카페드엘,https://drive.google.com/uc?id=1uN7N4vmky1XuHV993XNvT72ZRcwfVHdO
고산1동 카페리부트,https://drive.google.com/uc?id=1VkfYCP5e3dXy0bm7B6nAfVqOqQwkANt6
효목2동 나우커피 만촌점,https://drive.google.com/uc?id=1wkCJwNDmBzyZvwEB0aA5vQwwyG1py64-
만촌3동 더리터 담티역점,https://drive.google.com/uc?id=1hZZuO5ZbbGd6n5MXusWWOqFXzE7RTrr1
만촌3동 달동네과자점,https://drive.google.com/uc?id=1BhUJcC49DHSPzmcBaZ6eiYi3DMmijQRQ
만촌3동 카페바스,https://drive.google.com/uc?id=1IZQ32AuJMSnFCZgyKd3YVlJCYEwbwRF-
만촌3동 야든,https://drive.google.com/uc?id=1MGgoFT7ihPDrZBDSOrkg0lmMXjKwsOhX
만촌2동 레제드라마,https://drive.google.com/uc?id=1eGEyIKpIVcQ12zEZ9xfO4eOpDOII4RSx
만촌3동 골목커피,https://drive.google.com/uc?id=118vcgK0IwlX6ojcqFh4ySSb5zYsNWniL
만촌2동 커널스커피,https://drive.google.com/uc?id=1LkOtXbCJ69mGGHwuwoq0_nqEuZRBPhEy
만촌3동 론론,https://drive.google.com/uc?id=1dS7PDDu-E4cJjav-kMgfUQLXET1zbJuT
만촌1동 가가라커피,https://drive.google.com/uc?id=1zyy040L53jcztjy6QcJaxxjBg0hYdjgq
범어3동 신천커피,https://drive.google.com/uc?id=1BVtl_M3PyCGsMx5w8bIm1_W02_aKahfi
범어2동 핸즈커피 범어점,https://drive.google.com/uc?id=1dEWMCDrO6Fa5dz94qbRWqlTAqSHIOnLv
범어2동 사랑채 범어점,https://drive.google.com/uc?id=1WvZ204g2E5b0vvbqvzeGhX4rh3ovG6_I
만촌1동 스위티앤스윗쿤,https://drive.google.com/uc?id=1ei6JzzPdRo0gBCCZe1WrM_HjNq-L1lBI
고산2동 토리커피,https://drive.google.com/uc?id=1eOIjfqxC7TdbcnJDBd2PjvUbQee-Sbrs
고산2동 다온,https://drive.google.com/uc?id=1PGhCkXNopPkogGiVzGxxWURQO7guLpxM
고산2동 웜톤커피,https://drive.google.com/uc?id=1sNCkgTQsZZ8Ah8oqqhOEkuATRNaZ1let
고산2동 카페꽃이피다 시지점,https://drive.google.com/uc?id=1VhcyoTqFApdqN7QOik5XeVT-R5ILpnBo
고산2동 디오디커피,https://drive.google.com/uc?id=1KQiy4i0gRIoWmNT1fdlzWeJ42l1JVNKY
고산2동 뜨락,https://drive.google.com/uc?id=1pGLpbHJwXGae6l0rwcJDKFgsQYRyBy2Q
고산2동 플라림비,https://drive.google.com/uc?id=14TGdj8m2OvcrcriMWhAoWTuqGLdpOYh1
수성2가동 카페드크래프트,https://drive.google.com/uc?id=1RJpqQOIF2PJUPp2AMOUph-Luk9ElWqdK
수성4가동 공차 대구수성점,https://drive.google.com/uc?id=10tdxjL88N5-uQt1kzgirogOM8tkG0Fgx
범어1동 카페봄봄 대구범어역점,https://drive.google.com/uc?id=1xNCX1m5aHNrU2uxVa0s6IcB_MhL5H1dU
수성4가동 세라젬웰카페 대구수성직영점,https://drive.google.com/uc?id=1RTYGJuZZ5mDZANptSN5cheKtjC2-ptFB
범어2동 드롭탑 대구두산위브더제니스점,https://drive.google.com/uc?id=1V5O6GiLq78yT7BZCoC94zwZ-10nTznlb
범어2동 텐퍼센트커피 대구범어도서관점,https://drive.google.com/uc?id=1c6GKVq_AxeJPzynAj1TpXMWD3HzOa4Yq
범어4동 매스커피 수성구청점,https://drive.google.com/uc?id=1m2KYV0JMknx2SeWnAysUIxyUAaAzlUfa
범어4동 호두나무 수성점,https://drive.google.com/uc?id=1llAHBtmNwbRUdEs_lILKJ0jCm_JvJS2h
범어4동 핸즈커피 범어4가점,https://drive.google.com/uc?id=1QQ5xdQfVQZ2bcwnuwaT1BJlQ2aLwRCcv
범어2동 파스쿠찌 수성구청역점,https://drive.google.com/uc?id=1T5mKD8ssDukdK94WzyKRxIlbV2TRLmoz
범어4동 아마스빈 대구범어점,https://drive.google.com/uc?id=12DVlfiSmsuHaRnZexk7dRmAQJ72jIiEZ
범어2동 더리터 수성구청역점,https://drive.google.com/uc?id=1Pq_NWwdaDspeNp2T1GhxWTKVGiauXWkn
범어4동 홍콩다방 범어점,https://drive.google.com/uc?id=1m7tC2la43EKbzObLkTG9vCBDIA8bZGuX
만촌3동 노스페이스카페 대구수성점,https://drive.google.com/uc?id=1Kkao-f1WSLmNh7KQ4soaZErIUHFKBfbl
만촌2동 이디야 만촌역점,https://drive.google.com/uc?id=1XSN7swrXzCMGbmLG8eL1Bcps1UTaGR3q
만촌2동 투썸플레이스 대구만촌점,https://drive.google.com/uc?id=1NYt9QrexmUcJCER-OJoJBxfo703H2T0J
만촌3동 하삼동커피 대구 담티역점,https://drive.google.com/uc?id=1s_yI9ePa7j4-15jYV5nJ-X7HqgbVKL2r
만촌3동 나리꼬모 본점,https://drive.google.com/uc?id=1wlbq_jJgjmj_5cndWfQqC1n9mXfp1wbu
만촌2동 아틀리에빈,https://drive.google.com/uc?id=19j1Men3etQWkem48uKT2M0wKidlXyqKw
만촌3동 다푸르타 수성점,https://drive.google.com/uc?id=1JN8AN-FH4JRD3lntD8Mqn0CbgyX12mxE
고산2동 까페페르보이,https://drive.google.com/uc?id=1tKyDs66KaGEF8dD4Iv-CmSbDrU_B6Ur_
고산2동 카페플랜 시지점,https://drive.google.com/uc?id=1Gk6oRMZfp3JaBGaQq5ne1ID2VR2XTnwW
고산3동 매스커피 신매역점,https://drive.google.com/uc?id=12PlM3plK2BmdjzTgJyLcZKu6YbjihRp2
고산1동 요거트월드 시지점,https://drive.google.com/uc?id=1D_vHdzNP-seRvfgbz_DbrDW6tX8r_frM
고산1동 리더스커피,https://drive.google.com/uc?id=1kUe6TepBOn75yQLx5FPSbZebrNcR5Y0B
고산3동 공차 대구시지점,https://drive.google.com/uc?id=1NoS2gD9ISEjFvzHISP-BZe3chF5B05JW
고산3동 커피명가 시지점,https://drive.google.com/uc?id=1zRkXdV9222rVDN3R0A7ATCmkP3cQ6Ssc
고산3동 아틀리에빈 신매점,https://drive.google.com/uc?id=1V9m_ycI1hcubPdfGUk9yF8VQLnDwbV7i
고산1동 음,https://drive.google.com/uc?id=1GwT_-UGT4zQ_oyBbwQbmqZNQy0AObuun
고산1동 카페맑음,https://drive.google.com/uc?id=1ECizExKSMjQQBNZ4GdXmNlfjsKuTCq4J
고산1동 컴포즈커피 대구사월역점,https://drive.google.com/uc?id=1oKnkKoliIvpu8ZQ4E8QVFQ_R7cui1IHL
고산1동 에이피엠,https://drive.google.com/uc?id=1vrzEUJo2XmP5lFeiRF0KQwFQ0NYW0342
고산1동 카페봄봄 시지퍼스트점,https://drive.google.com/uc?id=1qF06pODrAtHSdVe1SKeBJ8DeBr02EIA9
고산1동 아틀리에빈 사월점,https://drive.google.com/uc?id=1hyLmuFv6GL45sOqkgGFMmRfpLpvbhmtc
고산1동 요거트가이즈,https://drive.google.com/uc?id=1m2fnje_HPHy87knjOq7Hso_w8D92cFd-
수성1가동 ITALIAN RED COFFEE,https://drive.google.com/uc?id=1PC9uLCWHsmDvdB_W5i6wIkVJMWyigtdM
수성1가동 피테,https://drive.google.com/uc?id=1TmaPP548zBZ-nqoLlXTPCS-TNBC7TeMp
범어1동 라이브카페비바다비,https://drive.google.com/uc?id=19g19CFQgpinKEfzYAfS3FuGKjNsq3ST3
범어1동 텐퍼센트커피 대구범어그랜드점,https://drive.google.com/uc?id=1dwHu9NRhYIzX4a0DEyO7QDrMqsUQKyte
범어1동 더리터 범어점,https://drive.google.com/uc?id=1C51j9o7lu2D0qHx4vZXTw3KbPhOrphm8
범어1동 소울리브,https://drive.google.com/uc?id=1tf0RUaPSe9OaSx4SMMxryAJb_dQ2i_Gf
범어1동 와플앤커피,https://drive.google.com/uc?id=13PhzrqiEEk0jjmwmBI5ux6wDeGp_I1mh
범어1동 까페바우,https://drive.google.com/uc?id=18U8b6zXwJ8gcpdGU3cwcj1Myq2FrrYwi
범어2동 바게리,https://drive.google.com/uc?id=1RwhmnVbRu8pEop47wlhm2EyMXkFTQ6nA
범어2동 도어룸나인커피,https://drive.google.com/uc?id=1CXIPPe1IbBPqxpL6MG2bi5QaO9wFbiEG
범어4동 스탑바이검은구상,https://drive.google.com/uc?id=1V2oxGSHK7KjjHFWh7o0rD3h_ys63g_uc
범어4동 카페오굿,https://drive.google.com/uc?id=1EwL3wJ7pplrt2J3kWxz0Un80jzzCEqPY
범어2동 카페땡끝,https://drive.google.com/uc?id=1H7hlu2-O3TodA4zp1Y5UY09mr4j4GaNB
범어2동 조모커피 범어본점,https://drive.google.com/uc?id=1YftlQey0RSCvgBQF8GScdYB6gwUlvNWc
범어4동 코즈범어,https://drive.google.com/uc?id=17ccMHh3MyZyT2hq6WGfpnGHjYO9_I8AV
범어4동 코르코르커피 KBS점,https://drive.google.com/uc?id=1t9uNDF7EaLkmYLzKT74l-seX0Qp2Imoq
황금1동 카페더힐,https://drive.google.com/uc?id=1JbKE2018M75kLtuPbPfQ9uFb_g2hKqSc
범어4동 이디야커피 대구범어두레점,https://drive.google.com/uc?id=1yDUG8-xNLO6p6IEw7IE3Ef0EG2J5L958
범어4동 크로플의정석,https://drive.google.com/uc?id=12PvXmPfeA-fSaQ2W1MhkVA06cRFfNiQN
범어4동 제주애,https://drive.google.com/uc?id=1nL2ad_6oMAZkBT8dBrvjer03b5oBePr-
범어4동 청수67카페,https://drive.google.com/uc?id=1dkOprgs6m2Cw3ubw7klBtYhCsIqxfdgH
범어4동 마시그래이 범어로데오점,https://drive.google.com/uc?id=1k89nDYDjniot8L8gWQgkBzP6ZmmROS58
범어4동 포베오,https://drive.google.com/uc?id=11jthqynZwjnN8hxG8ARxKXqgbuVvrZcB
만촌2동 텐퍼센트커피 대구만촌역점,https://drive.google.com/uc?id=12II2fTydBTxuaI6ZRbEw2lgkmtSsptRX
만촌2동 커피명가 엘림점,https://drive.google.com/uc?id=1VbUk_WAh9W5rjCTN3-XjJxEjb3J0gsyj
만촌2동 빈플래닛,https://drive.google.com/uc?id=104GzGs1rJLKRcqAaoFhlgFt56dbtq6f_
만촌2동 페이지103,https://drive.google.com/uc?id=1AIF6vFJI9Zvkz3GD-HcKlBQFBA-iS35K
만촌3동 카페봄봄 수성대점,https://drive.google.com/uc?id=15Cnq5Cgo2YIS4u8ZNQYlZ5MFEH6y113p
만촌3동 카페봄,https://drive.google.com/uc?id=17CY-h_rG2_gUwoMvRrRUw2OToSmKZTe7
만촌2동 설빙 대구만촌점,https://drive.google.com/uc?id=1aN1NhDZv8_zAYpZP29rRWUhHux5ZT5m3
고산3동 카페트리,https://drive.google.com/uc?id=15tXO0zTSVqoiCADfoCUj1d3hLYy8OwrV
고산3동 엠테이블,https://drive.google.com/uc?id=1JTMmP0oShb7nl5Zd-xqhygw5BEfDkX-f
고산3동 달커피,https://drive.google.com/uc?id=1tW8m91UsJ9TASJcOTCX5hDg33vMF_hRa
고산3동 베러먼데이커피 대구매호동서점,https://drive.google.com/uc?id=1VUmUSYghFzHdyTGGAyj_xLsM2eNIFK6F
고산3동 더벤티 시지매호점,https://drive.google.com/uc?id=1g8ISsqGKuWU4ueQTT0qcTkJxeecBTwV_
고산3동 안단테,https://drive.google.com/uc?id=1EwAn08N6j8BltAHBVbtb3X6pxiJD244q
고산3동 버터즈,https://drive.google.com/uc?id=1sCiGBgmzpJCt60vFqT4ON6ATpUM_d_yx
고산3동 위너스커피 매호점,https://drive.google.com/uc?id=1Bpd2YV5m1Hl8m8Ag4kpAmF6tDrhcRpja
고산3동 청솔로9 시지점,https://drive.google.com/uc?id=1wbnRCDMPMw8Q_GfFdl0nuIyBu7mhyxu7
고산3동 카페캔버스 신매점,https://drive.google.com/uc?id=1bx1_uPfEd0buJuRFgqi6MgHmdEThr7Bn
고산3동 더리터 시지사월점,https://drive.google.com/uc?id=1vUu-A0FskoNNo7k1MGhuxUuPS5U7y5Oa
고산1동 카페오딜리,https://drive.google.com/uc?id=1AvtTwxPTvKNadW87kpbVx1IosIndIOUw
고산1동 이레커피,https://drive.google.com/uc?id=1x3B0kWj6uzbWlsHVWnV45O1nlAJNoMYM
고산3동 고르다수제간식,https://drive.google.com/uc?id=1Nt96xq5K0NVlXeBUO-7cQm1UXdUL5cAS
고산3동 달콤한 피아노,https://drive.google.com/uc?id=15MMbFiQzsktoPug0MGynAa3LW4jIw7-O
고산1동 테리커피,https://drive.google.com/uc?id=1BoRD_SI_9LELCdu26DH8qKaII0KBM8FB
고산1동 라프루따,https://drive.google.com/uc?id=1bKgJNH1HHq3MOsyMNQYSjOm2NK8cdZ--
황금2동 팔공티 대구황금점,https://drive.google.com/uc?id=1r3WKkvLjhmyqPF3IwFiDcQkKCrzQcFJV
황금1동 핸즈커피 황금점,https://drive.google.com/uc?id=1ikHRafBJ0QdXb0ejZMZVSHrS0rek1rjJ
황금2동 마마91,https://drive.google.com/uc?id=15yICRQwBEsVgRVWr34X_5US5K6N8cHE0
황금1동 에스페소,https://drive.google.com/uc?id=1brhCdbv4FgAL3Ux-W5_3h3tbRIHJg63P
황금1동 플리트비체,https://drive.google.com/uc?id=1-dQ7dTUWuk_PSLj83pLa4-bZx9LNRa11
범어1동 텐퍼센트커피 대구범어태왕점,https://drive.google.com/uc?id=1Cb5CAGt2f34Phq0mm12yREyeVEyp8AxS
범어1동 카페드크레마,https://drive.google.com/uc?id=1R444p5njTv994_RG9NU8ELkNVcMB4hED
범어2동 오퍼커피,https://drive.google.com/uc?id=1QhSNzrVwLsYplw6xrjTN7EWnF79J3FQd
범어2동 핸썸커피 범어점,https://drive.google.com/uc?id=1sFx5dRohAakjj_BTVGy9FbzKzSQAIw9v
범어3동 매스커피 범어역점,https://drive.google.com/uc?id=1zJPqq7ladHOke7YQDfVwNrA-O43TReOI
범어2동 하삼동커피 대구범어점,https://drive.google.com/uc?id=1m_e0HT2zn1NCAVYk-z-gGgS9e5Ufplvm
범어3동 카페봄봄 대구법원점,https://drive.google.com/uc?id=1t3u9-qHkaKIbIqzAt_ih-nd_Wx05z9h2
지산1동 투썸플레이스 대구TBC점,https://drive.google.com/uc?id=1iQfXBS5J7FMZDr1dtqi7uNCYJga5P-Eb
범어3동 파스쿠찌 대구법원점,https://drive.google.com/uc?id=1M46vC-ppQ8KVfkFiG3_03uX-aseslndY
범어2동 스테노커피(STENO COFFEE),https://drive.google.com/uc?id=1Kr95ynK99w4IrbpAuio9a4G0ugMN8qnO
범어3동 해머스미스커피 대구수성점,https://drive.google.com/uc?id=1iegG3bz-U8lcIltz61aRLcD1mhzJM3kW
두산동 청솔로9 두산점,https://drive.google.com/uc?id=1j94i4A-SfeqoywUYR76BIxh2Vq5JzTMH
두산동 레프트뱅크 황금점,https://drive.google.com/uc?id=1qOcq7y4uvWnOElMRfjwsY9CJ1cfSkadC
지산1동 온기카페,https://drive.google.com/uc?id=15YY86rKqatF876keEu6Iy_tP5n7bWZAS
지산1동 989라운지,https://drive.google.com/uc?id=1llDh_GVlzsCHZiHojju17nT9dLh1e1mS
지산1동 카페디디,https://drive.google.com/uc?id=1c3MbxjEal-2ybjwDm8l9BXtv1ltuXnxX
지산1동 퀴르,https://drive.google.com/uc?id=12MNlSr4eI47k9dJFcTZZCQQTAtD7AUpp
황금1동 데우스커피,https://drive.google.com/uc?id=1DpcN6LuN-kzzepE2ytSkfUiaKfbM1ebK
황금1동 브마롱,https://drive.google.com/uc?id=1uKOc6R01i_NHVzH9AC7JWjoq1KI3oWAB
황금1동 위드모데스티,https://drive.google.com/uc?id=1d3nhUB2Rvl6cla7mvRzl3ozSyeEmJMda
황금1동 예담청,https://drive.google.com/uc?id=1hwEpHzpIfIbQBFxTkayevokuhlmRn6vi
지산1동 안전제일구역,https://drive.google.com/uc?id=1dknGH7rUBn-a_7XB0Y08JByCCgPPSz4o
황금1동 슈미제,https://drive.google.com/uc?id=1cZhQNcQKAKLKyIgsmWeSCHDVQwDeQwEO
지산1동 애드업(add up),https://drive.google.com/uc?id=12K1i8if0iOb8v6xcILLu0EWxqMJqKNz-
황금2동 행복한커피,https://drive.google.com/uc?id=1XmQ5C4kvH5qWXC-nliOV0aTpVvEekqNR
황금2동 마니,https://drive.google.com/uc?id=1jC41vj0Tyvvh5Wbr9VODkndOxMuNYSpS
두산동 카페봄봄 두산점,https://drive.google.com/uc?id=1lweyCum3XrIzc2XrcXzfnGCmSH6VAL52
두산동 커피왕 두산점,https://drive.google.com/uc?id=1sXfhjTntGbOg2r9GquUu3myMme8blYqY
범어1동 아티자나,https://drive.google.com/uc?id=1tAa0TdOeQnUI2_Cs7y7363wOVNoV8dUg
황금1동 카페다온,https://drive.google.com/uc?id=1nHo4LrJvteITtDswOXRX1FMvhiWvmCw7
범어1동 이디야커피 대구수성범어천로점,https://drive.google.com/uc?id=15-quVnY38BM-dy8OnUnOhrLfhaJLBXH0
범어1동 김진수로스터리카페 범어점,https://drive.google.com/uc?id=1iuEpECUGH0GlG8YgtfJ4WCB8abh5apZG
지산1동 호작질 지산점,https://drive.google.com/uc?id=1KMhMbo7MeCrp_ytRqls3AuBrhQCEnRBE
지산1동 그로우커피,https://drive.google.com/uc?id=1w1UN_7fIkoHM02ZDJcpVu4D36KDeecc3
범어3동 에쏘라인,https://drive.google.com/uc?id=1qXfNP9aZuDn5lkQsaTJMpQl7L-mtJGgH
범어3동 만랩커피 대구범어법원점,https://drive.google.com/uc?id=14Rt568uo32h51_Jyeb5YpmGmkFlMI5XJ
범어3동 커피맘스,https://drive.google.com/uc?id=1aVZ3K1RVyLlAexhvlTy6hRWYOH3ds3qI
범어3동 텐퍼센트커피 대구범어동천초점,https://drive.google.com/uc?id=1lDNoDHEbnlSYjr_8OVdg4j4kQ5-jPN43
범어3동 카페오아제,https://drive.google.com/uc?id=11RIF6PKsHpDg5todsERUsQSFvjkzEQjQ
범어3동 플랜 범어점,https://drive.google.com/uc?id=18W7yOHLBuEcuKWVch-sUBIeE9ezDSSgd
수성4가동 슬로우라이프,https://drive.google.com/uc?id=1qRBtzaG5kiG6sMzqzLD_pspEekZ9vqtc
범어2동 카페홍시,https://drive.google.com/uc?id=1135H6jvr4jBVHFrKeFgEqwK7_2abMnjE
만촌1동 피키,https://drive.google.com/uc?id=1Dw_LqGliWutzlGNyXr0_cUWX1mEcyKhG
만촌1동 마시그래이 만촌메트로점,https://drive.google.com/uc?id=1u6KEov39U-G42ZWoEI8jrjIb_8Eb6sai
범어2동 가희,https://drive.google.com/uc?id=1_wBSALBObsF1N7Y16N1U_Cec5hBjHRus
범어2동 소복담,https://drive.google.com/uc?id=1gYoOoT6G_MlDr2lMtJBKJXTheJa9JHEF
만촌1동 아웃스탠딩커피 상효점,https://drive.google.com/uc?id=1nn-ewiQGaBeKTVGCrkDcMUgv5e8sWCFx
효목2동 픽앤믹스,https://drive.google.com/uc?id=19OGQhD0e4HulzcAiJQsKRQDjWeBU3ZPp
만촌1동 비아토르,https://drive.google.com/uc?id=1DIsl4Er62j50Cae_hSL6lOB3hs17C77v
두산동 탐앤탐스 대구들안길점,https://drive.google.com/uc?id=1gnQ8jFyLviPhNlinq95s3wjOAo9L6IM6
상동 예가체프앤빙,https://drive.google.com/uc?id=1xNlNjuZDjSyYQYW5swe47mp3m_tQFqUV
수성3가동 매머드익스프레스 대구수성,https://drive.google.com/uc?id=12N3VKt9wa88O_fUCAGpvyxJuyGRkObjp
수성4가동 할리스 수성네거리점,https://drive.google.com/uc?id=1PZMkQkUn2uYwz8nEpF65wDNvMpbIEb3a
두산동 핸썸커피,https://drive.google.com/uc?id=1JDeLJQZbEWiKRHRLbDf8Jzu7xgj09Ott
중동 베오메오 황금점,https://drive.google.com/uc?id=16HmnPThchOaOe1CkNDmtKr10cre3TqSw
중동 매스커피 황금점,https://drive.google.com/uc?id=1FSZcjguYZo4aLILhJOVvocu-hC5-TVAC
황금2동 스탠바이미 황금점,https://drive.google.com/uc?id=1VD_Wh5SHc1jM1rO2A1gFrtMzeGej715Y
중동 커피는책이랑,https://drive.google.com/uc?id=17jf7sKOsyOuHGxYNxdZraZB6s8omiqqD
수성3가동 세이커피스탠드,https://drive.google.com/uc?id=1nJHb_C_tBV0BrNMyGFuAN5RhaZLeVfGD
신천2동 사운즈프리미어,https://drive.google.com/uc?id=1DeyLytHPDRLSqmgKPvUpmyM2LYKuAwB6
수성4가동 더리터 수성4가점,https://drive.google.com/uc?id=1eshqwMx2l1KKjsnE9kR-20JjOAfY6YP_
수성4가동 브라운103,https://drive.google.com/uc?id=1Z_638QUC9u9pN0zNgHELiJ-e7VqtvmGU
신천2동 빵실과자점,https://drive.google.com/uc?id=1cy4h_1SCt-ukNSFF4Vz7jn0fzl9JSvrG
상동 목련양과,https://drive.google.com/uc?id=1pZdYnotcHzZv_pVPg2pIFRkjqthtgqa6
상동 하즐커피,https://drive.google.com/uc?id=1iTnP6XP4kYTAqEAYLmKnV4coVO65kquH
만촌1동 라온카페,https://drive.google.com/uc?id=1ETqxL-wNk9t8j_Xu-XLxGaNBBRKzTjOp
효목2동 윤영,https://drive.google.com/uc?id=1AbITLLvzvjQ-ts5WhsraDV9PhJR1AwtN
만촌1동 드림쿡,https://drive.google.com/uc?id=1JViz9vcOltcDj2U1MU9bIz-2oMTvOvdo
만촌3동 나비다드481-1,https://drive.google.com/uc?id=1-DUm_WxHlW5UIJVRqpNCLixogMgWAUVx
수성2가동 청솔로9 수성시장역점,https://drive.google.com/uc?id=1088mQfpDWQOl1YiDi4Fv6YqHaauOWiFb
수성1가동 베스트프레즐 대구수성점,https://drive.google.com/uc?id=1vyPEg-4MdWFiyijh9ikAIdr8K9zsqJqf
수성3가동 모리커피 수성시장역점,https://drive.google.com/uc?id=1OmT1fRwyE7wZyFp5OnrAQY9pfsxwyOD0
수성3가동 투썸플레이스 대구범어점,https://drive.google.com/uc?id=196I9KQinux36Ytr0i1u4qUeX9DGCM-qu
범어1동 무제커피,https://drive.google.com/uc?id=1emeaKmJG3AtPiwcElmFjTpaFcfoBoI3M
효목2동 폴바셋 대구만촌DT점,https://drive.google.com/uc?id=1J1vgo-WzJYZLJiR8USDXT0-TR6MasOFh
두산동 핸즈커피 들안길점,https://drive.google.com/uc?id=1kA1tGYcZHex4KHIrgHnI4PCKsyyN3aKm
상동 투썸플레이스 대구두산동DT점,https://drive.google.com/uc?id=1OnvcHs1rn8JwFuf50e1ZkQIu6vQ06DQ1
지산1동 그루잠,https://drive.google.com/uc?id=19238IAZMKyHZPpo8E63vPScs5cisSXZJ
지산1동 에스테반,https://drive.google.com/uc?id=1ohXbl5SnugOWD-heuMA0h4_vOOKkNHWM
지산1동 이디야커피 대구지산녹원점,https://drive.google.com/uc?id=1J0wrmaCjC7B501BNrr62Mtz2hXWeXAg8
상동 데이투모로우,https://drive.google.com/uc?id=1qwyCvDkXu76TFkcfloKIpYFS0xtaUJBF
상동 공주다육카페,https://drive.google.com/uc?id=1AN3NAHFoiRfurbxnr4dfet8bSBw4dQAp
두산동 카페보스 대구두산점,https://drive.google.com/uc?id=1BP69sG4RV5YeoXFqHx-TkpKwLkBrs-Bi
지산1동 바이썬 하이문,https://drive.google.com/uc?id=1RViVZ9jcMqjp_4KCrR4PJZcTt0CuBKga
지산1동 브라우네스트커피 로스터스,https://drive.google.com/uc?id=1CBIFBi7iku5BBtE2cdyZSeyLPMAiGxX6
지산1동 위니드,https://drive.google.com/uc?id=1XwrS-RKuFL8gvOv7vWy5kLKQClrqHrhz
지산1동 코디깅베이크샵,https://drive.google.com/uc?id=1gevTOFPRMXmCHEueEfDErhKGczRp32sp
지산1동 미래견과,https://drive.google.com/uc?id=1rhKw06UOUXkgRQa0H_hrzNBZhLDeMe_u
지산1동 봉자마켓,https://drive.google.com/uc?id=1v24RjJww-yiB7kANO-zd-Ge0viUhqxCo
지산1동 스타지오네,https://drive.google.com/uc?id=11tElnjC7ZMxHN9IgCEe1nAeCaO6TIbZD
범물1동 피어오르,https://drive.google.com/uc?id=136RZHfrJhEVGRubPZbZdAofeiGqWzh71
범물1동 블랙빈101,https://drive.google.com/uc?id=1koBmL5fqx2FetlyfaLK6uK_xDjSTPsgX
범물1동 디플랫,https://drive.google.com/uc?id=1CBsXpBNIXays18_cHBqk0baMDmaJstdJ
범물1동 내가디저트,https://drive.google.com/uc?id=1fN1l5DLuJRfjkyfOyusohMFKC6f8h2tz
범어1동 반디의꿈,https://drive.google.com/uc?id=1zYQDsHV3FqQGSTLGmngIEjubfxtw9Dmg
범어2동 정스콘,https://drive.google.com/uc?id=11kB7fC_HPHD5WR55KiN-_Dy4illoCF19
범어2동 아마노커피,https://drive.google.com/uc?id=1IJbgXWhud3L4pbEVDHjuDm2mwKT71mBI
범어2동 스피티코 대구,https://drive.google.com/uc?id=176zArFXhPbE6Ns1UuBds38FGg1ZMQi2P
만촌1동 이명재커피,https://drive.google.com/uc?id=1JENxPRS4sUDL3DFcOsBxEkRUo-VRnG6Z
황금1동 빽다방 대구범어KBS점,https://drive.google.com/uc?id=1I_2KcZ-Gt_XwgSYrP577QBxVCZqVTAmX
범어4동 커피명가 선스포츠점,https://drive.google.com/uc?id=1aXp9H5TqB4W42f6WfehTJoBH7-nEkq-i
범어4동 카페게이트 수성구청점,https://drive.google.com/uc?id=18XID_nEk-BHV30u8RtFX98kUnNq9GSEt
황금1동 시공커피,https://drive.google.com/uc?id=1KwKLXYZgGZMVlA-eXvOtwIJFNlHHcXUH
만촌2동 아몬즈베이크,https://drive.google.com/uc?id=1hExNg4HBxK6GJUd64FbxoIbr4HcUzCRi
범어4동 커피유연제,https://drive.google.com/uc?id=13uOtARRWPDh7UDVzrNlQMn6OWi_X_U1U
범어4동 아웃스탠딩커피 현수점,https://drive.google.com/uc?id=1eCbIT2k-r-beeQUmS3eEEecLg_trGstx
범어4동 명품호두cafe,https://drive.google.com/uc?id=1ge-TwJxtlhuQYV9GcW3qx7ERrVU5Q6mU
