,사업장명,카페이름,별점,방문자리뷰수,블로그리뷰수,주소,Latitude,Longitude,영업시간,전화번호,연결사이트,설명,메뉴,키워드
0,고산3동 라이크유,우주라이크커피 경산점,4.77,66,초기값,경북 경산시 대학로10길 24 1층,35.8320661,128.7277091,09:00 - 21:00,053-710-8852,https://rlaaofk123.modoo.at,"""반갑습니다 : )
우주라이크 커피 경산점 인사드립니다!
새롭고, 신선하고, 합리적인 커피!
브라질 내추럴, 콜롬비아 수프리모 워시드,
에티오피아 예가체프를 최적의 비율로 블렌딩하여
깊은 단맛과 균형있는 밸런스로 고급스러운 아로마와
테이스트를 느끼실 수 있습니다.""",공사중,"""{'커피가 맛있어요': '20', '친절해요': '16', '디저트가 맛있어요': '9', '음료가 맛있어요': '7', '가성비가 좋아요': '6', '좌석이 편해요': '5', '매장이 청결해요': '5', '대화하기 좋아요': '5', '주차하기 편해요': '4', '특별한 메뉴가 있어요': '4', '인테리어가 멋져요': '2', '사진이 잘 나와요': '1', '뷰가 좋아요': '1'}"""
1,남산4동 말그미옥상,말그미옥상,4.57,88,154,대구 남구 계명중앙1길 25 2층,35.8563674,128.5813955,12:00 - 20:00,0507-1310-3966,http://www.instagram.com/malgeumi_oksang,"""'맑음' 이라는 말에서 따온 순 우리말 말그미라는 단어를 사용한 '말그미옥상' 입니다.""",공사중,"""{'커피가 맛있어요': '34', '대화하기 좋아요': '17', '디저트가 맛있어요': '15', '음료가 맛있어요': '15', '친절해요': '12', '뷰가 좋아요': '10', '인테리어가 멋져요': '9', '매장이 청결해요': '6', '가성비가 좋아요': '4', '특별한 메뉴가 있어요': '4', '사진이 잘 나와요': '3', '선물하기 좋아요': '1', '집중하기 좋아요': '1'}"""
2,대명3동 코너커피,코너커피,4.26,219,22,대구 남구 계명중앙1길 28 1층 코너커피,35.856087,128.5813917,08:30 - 22:00,053-212-9229,http://instagram.com/corner_coff22,"""맛있는 커피와 다양한 수제디저트를 맛보시러 코너로 놀러오세요♥️""",공사중,"""{'커피가 맛있어요': '43', '가성비가 좋아요': '34', '친절해요': '26', '대화하기 좋아요': '23', '음료가 맛있어요': '21', '매장이 청결해요': '17', '디저트가 맛있어요': '16', '좌석이 편해요': '9', '인테리어가 멋져요': '6', '뷰가 좋아요': '5', '집중하기 좋아요': '4', '특별한 메뉴가 있어요': '3', '주차하기 편해요': '1', '사진이 잘 나와요': '1'}"""
3,남산4동 줄라이모닝,줄라이모닝,5,12,초기값,대구 남구 계명중앙1길 5-1,35.8568809,128.5802946,09:00 - 22:00,010-2012-3273,NO INFO,"""윗 번호는 금 1-6, 토일 풀타임으로 일하는 알바생 번호라서 그날을 제외하면 전화연결이 다소 어려우실 수 있는 점 이해바랍니다ㅠ 

저희 매장은 총 2층으로 구성되어 있고 2층에는
다양한 종류의 lp판이 구비되어 있어 사용법을 모르시면 편하게 물어보시고 이용해주시면 됩니다 !""",공사중,"""{'커피가 맛있어요': '6', '대화하기 좋아요': '3', '디저트가 맛있어요': '2', '음료가 맛있어요': '2', '가성비가 좋아요': '2', '화장실이 깨끗해요': '2', '좌석이 편해요': '1', '특별한 메뉴가 있어요': '1', '매장이 청결해요': '1'}"""
4,대명6동 카페로커피,카페로커피,5,16,초기값,대구 남구 골안길 9,35.8378805,128.5612965,10:00 - 20:00,NO INFO,NO INFO,"""NO INFO""",공사중,"""{'커피가 맛있어요': '8', '친절해요': '4', '음료가 맛있어요': '2', '인테리어가 멋져요': '2'}"""
5,대명4동 앰프티커피,엠프티커피,4.59,261,176,대구 남구 대경길 185,35.845171,128.5759775,08:00 - 22:00,0507-1359-6607,NO INFO,"""NO INFO""",공사중,"""{'커피가 맛있어요': '164', '디저트가 맛있어요': '124', '친절해요': '100', '음료가 맛있어요': '70', '인테리어가 멋져요': '61'}"""
6,대명4동 다올,다올,초기값,77,4,대구 남구 대경길 201 1층 다올카페,35.8457861,128.5765432,NO INFO,0507-1337-5010,https://www.instagram.com/,"""각종모임 회의 단체 환영 각종 음료 디져트 주차완비""",공사중,"""{'커피가 맛있어요': '34', '친절해요': '33', '디저트가 맛있어요': '26', '음료가 맛있어요': '22'}"""
7,봉덕3동 프렌네,카페 프렌네,초기값,25,21,대구 남구 대덕로30길 34-2 1층,35.8402458,128.5986191,11:00 - 22:00,010-6778-7270,https://www.instagram.com/cafe_perenne,"""coffee / tee / sandwich / cake / cookie 수제디저트카페 유기농설탕으로만든 청과 수제쨈을 사용합니다!""",공사중,"""{'친절해요': '13', '커피가 맛있어요': '12', '디저트가 맛있어요': '6', '음료가 맛있어요': '4', '가성비가 좋아요': '4', '매장이 청결해요': '4', '특별한 메뉴가 있어요': '3', '집중하기 좋아요': '3', '인테리어가 멋져요': '2', '화장실이 깨끗해요': '2', '좌석이 편해요': '1'}"""
8,파동 커피온니두,커피온니두,4.27,313,100,대구 남구 대덕로40길 80-1,35.8375834,128.6039863,09:30 - 22:00,053-473-9955,https://blog.naver.com/eun8355,"""커피와 천연발효빵,맛있는 식사가 있는 커피온니두""",공사중,"""{'커피가 맛있어요': '74', '디저트가 맛있어요': '35', '친절해요': '34', '대화하기 좋아요': '34', '음료가 맛있어요': '29', '특별한 메뉴가 있어요': '26', '매장이 청결해요': '25', '인테리어가 멋져요': '14', '좌석이 편해요': '8', '사진이 잘 나와요': '6', '화장실이 깨끗해요': '4', '집중하기 좋아요': '3', '가성비가 좋아요': '2', '뷰가 좋아요': '2', '주차하기 편해요': '1'}"""
9,대명11동 소소우드,소소우드,초기값,87,23,대구 남구 대륙2길 6 1층 소소우드,35.8351633,128.5663804,NO INFO,0507-1423-7732,https://www.instagram.com/soso_wood_cafe,"""커피와 라떼류, 그리고 디저트를 매일 준비하고 있습니다. 내부 테이블도 10개 이상 준비 되어 있 으니 오셔서 편하게 드시다 가시면 됩니다.""",공사중,"""{'디저트가 맛있어요': '59', '친절해요': '56', '커피가 맛있어요': '48', '음료가 맛있어요': '40', '인테리어가 멋져요': '36', '사진이 잘 나와요': '36', '매장이 청결해요': '33', '대화하기 좋아요': '24', '화장실이 깨끗해요': '15', '집중하기 좋아요': '13', '가성비가 좋아요': '10', '특별한 메뉴가 있어요': '8', '좌석이 편해요': '7', '주차하기 편해요': '3', '차분한 분위기에요': '1', '빵이 맛있어요': '1', '차가 맛있어요': '1'}"""
10,대명9동 퍼스널스커피,퍼스널스커피,초기값,37,2,대구 남구 대명남로 151 1층,35.8357819,128.5748977,"10:30 - 20:30
20:00 라스트오더",0507-1466-1997,https://www.instagram.com/personals_coffee,"""모든사람의 퍼스널 커피취향을 찾아떠나는 공간입니다^^
퍼스널스만의 분위기와 다양한 커피,디저트를 경험해보아요!
언제나 여러분들을 맞이 할 준비되어 있습니다""",공사중,"""{'커피가 맛있어요': '30', '인테리어가 멋져요': '25', '디저트가 맛있어요': '21', '친절해요': '20', '매장이 청결해요': '18', '음료가 맛있어요': '13', '특별한 메뉴가 있어요': '9', '사진이 잘 나와요': '8', '좌석이 편해요': '7', '음식이 맛있어요': '4', '대화하기 좋아요': '4', '화장실이 깨끗해요': '4', '컨셉이 독특해요': '1', '아늑해요': '1', '음악이 좋아요': '1', '오래 머무르기 좋아요': '1'}"""
11,대명1동 오마모리,오마모리 앞산,4.49,867,643,대구 남구 대명남로 167,35.8358752,128.5762995,NO INFO,0507-1464-2060,https://www.instagram.com/,"""NO INFO""",공사중,"""{'인테리어가 멋져요': '193', '디저트가 맛있어요': '191', '매장이 청결해요': '135', '음료가 맛있어요': '131', '특별한 메뉴가 있어요': '126'}"""
12,대명9동 강낭시에,강낭시에,초기값,102,94,대구 남구 대명남로 168-1 1층,35.8354485,128.576469,NO INFO,0507-1315-3682,https://www.instagram.com/kang.nse_dessert,"""강낭시에:) 강사장님이 만드는 휘낭시에

손님들께 맛있는 디저트를 제공하기 위해 매일 연구하는 강낭시에 입니다.

오랜시간 카페에서 일하며 정해진 디저트보다 늘 입맛을 새롭게 해줄 여러 디저트를 즐겼으면 하는 마음에 카페를 차렸습니다.

몸과 마음은 편하게, 입은 즐겁고 새로운 맛을 제공하기 위해 노력하는 강낭시에가 되겠습니다.""",공사중,"""{'디저트가 맛있어요': '90', '친절해요': '70', '매장이 청결해요': '56', '커피가 맛있어요': '50', '음료가 맛있어요': '41', '특별한 메뉴가 있어요': '30', '가성비가 좋아요': '28', '대화하기 좋아요': '17', '인테리어가 멋져요': '12', '사진이 잘 나와요': '11', '좌석이 편해요': '7', '집중하기 좋아요': '7', '화장실이 깨끗해요': '5', '포장이 깔끔해요': '3', '빵이 맛있어요': '2', '뷰가 좋아요': '2', '재료가 신선해요': '1', '선물하기 좋아요': '1'}"""
13,대명9동 마리아쥬커피,마리아쥬커피,초기값,193,89,대구 남구 대명남로 174-2,35.8354506,128.5770019,NO INFO,0507-1409-6685,https://smartstore.naver.com/mariagecoffee,"""핸드드립 커피, 에스프레소 베이스 커피 모두 잘하는 곳이다. 더치커피도 인기가 좋다. 대부분의 메뉴는 테이크아웃이 가능하다. 원두는 매일 직접 볶아서 사용하며 원두는 매장과 온라인사이트(www.mariagecoffee.kr)에서 구매가능하다. 간단한 케이크와 쿠키 종류도 즐길 수 있다. -2013블루리본서베이 본문내용""",공사중,"""{'커피가 맛있어요': '76', '친절해요': '56', '대화하기 좋아요': '25', '디저트가 맛있어요': '23', '음료가 맛있어요': '14', '특별한 메뉴가 있어요': '13', '매장이 청결해요': '11', '집중하기 좋아요': '8', '가성비가 좋아요': '7', '인테리어가 멋져요': '6', '화장실이 깨끗해요': '5', '사진이 잘 나와요': '4', '뷰가 좋아요': '4'}"""
14,대명1동 앞산커피하우스,앞산커피하우스,4.4,545,152,대구 남구 대명남로 175,35.8357468,128.5773354,10:00 - 23:00,0507-1311-3969,NO INFO,"""NO INFO""",공사중,"""{'커피가 맛있어요': '103', '디저트가 맛있어요': '60', '친절해요': '46', '대화하기 좋아요': '41', '주차하기 편해요': '39', '인테리어가 멋져요': '38', '매장이 청결해요': '36', '음료가 맛있어요': '35', '좌석이 편해요': '17', '뷰가 좋아요': '17', '화장실이 깨끗해요': '14', '특별한 메뉴가 있어요': '13', '집중하기 좋아요': '9', '사진이 잘 나와요': '6', '가성비가 좋아요': '5'}"""
15,대명1동 파스쿠찌 대구앞산정은점,파스쿠찌 대구앞산점,4.39,673,18,대구 남구 대명남로 191,35.835735,128.579088,11:30 - 24:00,053-657-6007,NO INFO,"""NO INFO""",공사중,"""{'커피가 맛있어요': '120', '주차하기 편해요': '75', '음료가 맛있어요': '63', '대화하기 좋아요': '59', '매장이 청결해요': '52', '디저트가 맛있어요': '51', '친절해요': '48', '좌석이 편해요': '40', '특별한 메뉴가 있어요': '20', '집중하기 좋아요': '20', '화장실이 깨끗해요': '19', '인테리어가 멋져요': '18', '가성비가 좋아요': '15', '뷰가 좋아요': '14', '사진이 잘 나와요': '7'}"""
16,대명6동 즉흥적인,앞산 즉흥적인 카페,4.42,150,335,대구 남구 대명남로 64 앞산 즉흥적인 카페,35.8347693,128.5650648,NO INFO,010-4395-1299,http://www.instagram.com/jeukheung,"""안녕하세요. 온 마음을 다하는 따뜻함 대구 카페 즈킁입니다 저희 즉흥적인은 2018년 2월에 카페 로 오픈하여 23년 현재 5살을 맞이하여 스...""",공사중,"""{'디저트가 맛있어요': '72', '친절해요': '43', '커피가 맛있어요': '34', '특별한 메뉴가 있어요': '29', '인테리어가 멋져요': '25'}"""
17,대명10동 핸즈커피 써니킨점,핸즈커피 써니킨점,4.36,167,25,대구 남구 대명로 124,35.8391155,128.5709289,09:00 - 23:00,053-629-5778,http://handscoffee.com/,"""NO INFO""",공사중,"""{'커피가 맛있어요': '38', '음료가 맛있어요': '23', '친절해요': '17', '디저트가 맛있어요': '15', '대화하기 좋아요': '10', '좌석이 편해요': '9', '주차하기 편해요': '8', '매장이 청결해요': '6', '가성비가 좋아요': '5', '특별한 메뉴가 있어요': '5', '집중하기 좋아요': '5', '인테리어가 멋져요': '4', '화장실이 깨끗해요': '3'}"""
18,대명4동 캔버스커피 대명역점,캔버스커피 대명역점,초기값,287,3,대구 남구 대명로 125 1층 캔버스 커피,35.839669,128.5715361,08:00 - 21:30,053-622-3147,NO INFO,"""22년3월1일에 오픈한 캔버스커피입니다. 최선을 다하겠습니다.""",공사중,"""{'커피가 맛있어요': '136', '가성비가 좋아요': '79', '음료가 맛있어요': '62', '친절해요': '62', '매장이 청결해요': '16', '디저트가 맛있어요': '15', '특별한 메뉴가 있어요': '15', '대화하기 좋아요': '5', '좌석이 편해요': '4', '사진이 잘 나와요': '3', '집중하기 좋아요': '3', '뷰가 좋아요': '3', '인테리어가 멋져요': '2'}"""
19,대명10동 로우시티,로우시티 Row City coffeebar,초기값,34,20,대구 남구 대명로 136 1층 로우시티,35.8391025,128.5723946,"08:00 - 19:00
18:50 라스트오더",0507-1355-3485,NO INFO,"""NO INFO""",공사중,"""{'디저트가 맛있어요': '25', '친절해요': '20', '커피가 맛있어요': '14', '인테리어가 멋져요': '14', '매장이 청결해요': '12', '음료가 맛있어요': '10', '사진이 잘 나와요': '10', '특별한 메뉴가 있어요': '9', '집중하기 좋아요': '4', '가성비가 좋아요': '3', '화장실이 깨끗해요': '3', '대화하기 좋아요': '2'}"""
20,대명1동 카페노브,노브 대명점,4.62,233,초기값,대구 남구 대명로 137,35.839571,128.5728217,08:00 - 20:00,0507-1301-6865,http://www.instagram.com/drink_nov,"""그저 싼맛에 사먹는다 ! 라는 테이크아웃에 대한 인식을 조금이나마 바꾸고싶었습니다. 싸지만 맛까지 챙기는 노브가 되겠습니다 :)""",공사중,"""{'친절해요': '51', '가성비가 좋아요': '50', '매장이 청결해요': '30', '커피가 맛있어요': '22', '음료가 맛있어요': '20', '주차하기 편해요': '18', '특별한 메뉴가 있어요': '8', '디저트가 맛있어요': '6', '인테리어가 멋져요': '6', '뷰가 좋아요': '5', '좌석이 편해요': '4', '사진이 잘 나와요': '4', '화장실이 깨끗해요': '4', '대화하기 좋아요': '3', '집중하기 좋아요': '2'}"""
21,대명1동 이디야커피 대구드림병원점,이디야커피 대구드림병원점,초기값,77,2,"대구 남구 대명로 153 , 1층 이디야커피",35.8396131,128.5745156,08:30 - 20:00,053-622-8420,http://www.ediya.com/,"""Always beside you, EDIYA COFFEE
일상 속 모두에게 커피를 통한 휴식과 영감을 제공하는 이디야커피는,
대한민국의 커피 문화를 만들어가는 가장 가까운 안식처입니다.""",공사중,"""{'친절해요': '42', '커피가 맛있어요': '31', '음료가 맛있어요': '22', '매장이 청결해요': '20', '가성비가 좋아요': '11', '디저트가 맛있어요': '5', '인테리어가 멋져요': '4', '대화하기 좋아요': '4', '주차하기 편해요': '3', '사진이 잘 나와요': '3', '좌석이 편해요': '2', '집중하기 좋아요': '2', '화장실이 깨끗해요': '2', '뷰가 좋아요': '2', '주문제작을 잘해줘요': '1'}"""
22,대명11동 카페엠트리 서부점,카페엠트리 서부점,4.61,69,초기값,대구 남구 대명로 16,35.8376945,128.5593776,NO INFO,053-623-1133,NO INFO,"""6인용 스터디룸이 있어요~ 문이 있어서 단독으로 사용가능합니다 예약 후 이용하시면 됩니다^^
 053-623-1133으로 문의주세요""",공사중,"""{'음료가 맛있어요': '13', '커피가 맛있어요': '12', '대화하기 좋아요': '11', '가성비가 좋아요': '10', '특별한 메뉴가 있어요': '6'}"""
23,대명1동 몬스터커피 안지랑점,몬스터커피 안지랑점,초기값,114,2,대구 남구 대명로 162 1층,35.8388767,128.5754278,09:00 - 22:00,0507-1412-0607,NO INFO,"""향기로운 커피, 착즙에이드, 수제청으로 만든 음료를 합리적인 가격에 만나실 수 있는 몬스터 커피 입니다""",공사중,"""{'커피가 맛있어요': '55', '친절해요': '53', '가성비가 좋아요': '34', '음료가 맛있어요': '28', '매장이 청결해요': '14', '디저트가 맛있어요': '6', '특별한 메뉴가 있어요': '3', '인테리어가 멋져요': '2', '대화하기 좋아요': '2', '화장실이 깨끗해요': '2', '좌석이 편해요': '1', '주차하기 편해요': '1', '사진이 잘 나와요': '1'}"""
24,대명9동 카페봄봄 안지랑점,카페봄봄 안지랑점,4.48,495,초기값,대구 남구 대명로 170,35.8387977,128.5763253,08:00 - 22:00,0507-1400-4426,NO INFO,"""재료를 아끼지 않습니다~!!!""",공사중,"""{'커피가 맛있어요': '119', '가성비가 좋아요': '93', '음료가 맛있어요': '89', '친절해요': '71', '매장이 청결해요': '13', '디저트가 맛있어요': '12', '특별한 메뉴가 있어요': '9', '대화하기 좋아요': '6', '좌석이 편해요': '5', '주차하기 편해요': '4', '인테리어가 멋져요': '3', '집중하기 좋아요': '3', '사진이 잘 나와요': '2', '뷰가 좋아요': '2'}"""
25,대명1동 카페달달,카페달달,4.01,64,초기값,대구 남구 대명로 176 1층,35.8385954,128.5767687,NO INFO,053-652-9250,NO INFO,"""NO INFO""",공사중,"""{'커피가 맛있어요': '17', '친절해요': '7', '음료가 맛있어요': '6', '가성비가 좋아요': '5', '매장이 청결해요': '2', '디저트가 맛있어요': '1', '주차하기 편해요': '1', '특별한 메뉴가 있어요': '1', '뷰가 좋아요': '1'}"""
26,대명1동 카페유럽,카페유럽,4.38,34,21,대구 남구 대명로 196,35.8394527,128.5791207,NO INFO,053-627-2697,NO INFO,"""NO INFO""",공사중,"""{'커피가 맛있어요': '7', '좌석이 편해요': '5', '인테리어가 멋져요': '5', '친절해요': '5', '대화하기 좋아요': '5', '매장이 청결해요': '4', '가성비가 좋아요': '2', '집중하기 좋아요': '2', '디저트가 맛있어요': '1', '음료가 맛있어요': '1', '주차하기 편해요': '1', '화장실이 깨끗해요': '1', '뷰가 좋아요': '1'}"""
27,대명6동 카페 늘,카페 늘,5,32,초기값,대구 남구 대명로 25 1층 카페 늘,35.8386127,128.5602249,09:00 - 19:00,0507-1461-2838,NO INFO,"""스페셜티원두,
수제디저트,
수제청에이드,
프랑스 수입 생지 사용 크로플, 크로아상,
제주유기농말차""",공사중,"""{'커피가 맛있어요': '14', '친절해요': '12', '매장이 청결해요': '6', '가성비가 좋아요': '5', '디저트가 맛있어요': '4', '음료가 맛있어요': '4', '인테리어가 멋져요': '4', '대화하기 좋아요': '4', '좌석이 편해요': '3', '사진이 잘 나와요': '2', '화장실이 깨끗해요': '2', '주차하기 편해요': '1', '특별한 메뉴가 있어요': '1', '집중하기 좋아요': '1', '뷰가 좋아요': '1'}"""
28,대명5동 카페1052,카페1052,초기값,11,1,대구 남구 대명로 283 1층,35.843969,128.5871651,07:30 - 22:00,0507-1435-1086,NO INFO,"""NO INFO""",공사중,"""{'친절해요': '5', '가성비가 좋아요': '5', '커피가 맛있어요': '4', '음료가 맛있어요': '2', '특별한 메뉴가 있어요': '2', '매장이 청결해요': '2', '디저트가 맛있어요': '1', '사진이 잘 나와요': '1'}"""
29,대명5동 포프커피,포프커피,4.67,49,초기값,대구 남구 대명로 298,35.8443241,128.5888319,09:00 - 20:00,053-657-2102,https://m.youtube.com/channel/UCM5ttcZAEVRTKR-HYeugA4A,"""영대병원역 2번출구 옆에 위치하고 있습니다. 음료와 디저트가 맛있는 카페 입니다.""",공사중,"""{'커피가 맛있어요': '22', '친절해요': '17', '매장이 청결해요': '12', '음료가 맛있어요': '9', '가성비가 좋아요': '8', '디저트가 맛있어요': '3', '좌석이 편해요': '2', '인테리어가 멋져요': '1', '특별한 메뉴가 있어요': '1', '대화하기 좋아요': '1', '화장실이 깨끗해요': '1', '뷰가 좋아요': '1'}"""
30,대명5동 카페인중독 대구영대병원점,카페인중독 대구영대병원점,초기값,80,8,대구 남구 대명로 305 1층,35.8449261,128.5891057,"09:00 - 03:00
02:45 라스트오더",0507-1332-8149,NO INFO,"""미리 전화주시고 방문해주시면 빠른 픽업 가능합니다. 배달주문은 배달의 민족 앱 이용해주시기 바랍니다. 전화로 배달주문 불가합니다.""",공사중,"""{'디저트가 맛있어요': '54', '친절해요': '38', '음료가 맛있어요': '30', '매장이 청결해요': '29'}"""
31,봉덕3동 아킨니,아킨니,4.65,208,263,대구 남구 대명로 314 아킨니,35.8448919,128.590041,"10:00 - 22:00
21:30 라스트오더",0507-1398-3203,NO INFO,"""NO INFO""",공사중,"""{'뷰가 좋아요': '80', '커피가 맛있어요': '79', '사진이 잘 나와요': '64', '친절해요': '46', '인테리어가 멋져요': '36', '매장이 청결해요': '31', '음료가 맛있어요': '29', '대화하기 좋아요': '24', '디저트가 맛있어요': '22', '좌석이 편해요': '19', '가성비가 좋아요': '14', '특별한 메뉴가 있어요': '13', '화장실이 깨끗해요': '13', '집중하기 좋아요': '4', '주차하기 편해요': '1'}"""
32,대명11동 몬스터커피 대명점,몬스터커피 대명점,4.59,295,12,대구 남구 대명로 66,35.8389048,128.5648986,"07:30 - 22:00
21:45 라스트오더",053-657-7759,NO INFO,"""NO INFO""",공사중,"""{'커피가 맛있어요': '133', '가성비가 좋아요': '102', '친절해요': '80', '음료가 맛있어요': '74', '매장이 청결해요': '42', '디저트가 맛있어요': '17', '대화하기 좋아요': '14', '특별한 메뉴가 있어요': '11', '인테리어가 멋져요': '9', '좌석이 편해요': '7', '화장실이 깨끗해요': '6', '주차하기 편해요': '5', '뷰가 좋아요': '5', '집중하기 좋아요': '3', '사진이 잘 나와요': '1'}"""
33,대명10동 더리터 대명역점,더리터 대명역점,4.36,395,16,대구 남구 대명로 66,35.8389048,128.5648986,09:00 - 22:00,070-8780-3043,NO INFO,"""NO INFO""",공사중,"""{'가성비가 좋아요': '89', '커피가 맛있어요': '78', '친절해요': '60', '음료가 맛있어요': '51', '디저트가 맛있어요': '20', '매장이 청결해요': '19', '좌석이 편해요': '14', '특별한 메뉴가 있어요': '11', '화장실이 깨끗해요': '11', '대화하기 좋아요': '8', '인테리어가 멋져요': '7', '주차하기 편해요': '6', '집중하기 좋아요': '5', '뷰가 좋아요': '5', '사진이 잘 나와요': '4'}"""
34,대명4동 파스쿠찌 대구대명역점,파스쿠찌 대구대명역점,4.58,926,35,대구 남구 대명로 73 (대명동),35.8395966,128.565921,08:00 - 24:00,053-656-8497,http://www.caffe-pascucci.co.kr/,"""파스쿠찌 대구대명역점입니다. 네이버 스마트주문에서 간편하게 주문하세요!""",공사중,"""{'커피가 맛있어요': '183', '주차하기 편해요': '138', '음료가 맛있어요': '122', '대화하기 좋아요': '107', '친절해요': '102', '매장이 청결해요': '86', '좌석이 편해요': '84', '디저트가 맛있어요': '64', '집중하기 좋아요': '51', '인테리어가 멋져요': '45', '가성비가 좋아요': '27', '화장실이 깨끗해요': '24', '특별한 메뉴가 있어요': '18', '사진이 잘 나와요': '10', '뷰가 좋아요': '8', '읽을만한 책이 많아요': '1'}"""
35,대명6동 가이아,가이아커피,초기값,39,5,대구 남구 대명로14길 111,35.834157,128.5650392,"10:30 - 22:00
21:30 라스트오더",0507-1449-0273,NO INFO,"""수제 에이드와 라떼 맛집 가이아커피입니다.

에이드류 하나하나 수제로 착즙해서 만들고 있어요.
수제 에이드지만 저렴한 가격에 맛보실 수 있습니다.
과일이 들어가는 것은 전부 수제로 만들고 있어요.

돌체라떼와 바닐라 향과 풍미가 가득한 바닐라라떼가 대표 메뉴입니다 :)

나무가 많이 들어간 유럽풍 우드톤 인테리어에 미술 작가들이 그린 벽화들로 꾸며진 은은한 분위기의 매장에서 통창의 햇살을 받으며 커피를 즐겨보세요.""",공사중,"""{'친절해요': '15', '대화하기 좋아요': '11', '좌석이 편해요': '9', '커피가 맛있어요': '8', '매장이 청결해요': '8', '집중하기 좋아요': '7', '음료가 맛있어요': '6', '인테리어가 멋져요': '5', '가성비가 좋아요': '3', '특별한 메뉴가 있어요': '3', '화장실이 깨끗해요': '3', '디저트가 맛있어요': '2', '뷰가 좋아요': '2', '주차하기 편해요': '1'}"""
36,대명11동 카페오슬링(Osling),카페 오슬링,초기값,36,4,대구 남구 대명로14길 134 1-2층,35.8330672,128.5646951,"12:00 - 21:00
20:30 라스트오더",0507-1411-1164,https://www.instagram.com/cafe.osling,"""안녕하세요. 앞산에 위치한 카페 오슬링입니다. 매일 직접 만든 디저트와 샌드위치, 커피를 제공해 드리고 있습니다.
따뜻하고 아늑한 공간에서 편히 머물다 가실 수 있는 공간이 되기를 바랍니다.

* 2층은 계단, 난간 등 안전상 노키즈존(13세 이하)으로 운영됩니다. 양해 부탁드립니다.""",공사중,"""{'친절해요': '17', '주차하기 편해요': '14', '매장이 청결해요': '12', '커피가 맛있어요': '11', '좌석이 편해요': '10', '뷰가 좋아요': '10', '음료가 맛있어요': '9', '인테리어가 멋져요': '9', '사진이 잘 나와요': '7', '화장실이 깨끗해요': '7', '디저트가 맛있어요': '5', '대화하기 좋아요': '5', '가성비가 좋아요': '4', '특별한 메뉴가 있어요': '3'}"""
37,대명6동 또다,또다,초기값,42,3,대구 남구 대명로20길 85 1층,35.835383,128.5681953,NO INFO,070-4134-7281,https://www.instagram.com/__ddoda,"""베이커리 카페""",공사중,"""{'디저트가 맛있어요': '31', '친절해요': '24', '커피가 맛있어요': '18', '음료가 맛있어요': '15', '매장이 청결해요': '15', '가성비가 좋아요': '11', '특별한 메뉴가 있어요': '6', '인테리어가 멋져요': '3', '집중하기 좋아요': '2', '대화하기 좋아요': '2', '좌석이 편해요': '1', '주차하기 편해요': '1'}"""
38,대명10동 비아또,비아또,4.43,47,초기값,대구 남구 대명로21길 23 대명마을문화창작소 1층,35.8406469,128.5691092,11:00 - 21:00,0507-1424-1124,http://instagram.com/beato.cafe,"""BEATO는 스페인어의 행복한이란 뜻입니다.
카페에 오시는 모든 분들께 편안하고 포근한 분위기를 제공하고자 합니다. 고객님의 마음으로 정성 담아 함껏 준비하였습니다.
아기자기 야외 테라스에 테이블도 있어요~

beato와 함께 행복한 시간되세요~""",공사중,"""{'커피가 맛있어요': '14', '음료가 맛있어요': '10', '친절해요': '9', '인테리어가 멋져요': '6', '가성비가 좋아요': '6', '매장이 청결해요': '5', '대화하기 좋아요': '4', '디저트가 맛있어요': '3', '사진이 잘 나와요': '3', '화장실이 깨끗해요': '3', '좌석이 편해요': '1', '특별한 메뉴가 있어요': '1', '집중하기 좋아요': '1', '뷰가 좋아요': '1'}"""
39,대명1동 카페점보,카페점보 본점,4.83,77,17,대구 남구 대명로25길 22-1 카페점보 본점,35.8405869,128.5715332,NO INFO,010-6770-7313,https://www.instagram.com/,"""체인문의 010-6770-7313 테이크아웃, 배달전문점입니다. 배달은 모든음료 캔으로 나갑니다""",공사중,"""{'음료가 맛있어요': '15', '친절해요': '15', '가성비가 좋아요': '14', '커피가 맛있어요': '10', '디저트가 맛있어요': '5', '특별한 메뉴가 있어요': '5', '매장이 청결해요': '5', '집중하기 좋아요': '1', '뷰가 좋아요': '1'}"""
40,대명9동 이집,이집,초기값,73,21,대구 남구 대명로36길 10-15 이집,35.8386407,128.5754641,"13:00 - 23:00
22:30 라스트오더",0507-1351-9219,https://74209219.modoo.at,"""안녕하세요 남구 대명동에 위치한 카페 입니다. 직접 선별한 원두를 사용합니다. (* 각종 모임 예 약 가능) 감사합니다.""",공사중,"""{'친절해요': '29', '대화하기 좋아요': '29', '인테리어가 멋져요': '27', '좌석이 편해요': '26', '커피가 맛있어요': '24', '음료가 맛있어요': '21', '가성비가 좋아요': '21', '디저트가 맛있어요': '18', '매장이 청결해요': '17', '집중하기 좋아요': '12', '사진이 잘 나와요': '11', '화장실이 깨끗해요': '7', '특별한 메뉴가 있어요': '5', '주차하기 편해요': '4'}"""
41,대명1동 159센티미터,159센티미터,4.5,44,초기값,대구 남구 대명로36길 23-2 1층 159센티미터카페,35.8379663,128.5757994,11:30 - 24:00,053-622-4730,NO INFO,"""NO INFO""",공사중,"""{'커피가 맛있어요': '30', '음료가 맛있어요': '23', '친절해요': '22', '가성비가 좋아요': '11', '매장이 청결해요': '11', '특별한 메뉴가 있어요': '7', '대화하기 좋아요': '5', '인테리어가 멋져요': '4', '디저트가 맛있어요': '2', '사진이 잘 나와요': '2', '차분한 분위기에요': '1', '좌석이 편해요': '1', '룸이 잘 되어있어요': '1', '집중하기 좋아요': '1', '뷰가 좋아요': '1'}"""
42,대명1동 어름,어름(Ur'm),초기값,25,4,대구 남구 대명로36길 38-1,35.8377527,128.5750968,NO INFO,0504-2015-4377,NO INFO,"""안녕하세요:)
귀여운 어름이와 시원한 커피를 전달하는 카페 Ur'm입니다.

Ur'm 카페는 일회용품 사용을 조금이라도 줄이고자
모든 아이스음료는 리유저블컵에 제공해드리고 있습니다.
Ur'm 카페의 원두는 로스팅챔피언이 직접 블렌딩한 스페셜한 원두를 사용하고 있습니다.

매장방문시 어름리유저블컵이나 개인텀블러를 가지고 오시면
모든 음료 300원 할인해드립니다.(본점, 상인진천점, 구지점)

Ur'm카페만의 스페셜한 커피와 음료 및 디저트 빙수를 고객님의 소중한 모든 순간에서 함께 할 수 있도록 노력하는 카페Ur'm이 되겠습니다

3층 루프탑 이용시 애견동반가능합니다.(매너벨트 꼭! 착용해주세요)""",공사중,"""{'커피가 맛있어요': '14', '음료가 맛있어요': '8', '디저트가 맛있어요': '7', '인테리어가 멋져요': '7', '친절해요': '6', '사진이 잘 나와요': '3', '특별한 메뉴가 있어요': '3', '뷰가 좋아요': '3', '가성비가 좋아요': '2', '대화하기 좋아요': '2', '매장이 청결해요': '1'}"""
43,대명9동 셀파파,셀파파,5,25,21,대구 남구 대명로36길 72-5 셀파파,35.8363829,128.5738621,NO INFO,0507-1485-1162,#애견놀이방,"""대명동 앞산자락 안지랑곱창 길에 위치한 애견동 반카페 입니다. 커피와 술을 즐길 수 있으며 디저 트류와 간단한 식사류 등이 준비되어있어...""",공사중,"""{'친절해요': '17', '동물을 배려한 환경이에요': '15', '인테리어가 멋져요': '13', '디저트가 맛있어요': '11', '음료가 맛있어요': '11', '사진이 잘 나와요': '10', '시설이 깔끔해요': '6', '가격이 합리적이에요': '6', '커피가 맛있어요': '4', '화장실이 깨끗해요': '2'}"""
44,대명5동 포밍고,포밍고,초기값,19,10,대구 남구 대명로57길 10-32 1층 포밍고,35.8446781,128.5878489,NO INFO,0507-1384-6589,https://www.instagram.com/cafe_pomingo,"""- 매일 만드는 수제디저트 카페. (첨가물, 방부제 사용X) - 포밍고만의 수제케이크, 시즌 과일과 구 황작물로 만든 디저트, - 이탈리아 비알레...""",공사중,"""{'디저트가 맛있어요': '17', '친절해요': '16', '아늑해요': '12', '매장이 청결해요': '8', '커피가 맛있어요': '7', '빵이 맛있어요': '6', '음료가 맛있어요': '5', '특별한 메뉴가 있어요': '3', '대화하기 좋아요': '3', '인테리어가 멋져요': '2', '사진이 잘 나와요': '2'}"""
45,대명5동 쉼표,쉼표플라워,4.5,30,81,대구 남구 대명로57길 20-4,35.844588,128.5869058,09:00 - 20:00,010-4207-2241,https://blog.naver.com/kkotgilflower,"""영대병원역 홈마트골목(남문)플라워샵 입니다.
구입 및 클래스 수강문의 (원데이,자격증과정)
생화플라워/부케말리기/IFDA프리저브드/조화부케대여 및 제작""",공사중,"""{'친절해요': '15', '꽃 조합이 예뻐요': '10', '감각적이에요': '9', '포장이 정성스러워요': '6', '가격이 합리적이에요': '6'}"""
46,대명5동 팔공티 대구영대병원점,팔공티 영대병원점,4.52,526,18,대구 남구 대명로57길 30,35.8450618,128.586388,08:00 - 22:00,053-656-0080,http://www.palgongtea.co.kr/,"""차 한잔 생각날 땐, 팔공티
오늘 하루 수고한 그대에게
가슴이 따뜻해지는 차 한잔을 선물합니다.

팔공티는 고품질의 차(茶)를 합리적인 가격에 제공하며,
남녀노소 모두에게 사랑받는 티(TEA) 전문 카페 프랜차이즈입니다.""",공사중,"""{'음료가 맛있어요': '105', '친절해요': '92', '가성비가 좋아요': '77', '차가 맛있어요': '46', '매장이 청결해요': '42', '대화하기 좋아요': '23', '좌석이 편해요': '15', '디저트가 맛있어요': '14', '집중하기 좋아요': '13', '특별한 메뉴가 있어요': '11', '인테리어가 멋져요': '9', '화장실이 깨끗해요': '5', '사진이 잘 나와요': '4', '뷰가 좋아요': '4'}"""
47,대명5동 캔버스 영남이공대점,캔버스 영남이공대점,4.58,258,초기값,대구 남구 대명로57길 31,35.8450485,128.5861407,07:40 - 22:00,053-655-2626,NO INFO,"""NO INFO""",공사중,"""{'커피가 맛있어요': '91', '친절해요': '63', '가성비가 좋아요': '61', '음료가 맛있어요': '42', '매장이 청결해요': '26', '디저트가 맛있어요': '14', '좌석이 편해요': '10', '대화하기 좋아요': '9', '화장실이 깨끗해요': '7', '특별한 메뉴가 있어요': '5', '인테리어가 멋져요': '4', '집중하기 좋아요': '4', '뷰가 좋아요': '3', '차분한 분위기에요': '1', '사진이 잘 나와요': '1'}"""
48,대명4동 마시다,마시다,4.7,55,2,대구 남구 대명복개로 236,35.841869,128.5715659,08:00 - 24:00,0507-1493-3441,NO INFO,"""동네 편안한 평상까지있는 유럽풍의 브런치카페 입니다 :)""",공사중,"""{'커피가 맛있어요': '21', '음료가 맛있어요': '16', '친절해요': '15', '디저트가 맛있어요': '13', '인테리어가 멋져요': '9', '가성비가 좋아요': '9', '특별한 메뉴가 있어요': '7', '매장이 청결해요': '6', '대화하기 좋아요': '5', '좌석이 편해요': '3', '집중하기 좋아요': '2', '사진이 잘 나와요': '1'}"""
49,대명4동 카페몬트,카페 몬트,초기값,21,1,대구 남구 대명복개로4길 165-2 1층 카페몬트,35.8402932,128.5690093,09:00 - 20:00,0507-1334-8591,NO INFO,"""MADE IN MOND_몬트가 만듭니다
몬트는 독일어 (MOND)를 발음한 것으로 (달)을 뜻합니다. 행복한 시간을 소망하는 몬트에서 다양한 수제 메뉴를 즐기실수 있게 항상 문을 열어둘께요^^
[수제청]. [수제케이크]. [샌드위치]""",공사중,"""{'커피가 맛있어요': '17', '친절해요': '14', '음료가 맛있어요': '9', '가성비가 좋아요': '8', '디저트가 맛있어요': '6', '특별한 메뉴가 있어요': '6', '매장이 청결해요': '6', '인테리어가 멋져요': '2'}"""
50,대명10동 뜰,뜰,초기값,22,13,대구 남구 대명복개로4길 65-6 카페 : 뜰,35.8400508,128.5634143,NO INFO,0507-1312-8319,https://www.instagram.com/cafe.tt.eul,"""대구 도심 속 아늑한 정원 카페입니다 :-)""",공사중,"""{'음료가 맛있어요': '11', '커피가 맛있어요': '10', '친절해요': '8', '매장이 청결해요': '5', '대화하기 좋아요': '4', '디저트가 맛있어요': '3', '인테리어가 멋져요': '3', '화장실이 깨끗해요': '3', '뷰가 좋아요': '3', '가성비가 좋아요': '2', '좌석이 편해요': '1'}"""
51,송현1동 몬딘,몬딘커피,4.49,136,21,대구 남구 대명서로 137,35.8340713,128.5575954,11:00 - 21:00,0507-1313-3705,http://www.instagram.com/mon_din_,"""매주 일요일 휴무입니다!""",공사중,"""{'커피가 맛있어요': '9', '음료가 맛있어요': '9', '친절해요': '9', '인테리어가 멋져요': '7', '대화하기 좋아요': '7', '매장이 청결해요': '5', '디저트가 맛있어요': '4', '가성비가 좋아요': '4', '특별한 메뉴가 있어요': '3', '사진이 잘 나와요': '2', '집중하기 좋아요': '1'}"""
52,송현1동 팔공티 관문시장점,팔공티 관문시장점,4.6,276,59,대구 남구 대명서로 146-2 1층,35.834443,128.557696,09:00 - 21:00,053-657-1380,http://www.palgongtea.co.kr/,"""차 한잔 생각날 땐, 팔공티
오늘 하루 수고한 그대에게
가슴이 따뜻해지는 차 한잔을 선물합니다.

팔공티는 고품질의 차(茶)를 합리적인 가격에 제공하며,
남녀노소 모두에게 사랑받는 티(TEA) 전문 카페 프랜차이즈입니다.""",공사중,"""{'음료가 맛있어요': '111', '가성비가 좋아요': '75', '차가 맛있어요': '65', '친절해요': '59', '디저트가 맛있어요': '37', '매장이 청결해요': '34', '특별한 메뉴가 있어요': '23', '대화하기 좋아요': '13', '사진이 잘 나와요': '7', '집중하기 좋아요': '7', '좌석이 편해요': '4', '인테리어가 멋져요': '3', '뷰가 좋아요': '2', '차분한 분위기에요': '1', '주차하기 편해요': '1', '종류가 다양해요': '1'}"""
53,대명6동 어라운드,어라운드,4.93,43,초기값,대구 남구 대명역2길 10-2 1층,35.8384683,128.5640518,NO INFO,0507-1359-7445,NO INFO,"""커피가 맛있는 어라운드입니다. 매장을 직접 방문하시는 분들께 집중합니다. (No배달, 단체석, Take out 가능)""",공사중,"""{'커피가 맛있어요': '17', '친절해요': '11', '집중하기 좋아요': '11', '음료가 맛있어요': '10', '디저트가 맛있어요': '7', '인테리어가 멋져요': '7', '매장이 청결해요': '7', '특별한 메뉴가 있어요': '6', '좌석이 편해요': '5', '대화하기 좋아요': '4', '사진이 잘 나와요': '1', '가성비가 좋아요': '1', '화장실이 깨끗해요': '1', '뷰가 좋아요': '1'}"""
54,대명6동 라니밍,라니밍,초기값,30,4,대구 남구 대명역2길 70 상가 1층 105호,35.8377248,128.5606859,NO INFO,053-657-0125,https://www.instagram.com/p/CoyplGLrRHc/?igshid=OTJlNzQ0NWM=,"""A Small Happiness For Me 핑크카페 라니밍에서 나에게 달콤한 작은 행복을 선물해 보세요~""",공사중,"""{'커피가 맛있어요': '18', '친절해요': '18', '음료가 맛있어요': '17', '인테리어가 멋져요': '17', '매장이 청결해요': '14', '디저트가 맛있어요': '13', '사진이 잘 나와요': '9', '대화하기 좋아요': '3', '특별한 메뉴가 있어요': '2', '집중하기 좋아요': '2', '재료가 신선해요': '1'}"""
55,봉덕2동 온오프 본점,카페온오프,초기값,69,11,대구 남구 대봉로 12 120동 상가1층 105호,35.839914,128.6051341,10:00 - 19:50,0507-1432-1165,http://instagram.com/onoff_coffee.official,"""NO INFO""",공사중,"""{'커피가 맛있어요': '22', '음료가 맛있어요': '16', '친절해요': '15', '디저트가 맛있어요': '12', '가성비가 좋아요': '10', '매장이 청결해요': '5', '특별한 메뉴가 있어요': '4', '대화하기 좋아요': '4', '인테리어가 멋져요': '3', '주차하기 편해요': '2', '좌석이 편해요': '1', '집중하기 좋아요': '1'}"""
56,봉덕2동 안도,안도,초기값,26,4,대구 남구 대봉로 12 121동 2층 209호,35.839914,128.6051341,11:00 - 01:30,0507-1382-2111,NO INFO,"""뮤직카페&pub""",공사중,"""{'인테리어가 멋져요': '17', '커피가 맛있어요': '12', '매장이 청결해요': '12', '친절해요': '10', '음료가 맛있어요': '7', '대화하기 좋아요': '7', '가성비가 좋아요': '6', '좌석이 편해요': '4', '사진이 잘 나와요': '3', '집중하기 좋아요': '2', '디저트가 맛있어요': '1', '특별한 메뉴가 있어요': '1'}"""
57,봉덕2동 시류,시류,초기값,100,198,대구 남구 대봉로19길 6-3 1층(골목 안 빨간지붕),35.8471501,128.6038706,"12:00 - 19:00
18:30 라스트오더",0507-1331-3093,https://www.instagram.com/cafesiryu,"""고요하고 잔잔한 공간에서 휴식과 사색이 함께 하시길 바랍니다. *14세 이상부터 이용 가능합니 다. *이용 전 공지를 꼭 읽고 이용 부탁드립...""",공사중,"""{'디저트가 맛있어요': '64', '커피가 맛있어요': '53', '인테리어가 멋져요': '48', '친절해요': '41', '사진이 잘 나와요': '30', '특별한 메뉴가 있어요': '28', '음료가 맛있어요': '24', '매장이 청결해요': '18', '집중하기 좋아요': '11', '뷰가 좋아요': '9', '차분한 분위기에요': '8', '대화하기 좋아요': '8', '빵이 맛있어요': '7', '좌석이 편해요': '2', '화장실이 깨끗해요': '2', '종류가 다양해요': '2', '혼밥하기 좋아요': '1', '음식이 맛있어요': '1', '주차하기 편해요': '1', '특별한 날 가기 좋아요': '1'}"""
58,수성1가동 에버유어스,에버유어스,4.72,72,105,대구 남구 대봉로38길 29,35.8548631,128.6042119,"10:00 - 19:00
18:30 라스트오더",0507-1352-8294,http://www.instagram.com/everyourscoffee,"""'언제나 너의 친구'라는 ever yours의 뜻처럼, 시간이 지나도 변함없는 친구같이 에버유어스에서 느끼는 커피와 서비스는 물론 음악과 조명, 가구, 공간을 채우는 사람들가지 모든 순간들이 따뜻하고 좋은 기억이길 바랍니다.""",공사중,"""{'커피가 맛있어요': '33', '친절해요': '20', '인테리어가 멋져요': '16', '매장이 청결해요': '13', '음료가 맛있어요': '12', '대화하기 좋아요': '8', '사진이 잘 나와요': '7', '집중하기 좋아요': '7', '좌석이 편해요': '6', '특별한 메뉴가 있어요': '6', '디저트가 맛있어요': '5', '뷰가 좋아요': '3', '화장실이 깨끗해요': '2', '가성비가 좋아요': '1'}"""
59,대명10동 투썸플레이스 대구가톨릭병원대로점,투썸플레이스 대구가톨릭병원대로점,4.53,992,18,대구 남구 두류공원로 102,35.8457028,128.5686334,08:00 - 01:00,053-622-7700,NO INFO,"""투썸의 노하우가 담긴 최상의 커피
에스프레소 추출 투썸플레이스만의 맛있는 커피는 최상의 원두와 최적의 로스팅 포인트, 뛰어난 풍미를 살려내는 에스프레소 능력,
이 세가지가 다채롭게 조화 되어 만들어집니다.
또한 다크 로스팅과 미디움 로스팅으로 제공되는 원두를 선택하여 취향에 맞는 커피를 즐길 수 있습니다.

 다양한 프리미엄 디저트
전문 파티쉐가 매장에서 직접 만들어 완성도를 높인 케이크는 물론, 프랑스 고급 디저트인 마카롱,
정통 이탈리안 티라미수와 아포가토, 입 안에서 부드럽게 녹는 초콜릿 케이크까지,
어디에도 없는 다양하고 차별화된 디저트를 즐길 수 있습니다.""",공사중,"""{'커피가 맛있어요': '230', '디저트가 맛있어요': '154', '주차하기 편해요': '131', '음료가 맛있어요': '128', '매장이 청결해요': '124', '친절해요': '122', '좌석이 편해요': '96', '대화하기 좋아요': '93', '집중하기 좋아요': '74', '인테리어가 멋져요': '47', '화장실이 깨끗해요': '42', '뷰가 좋아요': '31', '가성비가 좋아요': '29', '특별한 메뉴가 있어요': '26', '사진이 잘 나와요': '17', '오래 머무르기 좋아요': '1'}"""
60,대명4동 칼터커피,칼터커피,4.86,113,23,대구 남구 두류공원로 110 1층,35.8461665,128.568181,13:00 - 22:00,0504-2015-5396,https://www.instagram.com/kaffee_is_kalter,"""대명동에 위치한 개인카페입니다 :) 크림 맛집, 스콘 맛집""",공사중,"""{'커피가 맛있어요': '34', '친절해요': '31', '디저트가 맛있어요': '23', '음료가 맛있어요': '18', '가성비가 좋아요': '14', '매장이 청결해요': '14', '대화하기 좋아요': '9', '인테리어가 멋져요': '8', '특별한 메뉴가 있어요': '8', '좌석이 편해요': '7', '사진이 잘 나와요': '6', '주차하기 편해요': '2', '집중하기 좋아요': '2', '뷰가 좋아요': '2'}"""
61,대명4동 파스쿠찌 대구가톨릭대로DI점,파스쿠찌 가톨릭대로DI점,4.48,712,초기값,대구 남구 두류공원로 64,35.843102,128.5714193,09:00 - 24:00,053-621-3269,NO INFO,"""NO INFO""",공사중,"""{'커피가 맛있어요': '223', '주차하기 편해요': '127', '음료가 맛있어요': '108', '대화하기 좋아요': '108', '매장이 청결해요': '101', '친절해요': '85', '디저트가 맛있어요': '80', '좌석이 편해요': '76', '인테리어가 멋져요': '76', '집중하기 좋아요': '47', '화장실이 깨끗해요': '46', '특별한 메뉴가 있어요': '18', '가성비가 좋아요': '17', '뷰가 좋아요': '16', '사진이 잘 나와요': '11'}"""
62,대명1동 카페체크 대명점,카페체크 대명점,초기값,42,2,대구 남구 두류공원로 8 1층,35.8398278,128.5760802,07:30 - 22:00,0507-1439-7223,NO INFO,"""NO INFO""",공사중,"""{'가성비가 좋아요': '25', '친절해요': '21', '음료가 맛있어요': '20', '커피가 맛있어요': '16', '매장이 청결해요': '14', '디저트가 맛있어요': '11', '특별한 메뉴가 있어요': '5', '인테리어가 멋져요': '3', '좌석이 편해요': '2', '주차하기 편해요': '2', '대화하기 좋아요': '2', '음식이 빨리 나와요': '1', '음식이 맛있어요': '1', '양이 많아요': '1', '메뉴 구성이 알차요': '1', '포장이 깔끔해요': '1', '사진이 잘 나와요': '1', '화장실이 깨끗해요': '1', '종류가 다양해요': '1'}"""
63,대명10동 말자커피,말자커피,초기값,48,7,대구 남구 두류공원로19길 8-1 1층 말자커피,35.8446498,128.5683563,NO INFO,053-623-1232,NO INFO,"""테이크아웃,배달,매장에서도 드릴 수 있습니다.""",공사중,"""{'커피가 맛있어요': '25', '친절해요': '23', '가성비가 좋아요': '16', '음료가 맛있어요': '15', '매장이 청결해요': '13', '디저트가 맛있어요': '10', '대화하기 좋아요': '6', '음식이 빨리 나와요': '5', '특별한 메뉴가 있어요': '5', '종류가 다양해요': '4', '인테리어가 멋져요': '3', '좌석이 편해요': '1', '양이 많아요': '1'}"""
64,남산4동 레프트뱅크 계대정문,레프트뱅크 계대정문점,4.68,127,10,대구 남구 명덕로 106 1층 레프트뱅크,35.8548342,128.583237,08:00 - 19:00,0507-1384-2130,NO INFO,"""안녕하세요 레프트뱅크 계대정문점입니다.
동절기(11 ~ 2월)는
오픈 8시 / 마감 7시로 영업시간 단축합니다.
항상 감사합니다!""",공사중,"""{'커피가 맛있어요': '23', '친절해요': '21', '가성비가 좋아요': '17', '음료가 맛있어요': '14', '디저트가 맛있어요': '6', '특별한 메뉴가 있어요': '5', '매장이 청결해요': '4', '대화하기 좋아요': '2', '인테리어가 멋져요': '1'}"""
65,남산4동 파스쿠찌 대구남산역점,파스쿠찌 남산역점,4.53,765,초기값,대구 남구 명덕로 116 (대명동),35.8561504,128.5826266,09:00 - 24:00,053-626-8497,http://www.caffe-pascucci.co.kr/,"""파스쿠찌 대구남산역점입니다. 네이버 스마트주문에서 간편하게 주문하세요!""",공사중,"""{'커피가 맛있어요': '209', '좌석이 편해요': '115', '음료가 맛있어요': '111', '집중하기 좋아요': '90', '대화하기 좋아요': '77', '디저트가 맛있어요': '68', '매장이 청결해요': '68', '친절해요': '65', '화장실이 깨끗해요': '27', '인테리어가 멋져요': '25', '가성비가 좋아요': '12', '특별한 메뉴가 있어요': '12', '사진이 잘 나와요': '5', '주차하기 편해요': '4', '뷰가 좋아요': '3', '오래 머무르기 좋아요': '2', '차가 맛있어요': '1'}"""
66,대봉2동 카페생명나무,카페생명나무,초기값,44,1,대구 남구 명덕로 288 2동 1층,35.8549618,128.6014756,NO INFO,070-7721-1624,NO INFO,"""대봉교회에서 운영중인 카페
커피.음료가격대
2,000원~3,500원
기타 허니브레드 와플 단팥.망고눈꽃빙수(계절메뉴)
소금빵~
넓은매장과 주차장""",공사중,"""{'가성비가 좋아요': '20', '친절해요': '15', '매장이 청결해요': '15', '대화하기 좋아요': '13', '커피가 맛있어요': '7', '좌석이 편해요': '6', '화장실이 깨끗해요': '6', '음료가 맛있어요': '4', '인테리어가 멋져요': '4', '주차하기 편해요': '4', '집중하기 좋아요': '4', '특별한 메뉴가 있어요': '3', '디저트가 맛있어요': '2'}"""
67,대명3동 다빈치커피 대명마루점,다빈치커피 대명마루점,4.14,62,초기값,대구 남구 명덕로 32,35.8596491,128.5747311,NO INFO,053-628-0303,http://www.edavinci.co.kr/,"""NO INFO""",공사중,"""{'커피가 맛있어요': '16', '음료가 맛있어요': '11', '대화하기 좋아요': '8', '좌석이 편해요': '6', '가성비가 좋아요': '6', '디저트가 맛있어요': '5', '인테리어가 멋져요': '4', '친절해요': '4', '사진이 잘 나와요': '4', '매장이 청결해요': '4', '특별한 메뉴가 있어요': '3', '집중하기 좋아요': '3', '화장실이 깨끗해요': '2', '주차하기 편해요': '1', '뷰가 좋아요': '1'}"""
68,남산4동 카페봄봄 대명시장점,봄봄 대명시장점,3.88,86,초기값,대구 남구 명덕로 64,35.8583706,128.5777643,08:00 - 19:30,070-4106-0170,http://www.cafebombom.co.kr/,"""NO INFO""",공사중,"""{'가성비가 좋아요': '35', '음료가 맛있어요': '30', '커피가 맛있어요': '26', '친절해요': '16', '디저트가 맛있어요': '8', '특별한 메뉴가 있어요': '3', '인테리어가 멋져요': '2', '매장이 청결해요': '2', '사진이 잘 나와요': '1', '집중하기 좋아요': '1', '화장실이 깨끗해요': '1'}"""
69,남산4동 공드리다,공드리다,초기값,20,10,대구 남구 명덕로14길 50 5호 공드리다,35.8564698,128.5767832,NO INFO,0507-1355-9130,https://www.instagram.com/gong.dree.da/?hl=ko,"""계절을 담은 디저트 공방 '공드리다'입니다. 대명 시장 후문 쪽에 위치해있어요. 구움과자, 수제청, 정과류, 한식디저트 그 외 계절마다 제철 ...""",공사중,"""{'친절해요': '11', '시설이 깔끔해요': '7', '가격이 합리적이에요': '5', '선물하기 좋아요': '4', '품질이 좋아요': '4', '디자인이 멋져요': '2', '초보자에게도 적합해요': '1', '맞춤 수업을 잘해줘요': '1', '설명이 자세해요': '1'}"""
70,대명3동 커피눔,커피눔,4.68,136,초기값,대구 남구 명덕로22길 27 커피눔 COFFEE NUUM,35.8559355,128.5812212,09:00 - 22:00,0507-1358-0088,NO INFO,"""대명동 계대 정문에 위치한 카페. 넓고 깨끗한 환경에 저렴한 가격.""",공사중,"""{'커피가 맛있어요': '44', '친절해요': '32', '가성비가 좋아요': '24', '음료가 맛있어요': '23', '대화하기 좋아요': '18', '매장이 청결해요': '15', '인테리어가 멋져요': '14', '좌석이 편해요': '13', '디저트가 맛있어요': '9', '특별한 메뉴가 있어요': '8', '사진이 잘 나와요': '6', '집중하기 좋아요': '4', '뷰가 좋아요': '4', '주차하기 편해요': '1', '화장실이 깨끗해요': '1'}"""
71,남산3동 플라잉빵차,플라잉빵차,4.59,147,36,대구 남구 명덕로22길 5,35.8565409,128.5815093,NO INFO,053-627-4545,NO INFO,"""NO INFO""",공사중,"""{'특별한 메뉴가 있어요': '52', '친절해요': '27', '음료가 맛있어요': '17', '매장이 청결해요': '14', '가성비가 좋아요': '12', '커피가 맛있어요': '8', '인테리어가 멋져요': '7', '디저트가 맛있어요': '6', '사진이 잘 나와요': '6', '좌석이 편해요': '4', '화장실이 깨끗해요': '4', '집중하기 좋아요': '3', '대화하기 좋아요': '3', '뷰가 좋아요': '2', '주차하기 편해요': '1'}"""
72,대명2동 스트롤커피,스트롤커피,초기값,69,53,대구 남구 명덕로40길 128 1층,35.8510789,128.5897679,NO INFO,0507-1392-1695,https://www.instagram.com/stroll.coffee/,"""데일리로 즐기기 좋은 블렌딩 에스프레소와
개성있는 싱글오리진, 편안히 드실 수 있는 디카페인.

커피위주의 메뉴와 간단한 디저트를 판매합니다.""",공사중,"""{'커피가 맛있어요': '47', '친절해요': '32', '매장이 청결해요': '22', '디저트가 맛있어요': '17', '인테리어가 멋져요': '16', '음료가 맛있어요': '14', '대화하기 좋아요': '11', '집중하기 좋아요': '9', '가성비가 좋아요': '6', '특별한 메뉴가 있어요': '6', '사진이 잘 나와요': '5', '화장실이 깨끗해요': '5', '좌석이 편해요': '2'}"""
73,이천동 카페모비딕,카페모비딕,4.69,49,초기값,대구 남구 명덕로52길 49 모비딕,35.8542087,128.5961816,NO INFO,0507-1344-1104,NO INFO,"""저희 카페는 2012년 7월에 오픈하여
생두를 직접볶아 신선한 원두로 커피메뉴와전통 텍사스바베큐를 공급합니다
많은 이용 부탁드립니다.
감사합니다.
마지막 오더 20시""",공사중,"""{'커피가 맛있어요': '8', '특별한 메뉴가 있어요': '8', '친절해요': '7', '음료가 맛있어요': '5', '디저트가 맛있어요': '4', '대화하기 좋아요': '3', '인테리어가 멋져요': '2', '사진이 잘 나와요': '2', '좌석이 편해요': '1', '주차하기 편해요': '1', '가성비가 좋아요': '1', '매장이 청결해요': '1', '집중하기 좋아요': '1'}"""
74,수성1가동 바람구름,바람구름,4.98,80,46,대구 남구 명덕로64길 26 1층,35.853709,128.6048051,12:00 - 22:00,0507-1372-7696,http://instagram.com/bg_petcafe,"""대구 이천동(대봉교역 2분거리)에 위치한 애견동반이 가능한 카페/파스타전문점입니다.

바람구름은 애견카페가 아니라 동반카페입니다, 개를 키우지 않더라도 좋아하신다면 누구든 방문할 수 있어요~
엄청나게 크지만 정말 순하고 잘생긴 천사견 골든레트리버 바람이와 눈처럼 하얀 아주아주 예쁜 사모예드 구름이가 매일 출근해서 손님들을 반겨드려요^^ (실제로 반려견을 동반하시는 손님보다 키우지는 않지만 바람구름이를 보려고 오시는 일반손님들이 더 많으세요ㅎㅎ)

바람구름은 바람이 구름이와 함께 저혼자 소소하게 운영하는, 파스타가 맛있는 작은 식당입니다. 모든 음식은 미리 만들어놓지 않고 주문후 바로, 정성스럽게 조리하기에 조금 늦더라도(제가 쫌 느려요ㅠㅠ) 양해 부탁드립니다^^""",공사중,"""{'친절해요': '35', '음료가 맛있어요': '20', '매장이 청결해요': '20', '특별한 메뉴가 있어요': '18', '커피가 맛있어요': '11', '주차하기 편해요': '9', '화장실이 깨끗해요': '7', '디저트가 맛있어요': '5', '사진이 잘 나와요': '5', '인테리어가 멋져요': '4', '대화하기 좋아요': '4', '가성비가 좋아요': '3', '뷰가 좋아요': '2', '좌석이 편해요': '1', '반려동물과 가기 좋아요': '1'}"""
75,남산4동 쌔틀,쌔틀,초기값,131,185,대구 남구 명덕로8길 14 1층,35.8588345,128.575355,NO INFO,0507-1464-6680,https://www.instagram.com/_s.a.t.l,"""안녕하세요 대구 반고개,남산동,대명동에 위치하 고 있는 조용한분위기의 ASMR우주카페 '쌔틀'입 니다 공식 인스타 : @_S.A.T.L , 쌔틀 운영...""",공사중,"""{'친절해요': '77', '커피가 맛있어요': '56', '인테리어가 멋져요': '54', '디저트가 맛있어요': '52', '특별한 메뉴가 있어요': '52', '음료가 맛있어요': '51', '매장이 청결해요': '24', '사진이 잘 나와요': '23', '대화하기 좋아요': '14', '화장실이 깨끗해요': '8', '뷰가 좋아요': '4', '좌석이 편해요': '3', '가성비가 좋아요': '3', '집중하기 좋아요': '2', '컨셉이 독특해요': '1', '아늑해요': '1'}"""
76,대명5동 모미닝,모미닝,4.61,94,13,대구 남구 명덕시장길 30,35.8451948,128.5849191,NO INFO,053-262-0822,http://www.instagram.com/cafe_momeaning,"""NO INFO""",공사중,"""{'커피가 맛있어요': '9', '음료가 맛있어요': '6', '친절해요': '4', '특별한 메뉴가 있어요': '3', '매장이 청결해요': '3'}"""
77,대명1동 에이치카페,매머드익스프레스 대구영대병원점,4.56,490,초기값,대구 남구 명덕시장길 53,35.8453352,128.5859844,NO INFO,053-263-0217,NO INFO,"""NO INFO""",공사중,"""{'가성비가 좋아요': '203', '커피가 맛있어요': '189', '음료가 맛있어요': '84', '친절해요': '58', '매장이 청결해요': '39', '디저트가 맛있어요': '24', '인테리어가 멋져요': '14', '특별한 메뉴가 있어요': '12', '주차하기 편해요': '3', '대화하기 좋아요': '3', '화장실이 깨끗해요': '3', '좌석이 편해요': '2', '집중하기 좋아요': '1', '뷰가 좋아요': '1'}"""
78,대명5동 동네커피 대명점,동네커피 대명점,4.81,109,28,대구 남구 명덕시장길 69 동네커피 대명점,35.8453831,128.5869251,08:00 - 22:00,0507-1425-3922,https://baemin.me/-dFZSEols,"""*동네커피는 매일 아침 준비한 신선한 재료를 사용하여 최상의 커피 및 디저트를 제공하기 위해 노력합니다

*동네커피의 모든 메뉴는 주문 즉시 만듭니다

*모든커피음료는 기본 투샷으로 만듭니다.

- 자몽, 레몬, 패션후르츠, 오렌지, 복숭아는 ' 청을 직접 담아서 ' 사용합니다 .
- 음료에 첨가된 '시럽' 마저 '직접 끓여서' 사용합니다.
 (매장에 오시면 가끔 끓이는거 볼 수 있습니다)
- 모든재료는 0.1g까지 측정하는 '정밀'전자저울'을
 사용하여 항상 같은 맛을 유지 합니다.""",공사중,"""{'커피가 맛있어요': '36', '음료가 맛있어요': '29', '인테리어가 멋져요': '25', '친절해요': '24', '매장이 청결해요': '21', '디저트가 맛있어요': '20', '대화하기 좋아요': '12', '화장실이 깨끗해요': '12', '사진이 잘 나와요': '10', '가성비가 좋아요': '10', '특별한 메뉴가 있어요': '10', '좌석이 편해요': '5', '뷰가 좋아요': '2', '주차하기 편해요': '1', '집중하기 좋아요': '1'}"""
79,대명5동 커피매거진 영대병원점,커피매거진 영대병원점,초기값,79,14,대구 남구 명덕시장길 83,35.8454436,128.5878504,11:00 - 23:00,0507-1484-0206,http://www.instagram.com/coffeemagazine_yuh,"""대명동 대표 커피 디저트 전문점 커피매거진 입니다""",공사중,"""{'커피가 맛있어요': '7', '매장이 청결해요': '7', '디저트가 맛있어요': '6', '인테리어가 멋져요': '4', '음료가 맛있어요': '3', '대화하기 좋아요': '3', '좌석이 편해요': '2', '친절해요': '1', '사진이 잘 나와요': '1', '가성비가 좋아요': '1'}"""
80,대명5동 요거트월드 대명점,요거트월드 대명점,초기값,68,17,대구 남구 명덕시장길 87-11 1층,35.8458783,128.5879378,10:00 - 01:00,0506-672-8373,NO INFO,"""1등급 우유와 최상급 유산균 베이스로 만든 요거트아이스크림, 그릭요거트 전문점 요거트월드입니다. >_<

- 텁텁한 속을 소화제처럼 진정시켜주는 시-원 깔-끔 요거트아이스크림
- 무설탕, 무가당 꾸-덕 꾸-덕 그릭요거트
- 다양한 토핑을 나만의 조합으로! 커스텀 아이스크림, 그릭요거트!
- 커스텀이 어려우신 분들을 위한 세트메뉴까지!

저희 요거트월드는 여러분의 바쁜 일상 속에서 건강하고 맛있는 디저트로 힐링과 행복을 드리기 위해 활짝 열려있을 것을 약속드립니다. ㅎㅎ""",공사중,"""{'디저트가 맛있어요': '38', '친절해요': '26', '커피가 맛있어요': '19', '가성비가 좋아요': '12', '특별한 메뉴가 있어요': '12', '음료가 맛있어요': '9', '매장이 청결해요': '9', '주차하기 편해요': '2', '사진이 잘 나와요': '2'}"""
81,대명5동 카페 리브라,카페 리브라,초기값,396,55,"대구 남구 봉덕남로 72-4 카페리브라 1,2층",35.8416598,128.5928253,10:00 - 22:00,053-472-0023,NO INFO,"""Libra cafe""",공사중,"""{'커피가 맛있어요': '107', '주차하기 편해요': '87', '대화하기 좋아요': '61', '빵이 맛있어요': '59', '매장이 청결해요': '57', '음료가 맛있어요': '48', '친절해요': '45', '좌석이 편해요': '43', '인테리어가 멋져요': '41', '화장실이 깨끗해요': '25', '뷰가 좋아요': '19', '집중하기 좋아요': '15', '가성비가 좋아요': '10', '특별한 메뉴가 있어요': '9'}"""
82,봉덕2동 브렌치카페,브랜치카페,초기값,38,2,대구 남구 봉덕로 135 상가 1층,35.8451445,128.605026,08:30 - 22:30,053-472-0777,NO INFO,"""매일 직접 로스팅한 스페셜티 원두로 다양한 커피를 즐기실수 있습니다.""",공사중,"""{'커피가 맛있어요': '29', '친절해요': '18', '대화하기 좋아요': '11', '디저트가 맛있어요': '10', '매장이 청결해요': '10', '음료가 맛있어요': '8', '가성비가 좋아요': '5', '좌석이 편해요': '2', '집중하기 좋아요': '2'}"""
83,대명5동 스타벅스 대구영대병원역DT점,스타벅스 대구영대병원역DT점,4.61,3659,78,대구 남구 봉덕로 25,35.8454532,128.5935315,"매장 07:00 - 22:00
드라이브스루 07:00 - 22:00",1522-3232,http://www.starbucks.co.kr/,"""1.주차가능 2.주차장위치:매장 앞 주차장 이용 3.주차가능대수:6대(장애인 주차 1대 포함) 4.주차조건:영수증 1만원이상 2시간 무료 5.주차요금 정산방법:정산없이 출차""",공사중,"""{'커피가 맛있어요': '935', '친절해요': '516', '음료가 맛있어요': '418', '매장이 청결해요': '338', '디저트가 맛있어요': '254', '대화하기 좋아요': '228', '집중하기 좋아요': '188', '좌석이 편해요': '174', '주차하기 편해요': '144', '인테리어가 멋져요': '135', '화장실이 깨끗해요': '102', '특별한 메뉴가 있어요': '95', '뷰가 좋아요': '65', '사진이 잘 나와요': '60', '가성비가 좋아요': '59', '주문제작을 잘해줘요': '1', '매장이 넓어요': '1', '단체모임 하기 좋아요': '1'}"""
84,봉덕2동 카페봉덕,카페봉덕,4.69,131,104,대구 남구 봉덕로 45 1층,35.8452986,128.595574,11:00 - 20:00,070-4741-2237,https://www.instagram.com/cafebongduck,"""NO INFO""",공사중,"""{'커피가 맛있어요': '54', '친절해요': '39', '음료가 맛있어요': '30', '뷰가 좋아요': '25', '대화하기 좋아요': '18', '주차하기 편해요': '15', '가성비가 좋아요': '14', '디저트가 맛있어요': '13', '인테리어가 멋져요': '13', '사진이 잘 나와요': '13', '매장이 청결해요': '13', '특별한 메뉴가 있어요': '7', '좌석이 편해요': '6', '화장실이 깨끗해요': '5', '음식이 빨리 나와요': '1'}"""
85,봉덕2동 칼라스,칼라스쿠키,초기값,32,24,"대구 남구 봉덕로 62 1층, 칼라스(CALLAS)",35.8447058,128.5974722,NO INFO,0507-1307-5617,https://smartstore.naver.com/,"""르뱅쿠키
뚱샌드위치
커피,음료

칼라스쿠키는 칼리바우트 초콜릿, 발로나코코아파우더, 최상급 견과류,건과일,뉴질랜드버터와 크림치즈만을 사용하여 재료고유의 풍미를 느끼실 수 있는 수제쿠키입니다

칼라스쿠키는 당일 생산만 합니다

칼라스 뚱샌드위치는 최강의 신선함을 약속드립니다
(단체주문 2,3일전 예약부탁드립니다)
(야채수급에 따라 한정판매합니다)""",공사중,"""{'친절해요': '18', '디저트가 맛있어요': '13', '음료가 맛있어요': '10', '커피가 맛있어요': '9', '매장이 청결해요': '6', '포장이 깔끔해요': '5', '재료가 신선해요': '4', '인테리어가 멋져요': '4', '아늑해요': '3', '음식이 빨리 나와요': '2', '선물하기 좋아요': '2', '집중하기 좋아요': '2', '빵이 맛있어요': '1', '좌석이 편해요': '1', '사진이 잘 나와요': '1', '가성비가 좋아요': '1', '비싼 만큼 가치있어요': '1', '특별한 메뉴가 있어요': '1', '대화하기 좋아요': '1'}"""
86,봉덕1동 나랑노랑,나랑노랑,초기값,15,3,대구 남구 봉덕로13길 9 1층,35.8454582,128.5970142,"08:00 - 19:30
19:25 라스트오더",0507-1414-7668,https://www.instagram.com/na_rang_no_rang,"""안녕하세요! 디저트카페 나랑노랑 입니다.
나랑노랑은 좋은재료 가득가득 넣어
수제로 하나하나 정성스럽게 만들고 있습니다.
맛있는 디저트 드시러 오세요!""",공사중,"""{'디저트가 맛있어요': '10', '친절해요': '9', '매장이 청결해요': '8', '커피가 맛있어요': '4', '음료가 맛있어요': '4', '특별한 메뉴가 있어요': '4', '인테리어가 멋져요': '2', '가성비가 좋아요': '2', '대화하기 좋아요': '2', '아늑해요': '1', '선물하기 좋아요': '1', '사진이 잘 나와요': '1', '화장실이 깨끗해요': '1', '종류가 다양해요': '1'}"""
87,봉덕2동 혜이커피,혜이커피,초기값,46,3,대구 남구 봉덕로19길 57 1층,35.8469405,128.5990492,"12:00 - 22:00
21:50 라스트오더",053-477-0071,https://www.instagram.com/,"""인스타그램 hye2_coffee
배달의민족 ( 혜이커피 ) 검색하세요:D

커피와 크로넛이 맛있는 봉덕동 신상 카페입니다!
매장이 협소한 관계로 많은 고객님들을 한번에 수용하기 어려운 점 양해부탁드립니다:)
크로넛과 토스트는 주문시 바로 조리가 진행되어 더 바삭하게 맛보실 수 있습니다.
배달의 민족에서도 만나요~""",공사중,"""{'커피가 맛있어요': '32', '친절해요': '21', '디저트가 맛있어요': '15', '매장이 청결해요': '13'}"""
88,대명2동 마스가토,마스가토,초기값,71,30,대구 남구 봉덕로1길 133 1층mas,35.8507837,128.5931297,NO INFO,0507-1395-9980,https://www.instagram.com/mas.gateau,"""안녕하세요 휘낭시에 전문점 마스가토 입니다 마 스가토에서 만들어지는 모든 상품은 수분기가 적 은 휘낭시에 반죽에 가장 적합한 프랑스산...""",공사중,"""{'디저트가 맛있어요': '58', '친절해요': '40', '매장이 청결해요': '27', '특별한 메뉴가 있어요': '19'}"""
89,봉덕1동 띤또카페,로스터리카페 띤또,초기값,41,3,대구 남구 봉덕로1길 19 로스터리 카페 띤또,35.8464174,128.5910299,NO INFO,053-471-5189,https://www.instagram.com/roasterycafe_bakery_tinto,"""저희 띤또는 매일 매장에서 전세계 각지의 원두 를 로스팅하여 커피의 신선함과 풍미를 느끼실 수 있도록 노력하고 있습니다. 산지별 원...""",공사중,"""{'친절해요': '17', '커피가 맛있어요': '15', '디저트가 맛있어요': '8', '음료가 맛있어요': '7', '가성비가 좋아요': '4', '특별한 메뉴가 있어요': '3', '대화하기 좋아요': '3'}"""
90,봉덕1동 카페봄봄 남구청점,카페봄봄 남구청점,4.41,232,초기값,대구 남구 봉덕로24길 6,35.8443563,128.6019719,09:00 - 21:00,053-471-1982,https://www.cafebombom.co.kr,"""NO INFO""",공사중,"""{'커피가 맛있어요': '52', '가성비가 좋아요': '51', '음료가 맛있어요': '44', '친절해요': '39', '매장이 청결해요': '7', '디저트가 맛있어요': '6', '대화하기 좋아요': '5', '특별한 메뉴가 있어요': '3', '좌석이 편해요': '1', '인테리어가 멋져요': '1'}"""
91,봉덕2동 그다방,그다방,3.87,116,초기값,대구 남구 봉덕로27길 16-1,35.8454645,128.602937,NO INFO,053-472-5109,NO INFO,"""NO INFO""",공사중,"""{'커피가 맛있어요': '30', '친절해요': '22', '대화하기 좋아요': '18', '가성비가 좋아요': '14', '음료가 맛있어요': '10'}"""
92,봉덕1동 코지커피,코지커피,초기값,16,5,대구 남구 봉덕로5길 23 1층 코지커피,35.8463768,128.5930072,"08:00 - 22:00
21:30 라스트오더",0507-1366-9606,https://www.instagram.com/_cozy_coffee_,"""안녕하세요 대구 봉덕동 카페 코지입니다!""",공사중,"""{'커피가 맛있어요': '11', '친절해요': '9', '매장이 청결해요': '6', '인테리어가 멋져요': '4'}"""
93,이천동 별책다방,별책다방,4.69,141,110,대구 남구 봉덕로9길 89-36 별책다방,35.8498329,128.596813,12:00 - 22:00,0507-1374-1025,NO INFO,"""대구 남구 봉덕동에 위치하고 있는 갤러리&서점카페 입니다.""",공사중,"""{'커피가 맛있어요': '47', '친절해요': '44', '인테리어가 멋져요': '24', '대화하기 좋아요': '20', '매장이 청결해요': '16'}"""
94,봉덕3동 랑데부,랑데부,초기값,24,11,대구 남구 봉덕초등길 47 1층 랑데부,35.8389047,128.5961164,"11:00 - 21:00
20:50 라스트오더",0507-1311-2790,https://www.instagram.com/rendezvous_daegu,"""커피에 좀더 집중하기 위해 기본적인 커피와 음료와 디저트를 판매하고 있습니다.

노펫, 외부음식 반입 금지입니다.

1인 1잔 매장입니다.

1인 운영 매장이다보니 주문 및 음료 제공이 늦어질 수 있습니다. 양해 부탁드립니다.""",공사중,"""{'커피가 맛있어요': '14', '디저트가 맛있어요': '10', '인테리어가 멋져요': '7', '매장이 청결해요': '6', '좌석이 편해요': '5', '음료가 맛있어요': '5', '친절해요': '4', '대화하기 좋아요': '4', '가성비가 좋아요': '3', '집중하기 좋아요': '3', '화장실이 깨끗해요': '2', '사진이 잘 나와요': '1', '특별한 메뉴가 있어요': '1'}"""
95,대명2동 아티스트바이,아티스트바이,4.62,89,10,대구 남구 삼각지4길 20 1층,35.8504504,128.5840869,09:00 - 20:00,0507-1407-5014,http://instagram.com/artistby_coffee,"""아티스트바이는 굿즈와 향긋한커피를 제공합니 다. 착한커피가격 확실한 산미와 다크한 원두의 향기, 편안한 휴식, 추억의카페맛, 진한 맛,...""",공사중,"""{'커피가 맛있어요': '35', '친절해요': '22', '매장이 청결해요': '14', '뷰가 좋아요': '13', '음료가 맛있어요': '11', '가성비가 좋아요': '10', '대화하기 좋아요': '10', '사진이 잘 나와요': '6', '인테리어가 멋져요': '5', '화장실이 깨끗해요': '5', '좌석이 편해요': '2', '주차하기 편해요': '2', '집중하기 좋아요': '2', '디저트가 맛있어요': '1', '특별한 메뉴가 있어요': '1'}"""
96,대명3동 예니네 베이커리카페 대구점,예니네 대구점,4.43,46,16,대구 남구 삼각지4길 47,35.8516497,128.5845341,NO INFO,010-7668-0028,https://www.instagram.com/yeani_ne_daegu/,"""휴무일은 매달 변경됩니다!""",공사중,"""{'커피가 맛있어요': '16', '디저트가 맛있어요': '11', '친절해요': '9', '가성비가 좋아요': '5', '대화하기 좋아요': '5', '매장이 청결해요': '4', '음료가 맛있어요': '3', '인테리어가 멋져요': '3', '사진이 잘 나와요': '3', '빵이 맛있어요': '1', '좌석이 편해요': '1', '특별한 메뉴가 있어요': '1', '뷰가 좋아요': '1'}"""
97,대명3동 타미즈바이올렛,타미즈바이올렛카페,4.75,19,39,대구 남구 삼각지5길 8-1,35.8502996,128.5827068,11:00 - 22:00,053-623-2466,NO INFO,"""NO INFO""",공사중,"""{'인테리어가 멋져요': '11', '대화하기 좋아요': '8', '친절해요': '6', '커피가 맛있어요': '3', '사진이 잘 나와요': '3', '특별한 메뉴가 있어요': '3', '디저트가 맛있어요': '2', '음료가 맛있어요': '2', '가성비가 좋아요': '1', '매장이 청결해요': '1', '뷰가 좋아요': '1'}"""
98,대명3동 펠리즈커피,펠리즈커피,4.46,60,10,대구 남구 성당로60길 39,35.8580138,128.5765514,NO INFO,070-7547-9641,https://blog.naver.com/tidlsld2432,"""NO INFO""",공사중,"""{'커피가 맛있어요': '13', '음료가 맛있어요': '9', '친절해요': '9', '디저트가 맛있어요': '8', '가성비가 좋아요': '8', '주차하기 편해요': '2', '특별한 메뉴가 있어요': '2', '매장이 청결해요': '2'}"""
99,남산4동 더캄,더캄,초기값,376,125,대구 남구 성당로60길 90 2층,35.856762,128.5788453,NO INFO,0507-1357-6225,https://www.instagram.com/thecalm_namsan,"""대구 남산역 부근에 위치한 코스디저트 더캄입니 다 코스로 구성된 디저트와 함께 차/와인(non alc ohol)/핸드드립커피 준비되어있습니다. 디...""",공사중,"""{'디저트가 맛있어요': '299', '특별한 메뉴가 있어요': '294', '친절해요': '267', '매장이 청결해요': '181', '인테리어가 멋져요': '129', '대화하기 좋아요': '129', '음료가 맛있어요': '86', '사진이 잘 나와요': '83', '좌석이 편해요': '43', '커피가 맛있어요': '42', '화장실이 깨끗해요': '29', '집중하기 좋아요': '19', '가성비가 좋아요': '13', '뷰가 좋아요': '9', '차분한 분위기에요': '3', '특별한 날 가기 좋아요': '3', '코스요리가 알차요': '2', '재료가 신선해요': '2', '종류가 다양해요': '2'}"""
,,,,,,,,,,,,,,
,,,,,,,,,,,,,,
,,,,,,,,,,,,,,
,,,,,,,,,,,,,,
,,,,,,,,,,,,,,
,,,,,,,,,,,,,,
,,,,,,,,,,,,,,
,,,,,,,,,,,,,,
,,,,,,,,,,,,,,
,,,,,,,,,,,,,,
,,,,,,,,,,,,,,
,,,,,,,,,,,,,,
,,,,,,,,,,,,,,
,,,,,,,,,,,,,,
,,,,,,,,,,,,,,
,,,,,,,,,,,,,,
,,,,,,,,,,,,,,
,,,,,,,,,,,,,,
,,,,,,,,,,,,,,
,,,,,,,,,,,,,,
,,,,,,,,,,,,,,
,,,,,,,,,,,,,,
,,,,,,,,,,,,,,
,,,,,,,,,,,,,,
,,,,,,,,,,,,,,
,,,,,,,,,,,,,,
,,,,,,,,,,,,,,
,,,,,,,,,,,,,,
,,,,,,,,,,,,,,
,,,,,,,,,,,,,,
,,,,,,,,,,,,,,
,,,,,,,,,,,,,,
,,,,,,,,,,,,,,
,,,,,,,,,,,,,,
,,,,,,,,,,,,,,
,,,,,,,,,,,,,,
,,,,,,,,,,,,,,
,,,,,,,,,,,,,,
,,,,,,,,,,,,,,
,,,,,,,,,,,,,,
,,,,,,,,,,,,,,
,,,,,,,,,,,,,,
,,,,,,,,,,,,,,
,,,,,,,,,,,,,,
,,,,,,,,,,,,,,
,,,,,,,,,,,,,,
,,,,,,,,,,,,,,
,,,,,,,,,,,,,,
,,,,,,,,,,,,,,
,,,,,,,,,,,,,,
,,,,,,,,,,,,,,
,,,,,,,,,,,,,,
,,,,,,,,,,,,,,
,,,,,,,,,,,,,,
,,,,,,,,,,,,,,
,,,,,,,,,,,,,,
,,,,,,,,,,,,,,
,,,,,,,,,,,,,,
,,,,,,,,,,,,,,
,,,,,,,,,,,,,,
,,,,,,,,,,,,,,
,,,,,,,,,,,,,,
,,,,,,,,,,,,,,
,,,,,,,,,,,,,,
,,,,,,,,,,,,,,
,,,,,,,,,,,,,,
,,,,,,,,,,,,,,
,,,,,,,,,,,,,,
,,,,,,,,,,,,,,
,,,,,,,,,,,,,,
,,,,,,,,,,,,,,
,,,,,,,,,,,,,,
,,,,,,,,,,,,,,
,,,,,,,,,,,,,,
,,,,,,,,,,,,,,
,,,,,,,,,,,,,,
,,,,,,,,,,,,,,
,,,,,,,,,,,,,,
,,,,,,,,,,,,,,
,,,,,,,,,,,,,,
,,,,,,,,,,,,,,
,,,,,,,,,,,,,,
,,,,,,,,,,,,,,
,,,,,,,,,,,,,,
,,,,,,,,,,,,,,
,,,,,,,,,,,,,,
,,,,,,,,,,,,,,
,,,,,,,,,,,,,,
,,,,,,,,,,,,,,
,,,,,,,,,,,,,,
,,,,,,,,,,,,,,
,,,,,,,,,,,,,,
,,,,,,,,,,,,,,
,,,,,,,,,,,,,,
,,,,,,,,,,,,,,
,,,,,,,,,,,,,,
,,,,,,,,,,,,,,
,,,,,,,,,,,,,,
,,,,,,,,,,,,,,
,,,,,,,,,,,,,,
,,,,,,,,,,,,,,
,,,,,,,,,,,,,,
,,,,,,,,,,,,,,
,,,,,,,,,,,,,,
,,,,,,,,,,,,,,
,,,,,,,,,,,,,,
,,,,,,,,,,,,,,
,,,,,,,,,,,,,,
,,,,,,,,,,,,,,
,,,,,,,,,,,,,,
,,,,,,,,,,,,,,
,,,,,,,,,,,,,,
,,,,,,,,,,,,,,
,,,,,,,,,,,,,,
,,,,,,,,,,,,,,
,,,,,,,,,,,,,,
,,,,,,,,,,,,,,
,,,,,,,,,,,,,,
,,,,,,,,,,,,,,
,,,,,,,,,,,,,,
,,,,,,,,,,,,,,
,,,,,,,,,,,,,,
,,,,,,,,,,,,,,
,,,,,,,,,,,,,,
,,,,,,,,,,,,,,
,,,,,,,,,,,,,,
,,,,,,,,,,,,,,
,,,,,,,,,,,,,,
,,,,,,,,,,,,,,
,,,,,,,,,,,,,,
,,,,,,,,,,,,,,
,,,,,,,,,,,,,,
,,,,,,,,,,,,,,
,,,,,,,,,,,,,,
,,,,,,,,,,,,,,
,,,,,,,,,,,,,,
,,,,,,,,,,,,,,
,,,,,,,,,,,,,,
,,,,,,,,,,,,,,
,,,,,,,,,,,,,,
,,,,,,,,,,,,,,
,,,,,,,,,,,,,,
,,,,,,,,,,,,,,
,,,,,,,,,,,,,,
,,,,,,,,,,,,,,
,,,,,,,,,,,,,,
,,,,,,,,,,,,,,
,,,,,,,,,,,,,,
,,,,,,,,,,,,,,
,,,,,,,,,,,,,,
,,,,,,,,,,,,,,
,,,,,,,,,,,,,,
,,,,,,,,,,,,,,
,,,,,,,,,,,,,,
,,,,,,,,,,,,,,
,,,,,,,,,,,,,,
,,,,,,,,,,,,,,
,,,,,,,,,,,,,,
,,,,,,,,,,,,,,
,,,,,,,,,,,,,,
,,,,,,,,,,,,,,
,,,,,,,,,,,,,,
,,,,,,,,,,,,,,
,,,,,,,,,,,,,,
,,,,,,,,,,,,,,
,,,,,,,,,,,,,,
,,,,,,,,,,,,,,
,,,,,,,,,,,,,,
,,,,,,,,,,,,,,
,,,,,,,,,,,,,,
,,,,,,,,,,,,,,
,,,,,,,,,,,,,,
,,,,,,,,,,,,,,
,,,,,,,,,,,,,,
,,,,,,,,,,,,,,
,,,,,,,,,,,,,,
,,,,,,,,,,,,,,
,,,,,,,,,,,,,,
,,,,,,,,,,,,,,
,,,,,,,,,,,,,,
,,,,,,,,,,,,,,
,,,,,,,,,,,,,,
,,,,,,,,,,,,,,
,,,,,,,,,,,,,,
,,,,,,,,,,,,,,
,,,,,,,,,,,,,,
,,,,,,,,,,,,,,
,,,,,,,,,,,,,,
,,,,,,,,,,,,,,
,,,,,,,,,,,,,,
,,,,,,,,,,,,,,
,,,,,,,,,,,,,,
,,,,,,,,,,,,,,
,,,,,,,,,,,,,,
,,,,,,,,,,,,,,
,,,,,,,,,,,,,,
,,,,,,,,,,,,,,
,,,,,,,,,,,,,,
,,,,,,,,,,,,,,
,,,,,,,,,,,,,,
,,,,,,,,,,,,,,
,,,,,,,,,,,,,,
,,,,,,,,,,,,,,
,,,,,,,,,,,,,,
,,,,,,,,,,,,,,
,,,,,,,,,,,,,,
,,,,,,,,,,,,,,
,,,,,,,,,,,,,,
,,,,,,,,,,,,,,
,,,,,,,,,,,,,,
,,,,,,,,,,,,,,
,,,,,,,,,,,,,,
,,,,,,,,,,,,,,
,,,,,,,,,,,,,,
,,,,,,,,,,,,,,
,,,,,,,,,,,,,,
,,,,,,,,,,,,,,
,,,,,,,,,,,,,,
,,,,,,,,,,,,,,
,,,,,,,,,,,,,,
,,,,,,,,,,,,,,
,,,,,,,,,,,,,,
,,,,,,,,,,,,,,
,,,,,,,,,,,,,,
,,,,,,,,,,,,,,
,,,,,,,,,,,,,,
,,,,,,,,,,,,,,
,,,,,,,,,,,,,,
,,,,,,,,,,,,,,
,,,,,,,,,,,,,,
,,,,,,,,,,,,,,
,,,,,,,,,,,,,,
,,,,,,,,,,,,,,
,,,,,,,,,,,,,,
,,,,,,,,,,,,,,
,,,,,,,,,,,,,,
,,,,,,,,,,,,,,
,,,,,,,,,,,,,,
,,,,,,,,,,,,,,
,,,,,,,,,,,,,,
,,,,,,,,,,,,,,
,,,,,,,,,,,,,,
,,,,,,,,,,,,,,
,,,,,,,,,,,,,,
,,,,,,,,,,,,,,
,,,,,,,,,,,,,,
,,,,,,,,,,,,,,
,,,,,,,,,,,,,,
,,,,,,,,,,,,,,
,,,,,,,,,,,,,,
,,,,,,,,,,,,,,
,,,,,,,,,,,,,,
,,,,,,,,,,,,,,
,,,,,,,,,,,,,,
,,,,,,,,,,,,,,
,,,,,,,,,,,,,,
,,,,,,,,,,,,,,
,,,,,,,,,,,,,,
,,,,,,,,,,,,,,
,,,,,,,,,,,,,,
,,,,,,,,,,,,,,
,,,,,,,,,,,,,,
,,,,,,,,,,,,,,
,,,,,,,,,,,,,,
,,,,,,,,,,,,,,
,,,,,,,,,,,,,,
,,,,,,,,,,,,,,
,,,,,,,,,,,,,,
,,,,,,,,,,,,,,
,,,,,,,,,,,,,,
,,,,,,,,,,,,,,
,,,,,,,,,,,,,,
,,,,,,,,,,,,,,
,,,,,,,,,,,,,,
,,,,,,,,,,,,,,
,,,,,,,,,,,,,,
,,,,,,,,,,,,,,
,,,,,,,,,,,,,,
,,,,,,,,,,,,,,
,,,,,,,,,,,,,,
,,,,,,,,,,,,,,
,,,,,,,,,,,,,,
,,,,,,,,,,,,,,
,,,,,,,,,,,,,,
,,,,,,,,,,,,,,
,,,,,,,,,,,,,,
,,,,,,,,,,,,,,
,,,,,,,,,,,,,,
,,,,,,,,,,,,,,
,,,,,,,,,,,,,,
,,,,,,,,,,,,,,
,,,,,,,,,,,,,,
,,,,,,,,,,,,,,
,,,,,,,,,,,,,,
,,,,,,,,,,,,,,
,,,,,,,,,,,,,,
,,,,,,,,,,,,,,
,,,,,,,,,,,,,,
,,,,,,,,,,,,,,
,,,,,,,,,,,,,,
,,,,,,,,,,,,,,
,,,,,,,,,,,,,,
,,,,,,,,,,,,,,
,,,,,,,,,,,,,,
,,,,,,,,,,,,,,
,,,,,,,,,,,,,,
,,,,,,,,,,,,,,
,,,,,,,,,,,,,,
,,,,,,,,,,,,,,
,,,,,,,,,,,,,,
,,,,,,,,,,,,,,
,,,,,,,,,,,,,,
,,,,,,,,,,,,,,
,,,,,,,,,,,,,,
,,,,,,,,,,,,,,
,,,,,,,,,,,,,,
,,,,,,,,,,,,,,
,,,,,,,,,,,,,,
,,,,,,,,,,,,,,
,,,,,,,,,,,,,,
,,,,,,,,,,,,,,
,,,,,,,,,,,,,,
,,,,,,,,,,,,,,
,,,,,,,,,,,,,,
,,,,,,,,,,,,,,
,,,,,,,,,,,,,,
,,,,,,,,,,,,,,
,,,,,,,,,,,,,,
,,,,,,,,,,,,,,
,,,,,,,,,,,,,,
,,,,,,,,,,,,,,
,,,,,,,,,,,,,,
,,,,,,,,,,,,,,
,,,,,,,,,,,,,,
,,,,,,,,,,,,,,
,,,,,,,,,,,,,,
,,,,,,,,,,,,,,
,,,,,,,,,,,,,,
,,,,,,,,,,,,,,
,,,,,,,,,,,,,,
,,,,,,,,,,,,,,
,,,,,,,,,,,,,,
,,,,,,,,,,,,,,
,,,,,,,,,,,,,,
,,,,,,,,,,,,,,
,,,,,,,,,,,,,,
,,,,,,,,,,,,,,
,,,,,,,,,,,,,,
,,,,,,,,,,,,,,
,,,,,,,,,,,,,,
,,,,,,,,,,,,,,
,,,,,,,,,,,,,,
,,,,,,,,,,,,,,
,,,,,,,,,,,,,,
,,,,,,,,,,,,,,
,,,,,,,,,,,,,,
,,,,,,,,,,,,,,
,,,,,,,,,,,,,,
,,,,,,,,,,,,,,
,,,,,,,,,,,,,,
,,,,,,,,,,,,,,
,,,,,,,,,,,,,,
,,,,,,,,,,,,,,
,,,,,,,,,,,,,,
,,,,,,,,,,,,,,
,,,,,,,,,,,,,,
,,,,,,,,,,,,,,
,,,,,,,,,,,,,,
,,,,,,,,,,,,,,
,,,,,,,,,,,,,,
,,,,,,,,,,,,,,
,,,,,,,,,,,,,,
,,,,,,,,,,,,,,
,,,,,,,,,,,,,,
,,,,,,,,,,,,,,
,,,,,,,,,,,,,,
,,,,,,,,,,,,,,
,,,,,,,,,,,,,,
,,,,,,,,,,,,,,
,,,,,,,,,,,,,,
,,,,,,,,,,,,,,
,,,,,,,,,,,,,,
,,,,,,,,,,,,,,
,,,,,,,,,,,,,,
,,,,,,,,,,,,,,
,,,,,,,,,,,,,,
,,,,,,,,,,,,,,
,,,,,,,,,,,,,,
,,,,,,,,,,,,,,
,,,,,,,,,,,,,,
,,,,,,,,,,,,,,
,,,,,,,,,,,,,,
,,,,,,,,,,,,,,
,,,,,,,,,,,,,,
,,,,,,,,,,,,,,
,,,,,,,,,,,,,,
,,,,,,,,,,,,,,
,,,,,,,,,,,,,,
,,,,,,,,,,,,,,
,,,,,,,,,,,,,,
,,,,,,,,,,,,,,
,,,,,,,,,,,,,,
,,,,,,,,,,,,,,
,,,,,,,,,,,,,,
,,,,,,,,,,,,,,
,,,,,,,,,,,,,,
,,,,,,,,,,,,,,
,,,,,,,,,,,,,,
,,,,,,,,,,,,,,
,,,,,,,,,,,,,,
,,,,,,,,,,,,,,
,,,,,,,,,,,,,,
,,,,,,,,,,,,,,
,,,,,,,,,,,,,,
,,,,,,,,,,,,,,
,,,,,,,,,,,,,,
,,,,,,,,,,,,,,
,,,,,,,,,,,,,,
,,,,,,,,,,,,,,
,,,,,,,,,,,,,,
,,,,,,,,,,,,,,
,,,,,,,,,,,,,,
,,,,,,,,,,,,,,
,,,,,,,,,,,,,,
,,,,,,,,,,,,,,
,,,,,,,,,,,,,,
,,,,,,,,,,,,,,
,,,,,,,,,,,,,,
,,,,,,,,,,,,,,
,,,,,,,,,,,,,,
,,,,,,,,,,,,,,
,,,,,,,,,,,,,,
,,,,,,,,,,,,,,
,,,,,,,,,,,,,,
,,,,,,,,,,,,,,
,,,,,,,,,,,,,,
,,,,,,,,,,,,,,
,,,,,,,,,,,,,,
,,,,,,,,,,,,,,
,,,,,,,,,,,,,,
,,,,,,,,,,,,,,
,,,,,,,,,,,,,,
,,,,,,,,,,,,,,
,,,,,,,,,,,,,,
,,,,,,,,,,,,,,
,,,,,,,,,,,,,,
,,,,,,,,,,,,,,
,,,,,,,,,,,,,,
,,,,,,,,,,,,,,
,,,,,,,,,,,,,,
,,,,,,,,,,,,,,
,,,,,,,,,,,,,,
,,,,,,,,,,,,,,
,,,,,,,,,,,,,,
,,,,,,,,,,,,,,
,,,,,,,,,,,,,,
,,,,,,,,,,,,,,
,,,,,,,,,,,,,,
,,,,,,,,,,,,,,
,,,,,,,,,,,,,,
,,,,,,,,,,,,,,
,,,,,,,,,,,,,,
,,,,,,,,,,,,,,
,,,,,,,,,,,,,,
,,,,,,,,,,,,,,
,,,,,,,,,,,,,,
,,,,,,,,,,,,,,
,,,,,,,,,,,,,,
,,,,,,,,,,,,,,
,,,,,,,,,,,,,,
,,,,,,,,,,,,,,
,,,,,,,,,,,,,,
,,,,,,,,,,,,,,
,,,,,,,,,,,,,,
,,,,,,,,,,,,,,
,,,,,,,,,,,,,,
,,,,,,,,,,,,,,
,,,,,,,,,,,,,,
,,,,,,,,,,,,,,
,,,,,,,,,,,,,,
,,,,,,,,,,,,,,
,,,,,,,,,,,,,,
,,,,,,,,,,,,,,
,,,,,,,,,,,,,,
,,,,,,,,,,,,,,
,,,,,,,,,,,,,,
,,,,,,,,,,,,,,
,,,,,,,,,,,,,,
,,,,,,,,,,,,,,
,,,,,,,,,,,,,,
,,,,,,,,,,,,,,
,,,,,,,,,,,,,,
,,,,,,,,,,,,,,
,,,,,,,,,,,,,,
,,,,,,,,,,,,,,
,,,,,,,,,,,,,,
,,,,,,,,,,,,,,
,,,,,,,,,,,,,,
,,,,,,,,,,,,,,
,,,,,,,,,,,,,,
,,,,,,,,,,,,,,
,,,,,,,,,,,,,,
,,,,,,,,,,,,,,
,,,,,,,,,,,,,,
,,,,,,,,,,,,,,
,,,,,,,,,,,,,,
,,,,,,,,,,,,,,
,,,,,,,,,,,,,,
,,,,,,,,,,,,,,
,,,,,,,,,,,,,,
,,,,,,,,,,,,,,
,,,,,,,,,,,,,,
,,,,,,,,,,,,,,
,,,,,,,,,,,,,,
,,,,,,,,,,,,,,
,,,,,,,,,,,,,,
,,,,,,,,,,,,,,
,,,,,,,,,,,,,,
,,,,,,,,,,,,,,
,,,,,,,,,,,,,,
,,,,,,,,,,,,,,
,,,,,,,,,,,,,,
,,,,,,,,,,,,,,
,,,,,,,,,,,,,,
,,,,,,,,,,,,,,
,,,,,,,,,,,,,,
,,,,,,,,,,,,,,
,,,,,,,,,,,,,,
,,,,,,,,,,,,,,
,,,,,,,,,,,,,,
,,,,,,,,,,,,,,
,,,,,,,,,,,,,,
,,,,,,,,,,,,,,
,,,,,,,,,,,,,,
,,,,,,,,,,,,,,
,,,,,,,,,,,,,,
,,,,,,,,,,,,,,
,,,,,,,,,,,,,,
,,,,,,,,,,,,,,
,,,,,,,,,,,,,,
,,,,,,,,,,,,,,
,,,,,,,,,,,,,,
,,,,,,,,,,,,,,
,,,,,,,,,,,,,,
,,,,,,,,,,,,,,
,,,,,,,,,,,,,,
,,,,,,,,,,,,,,
,,,,,,,,,,,,,,
,,,,,,,,,,,,,,
,,,,,,,,,,,,,,
,,,,,,,,,,,,,,
,,,,,,,,,,,,,,
,,,,,,,,,,,,,,
,,,,,,,,,,,,,,
,,,,,,,,,,,,,,
,,,,,,,,,,,,,,
,,,,,,,,,,,,,,
,,,,,,,,,,,,,,
,,,,,,,,,,,,,,
,,,,,,,,,,,,,,
,,,,,,,,,,,,,,
,,,,,,,,,,,,,,
,,,,,,,,,,,,,,
,,,,,,,,,,,,,,
,,,,,,,,,,,,,,
,,,,,,,,,,,,,,
,,,,,,,,,,,,,,
,,,,,,,,,,,,,,
,,,,,,,,,,,,,,
,,,,,,,,,,,,,,
,,,,,,,,,,,,,,
,,,,,,,,,,,,,,
,,,,,,,,,,,,,,
,,,,,,,,,,,,,,
,,,,,,,,,,,,,,
,,,,,,,,,,,,,,
,,,,,,,,,,,,,,
,,,,,,,,,,,,,,
,,,,,,,,,,,,,,
,,,,,,,,,,,,,,
,,,,,,,,,,,,,,
,,,,,,,,,,,,,,
,,,,,,,,,,,,,,
,,,,,,,,,,,,,,
,,,,,,,,,,,,,,
,,,,,,,,,,,,,,
,,,,,,,,,,,,,,
,,,,,,,,,,,,,,
,,,,,,,,,,,,,,
,,,,,,,,,,,,,,
,,,,,,,,,,,,,,
,,,,,,,,,,,,,,
,,,,,,,,,,,,,,
,,,,,,,,,,,,,,
,,,,,,,,,,,,,,
,,,,,,,,,,,,,,
,,,,,,,,,,,,,,
,,,,,,,,,,,,,,
,,,,,,,,,,,,,,
,,,,,,,,,,,,,,
,,,,,,,,,,,,,,
,,,,,,,,,,,,,,
,,,,,,,,,,,,,,
,,,,,,,,,,,,,,
,,,,,,,,,,,,,,
,,,,,,,,,,,,,,
,,,,,,,,,,,,,,
,,,,,,,,,,,,,,
,,,,,,,,,,,,,,
,,,,,,,,,,,,,,
,,,,,,,,,,,,,,
,,,,,,,,,,,,,,
,,,,,,,,,,,,,,
,,,,,,,,,,,,,,
,,,,,,,,,,,,,,
,,,,,,,,,,,,,,
,,,,,,,,,,,,,,
,,,,,,,,,,,,,,
,,,,,,,,,,,,,,
,,,,,,,,,,,,,,
,,,,,,,,,,,,,,
,,,,,,,,,,,,,,
,,,,,,,,,,,,,,
,,,,,,,,,,,,,,
,,,,,,,,,,,,,,
,,,,,,,,,,,,,,
,,,,,,,,,,,,,,
,,,,,,,,,,,,,,
,,,,,,,,,,,,,,
,,,,,,,,,,,,,,
,,,,,,,,,,,,,,
,,,,,,,,,,,,,,
,,,,,,,,,,,,,,
,,,,,,,,,,,,,,
,,,,,,,,,,,,,,
,,,,,,,,,,,,,,
,,,,,,,,,,,,,,
,,,,,,,,,,,,,,
,,,,,,,,,,,,,,
,,,,,,,,,,,,,,
,,,,,,,,,,,,,,
,,,,,,,,,,,,,,
,,,,,,,,,,,,,,
,,,,,,,,,,,,,,
,,,,,,,,,,,,,,
,,,,,,,,,,,,,,
,,,,,,,,,,,,,,
,,,,,,,,,,,,,,
,,,,,,,,,,,,,,
,,,,,,,,,,,,,,
,,,,,,,,,,,,,,
,,,,,,,,,,,,,,
,,,,,,,,,,,,,,
,,,,,,,,,,,,,,
,,,,,,,,,,,,,,
,,,,,,,,,,,,,,
,,,,,,,,,,,,,,
,,,,,,,,,,,,,,
,,,,,,,,,,,,,,
,,,,,,,,,,,,,,
,,,,,,,,,,,,,,
,,,,,,,,,,,,,,
,,,,,,,,,,,,,,
,,,,,,,,,,,,,,
,,,,,,,,,,,,,,
,,,,,,,,,,,,,,
,,,,,,,,,,,,,,
,,,,,,,,,,,,,,
,,,,,,,,,,,,,,
,,,,,,,,,,,,,,
,,,,,,,,,,,,,,
,,,,,,,,,,,,,,
,,,,,,,,,,,,,,
,,,,,,,,,,,,,,
,,,,,,,,,,,,,,
,,,,,,,,,,,,,,
,,,,,,,,,,,,,,
,,,,,,,,,,,,,,
,,,,,,,,,,,,,,
,,,,,,,,,,,,,,
,,,,,,,,,,,,,,
,,,,,,,,,,,,,,
,,,,,,,,,,,,,,
,,,,,,,,,,,,,,
,,,,,,,,,,,,,,
,,,,,,,,,,,,,,
,,,,,,,,,,,,,,
,,,,,,,,,,,,,,
,,,,,,,,,,,,,,
,,,,,,,,,,,,,,
,,,,,,,,,,,,,,
,,,,,,,,,,,,,,
,,,,,,,,,,,,,,
,,,,,,,,,,,,,,
,,,,,,,,,,,,,,
,,,,,,,,,,,,,,
,,,,,,,,,,,,,,
,,,,,,,,,,,,,,
,,,,,,,,,,,,,,
,,,,,,,,,,,,,,
,,,,,,,,,,,,,,
,,,,,,,,,,,,,,
,,,,,,,,,,,,,,
,,,,,,,,,,,,,,
,,,,,,,,,,,,,,
,,,,,,,,,,,,,,
,,,,,,,,,,,,,,
,,,,,,,,,,,,,,
,,,,,,,,,,,,,,
,,,,,,,,,,,,,,
,,,,,,,,,,,,,,
,,,,,,,,,,,,,,
,,,,,,,,,,,,,,
,,,,,,,,,,,,,,
,,,,,,,,,,,,,,
,,,,,,,,,,,,,,
,,,,,,,,,,,,,,
,,,,,,,,,,,,,,
,,,,,,,,,,,,,,
,,,,,,,,,,,,,,
,,,,,,,,,,,,,,
,,,,,,,,,,,,,,
,,,,,,,,,,,,,,
,,,,,,,,,,,,,,
,,,,,,,,,,,,,,
,,,,,,,,,,,,,,
,,,,,,,,,,,,,,
,,,,,,,,,,,,,,
,,,,,,,,,,,,,,
,,,,,,,,,,,,,,
,,,,,,,,,,,,,,
,,,,,,,,,,,,,,
,,,,,,,,,,,,,,
,,,,,,,,,,,,,,
,,,,,,,,,,,,,,
,,,,,,,,,,,,,,
,,,,,,,,,,,,,,
,,,,,,,,,,,,,,
,,,,,,,,,,,,,,
,,,,,,,,,,,,,,
,,,,,,,,,,,,,,
,,,,,,,,,,,,,,
,,,,,,,,,,,,,,
,,,,,,,,,,,,,,
,,,,,,,,,,,,,,
,,,,,,,,,,,,,,
,,,,,,,,,,,,,,
,,,,,,,,,,,,,,
,,,,,,,,,,,,,,
,,,,,,,,,,,,,,
,,,,,,,,,,,,,,
,,,,,,,,,,,,,,
,,,,,,,,,,,,,,
,,,,,,,,,,,,,,
,,,,,,,,,,,,,,
,,,,,,,,,,,,,,
,,,,,,,,,,,,,,
,,,,,,,,,,,,,,
,,,,,,,,,,,,,,
,,,,,,,,,,,,,,
,,,,,,,,,,,,,,
,,,,,,,,,,,,,,
,,,,,,,,,,,,,,
,,,,,,,,,,,,,,
,,,,,,,,,,,,,,
,,,,,,,,,,,,,,
,,,,,,,,,,,,,,
,,,,,,,,,,,,,,
,,,,,,,,,,,,,,
,,,,,,,,,,,,,,
,,,,,,,,,,,,,,
,,,,,,,,,,,,,,
,,,,,,,,,,,,,,
,,,,,,,,,,,,,,
,,,,,,,,,,,,,,
,,,,,,,,,,,,,,
,,,,,,,,,,,,,,
,,,,,,,,,,,,,,
,,,,,,,,,,,,,,
,,,,,,,,,,,,,,
,,,,,,,,,,,,,,
,,,,,,,,,,,,,,
,,,,,,,,,,,,,,
,,,,,,,,,,,,,,
,,,,,,,,,,,,,,
,,,,,,,,,,,,,,
,,,,,,,,,,,,,,
,,,,,,,,,,,,,,
,,,,,,,,,,,,,,
,,,,,,,,,,,,,,
,,,,,,,,,,,,,,
,,,,,,,,,,,,,,
,,,,,,,,,,,,,,
,,,,,,,,,,,,,,
,,,,,,,,,,,,,,
,,,,,,,,,,,,,,
,,,,,,,,,,,,,,
,,,,,,,,,,,,,,
,,,,,,,,,,,,,,
,,,,,,,,,,,,,,
,,,,,,,,,,,,,,
,,,,,,,,,,,,,,
,,,,,,,,,,,,,,
,,,,,,,,,,,,,,
,,,,,,,,,,,,,,
,,,,,,,,,,,,,,
,,,,,,,,,,,,,,
,,,,,,,,,,,,,,
,,,,,,,,,,,,,,
,,,,,,,,,,,,,,
,,,,,,,,,,,,,,
,,,,,,,,,,,,,,
,,,,,,,,,,,,,,
,,,,,,,,,,,,,,
,,,,,,,,,,,,,,
,,,,,,,,,,,,,,
,,,,,,,,,,,,,,
,,,,,,,,,,,,,,
,,,,,,,,,,,,,,
,,,,,,,,,,,,,,
,,,,,,,,,,,,,,
,,,,,,,,,,,,,,
,,,,,,,,,,,,,,
,,,,,,,,,,,,,,
,,,,,,,,,,,,,,
,,,,,,,,,,,,,,
,,,,,,,,,,,,,,
,,,,,,,,,,,,,,
,,,,,,,,,,,,,,
,,,,,,,,,,,,,,
,,,,,,,,,,,,,,
,,,,,,,,,,,,,,
,,,,,,,,,,,,,,
,,,,,,,,,,,,,,
,,,,,,,,,,,,,,
,,,,,,,,,,,,,,
,,,,,,,,,,,,,,
,,,,,,,,,,,,,,
,,,,,,,,,,,,,,
,,,,,,,,,,,,,,
,,,,,,,,,,,,,,
,,,,,,,,,,,,,,
,,,,,,,,,,,,,,
,,,,,,,,,,,,,,
,,,,,,,,,,,,,,
,,,,,,,,,,,,,,
,,,,,,,,,,,,,,
,,,,,,,,,,,,,,
,,,,,,,,,,,,,,
,,,,,,,,,,,,,,
,,,,,,,,,,,,,,
,,,,,,,,,,,,,,
,,,,,,,,,,,,,,
,,,,,,,,,,,,,,
,,,,,,,,,,,,,,
,,,,,,,,,,,,,,
,,,,,,,,,,,,,,
,,,,,,,,,,,,,,
,,,,,,,,,,,,,,
,,,,,,,,,,,,,,
,,,,,,,,,,,,,,
,,,,,,,,,,,,,,
,,,,,,,,,,,,,,
,,,,,,,,,,,,,,
,,,,,,,,,,,,,,
,,,,,,,,,,,,,,
,,,,,,,,,,,,,,
,,,,,,,,,,,,,,
,,,,,,,,,,,,,,
,,,,,,,,,,,,,,
,,,,,,,,,,,,,,
,,,,,,,,,,,,,,
,,,,,,,,,,,,,,
,,,,,,,,,,,,,,
,,,,,,,,,,,,,,
,,,,,,,,,,,,,,
,,,,,,,,,,,,,,
,,,,,,,,,,,,,,
,,,,,,,,,,,,,,
,,,,,,,,,,,,,,
,,,,,,,,,,,,,,
,,,,,,,,,,,,,,
,,,,,,,,,,,,,,
,,,,,,,,,,,,,,
,,,,,,,,,,,,,,
,,,,,,,,,,,,,,
,,,,,,,,,,,,,,
,,,,,,,,,,,,,,
,,,,,,,,,,,,,,
,,,,,,,,,,,,,,
,,,,,,,,,,,,,,
,,,,,,,,,,,,,,
,,,,,,,,,,,,,,
,,,,,,,,,,,,,,
,,,,,,,,,,,,,,
,,,,,,,,,,,,,,
,,,,,,,,,,,,,,
,,,,,,,,,,,,,,
,,,,,,,,,,,,,,
,,,,,,,,,,,,,,
,,,,,,,,,,,,,,
,,,,,,,,,,,,,,
,,,,,,,,,,,,,,
,,,,,,,,,,,,,,
,,,,,,,,,,,,,,
,,,,,,,,,,,,,,
,,,,,,,,,,,,,,
,,,,,,,,,,,,,,
,,,,,,,,,,,,,,
,,,,,,,,,,,,,,
,,,,,,,,,,,,,,
,,,,,,,,,,,,,,
,,,,,,,,,,,,,,
,,,,,,,,,,,,,,
,,,,,,,,,,,,,,
,,,,,,,,,,,,,,
,,,,,,,,,,,,,,
,,,,,,,,,,,,,,
,,,,,,,,,,,,,,
,,,,,,,,,,,,,,
,,,,,,,,,,,,,,
,,,,,,,,,,,,,,
,,,,,,,,,,,,,,
,,,,,,,,,,,,,,
,,,,,,,,,,,,,,
,,,,,,,,,,,,,,
,,,,,,,,,,,,,,
,,,,,,,,,,,,,,
,,,,,,,,,,,,,,
,,,,,,,,,,,,,,
,,,,,,,,,,,,,,
,,,,,,,,,,,,,,
,,,,,,,,,,,,,,
,,,,,,,,,,,,,,
,,,,,,,,,,,,,,
,,,,,,,,,,,,,,
,,,,,,,,,,,,,,
,,,,,,,,,,,,,,
,,,,,,,,,,,,,,
,,,,,,,,,,,,,,
,,,,,,,,,,,,,,
,,,,,,,,,,,,,,
,,,,,,,,,,,,,,
,,,,,,,,,,,,,,
,,,,,,,,,,,,,,
,,,,,,,,,,,,,,
,,,,,,,,,,,,,,
,,,,,,,,,,,,,,
,,,,,,,,,,,,,,
,,,,,,,,,,,,,,
,,,,,,,,,,,,,,
,,,,,,,,,,,,,,
,,,,,,,,,,,,,,
,,,,,,,,,,,,,,
,,,,,,,,,,,,,,
,,,,,,,,,,,,,,
,,,,,,,,,,,,,,
,,,,,,,,,,,,,,
,,,,,,,,,,,,,,
,,,,,,,,,,,,,,
,,,,,,,,,,,,,,
,,,,,,,,,,,,,,
,,,,,,,,,,,,,,
,,,,,,,,,,,,,,
,,,,,,,,,,,,,,
,,,,,,,,,,,,,,
,,,,,,,,,,,,,,
,,,,,,,,,,,,,,
,,,,,,,,,,,,,,
,,,,,,,,,,,,,,
,,,,,,,,,,,,,,
,,,,,,,,,,,,,,
,,,,,,,,,,,,,,
,,,,,,,,,,,,,,
,,,,,,,,,,,,,,
,,,,,,,,,,,,,,
,,,,,,,,,,,,,,
,,,,,,,,,,,,,,
,,,,,,,,,,,,,,
,,,,,,,,,,,,,,
,,,,,,,,,,,,,,
,,,,,,,,,,,,,,
,,,,,,,,,,,,,,
,,,,,,,,,,,,,,
,,,,,,,,,,,,,,
,,,,,,,,,,,,,,
,,,,,,,,,,,,,,
,,,,,,,,,,,,,,
,,,,,,,,,,,,,,
,,,,,,,,,,,,,,
,,,,,,,,,,,,,,
,,,,,,,,,,,,,,
,,,,,,,,,,,,,,
,,,,,,,,,,,,,,
,,,,,,,,,,,,,,
,,,,,,,,,,,,,,
,,,,,,,,,,,,,,
,,,,,,,,,,,,,,
,,,,,,,,,,,,,,
,,,,,,,,,,,,,,
,,,,,,,,,,,,,,
,,,,,,,,,,,,,,
,,,,,,,,,,,,,,
,,,,,,,,,,,,,,
,,,,,,,,,,,,,,
,,,,,,,,,,,,,,
,,,,,,,,,,,,,,
,,,,,,,,,,,,,,
,,,,,,,,,,,,,,
,,,,,,,,,,,,,,
,,,,,,,,,,,,,,
,,,,,,,,,,,,,,
,,,,,,,,,,,,,,
,,,,,,,,,,,,,,
,,,,,,,,,,,,,,
,,,,,,,,,,,,,,
,,,,,,,,,,,,,,
,,,,,,,,,,,,,,
,,,,,,,,,,,,,,
,,,,,,,,,,,,,,
,,,,,,,,,,,,,,
,,,,,,,,,,,,,,
,,,,,,,,,,,,,,
,,,,,,,,,,,,,,
,,,,,,,,,,,,,,
,,,,,,,,,,,,,,
,,,,,,,,,,,,,,
,,,,,,,,,,,,,,
,,,,,,,,,,,,,,
,,,,,,,,,,,,,,
,,,,,,,,,,,,,,
,,,,,,,,,,,,,,
,,,,,,,,,,,,,,
,,,,,,,,,,,,,,
,,,,,,,,,,,,,,
,,,,,,,,,,,,,,
,,,,,,,,,,,,,,
,,,,,,,,,,,,,,
,,,,,,,,,,,,,,
,,,,,,,,,,,,,,
,,,,,,,,,,,,,,
,,,,,,,,,,,,,,
,,,,,,,,,,,,,,
,,,,,,,,,,,,,,
,,,,,,,,,,,,,,
,,,,,,,,,,,,,,
,,,,,,,,,,,,,,
,,,,,,,,,,,,,,
,,,,,,,,,,,,,,
,,,,,,,,,,,,,,
,,,,,,,,,,,,,,
,,,,,,,,,,,,,,
,,,,,,,,,,,,,,
,,,,,,,,,,,,,,
,,,,,,,,,,,,,,
,,,,,,,,,,,,,,
,,,,,,,,,,,,,,
,,,,,,,,,,,,,,
,,,,,,,,,,,,,,
,,,,,,,,,,,,,,
,,,,,,,,,,,,,,
,,,,,,,,,,,,,,
,,,,,,,,,,,,,,
,,,,,,,,,,,,,,
,,,,,,,,,,,,,,
,,,,,,,,,,,,,,
,,,,,,,,,,,,,,
,,,,,,,,,,,,,,
,,,,,,,,,,,,,,
,,,,,,,,,,,,,,
,,,,,,,,,,,,,,
,,,,,,,,,,,,,,
,,,,,,,,,,,,,,
,,,,,,,,,,,,,,
,,,,,,,,,,,,,,
,,,,,,,,,,,,,,
,,,,,,,,,,,,,,
,,,,,,,,,,,,,,
,,,,,,,,,,,,,,
,,,,,,,,,,,,,,
,,,,,,,,,,,,,,
,,,,,,,,,,,,,,
,,,,,,,,,,,,,,
,,,,,,,,,,,,,,
,,,,,,,,,,,,,,
,,,,,,,,,,,,,,
,,,,,,,,,,,,,,
,,,,,,,,,,,,,,
,,,,,,,,,,,,,,
,,,,,,,,,,,,,,
,,,,,,,,,,,,,,
,,,,,,,,,,,,,,
,,,,,,,,,,,,,,
,,,,,,,,,,,,,,
,,,,,,,,,,,,,,
,,,,,,,,,,,,,,
,,,,,,,,,,,,,,
,,,,,,,,,,,,,,
,,,,,,,,,,,,,,
,,,,,,,,,,,,,,
,,,,,,,,,,,,,,
,,,,,,,,,,,,,,
,,,,,,,,,,,,,,
,,,,,,,,,,,,,,
,,,,,,,,,,,,,,
,,,,,,,,,,,,,,
,,,,,,,,,,,,,,
,,,,,,,,,,,,,,
,,,,,,,,,,,,,,
,,,,,,,,,,,,,,
,,,,,,,,,,,,,,
,,,,,,,,,,,,,,
,,,,,,,,,,,,,,
,,,,,,,,,,,,,,
,,,,,,,,,,,,,,
,,,,,,,,,,,,,,
,,,,,,,,,,,,,,
,,,,,,,,,,,,,,
,,,,,,,,,,,,,,
,,,,,,,,,,,,,,
,,,,,,,,,,,,,,
,,,,,,,,,,,,,,
,,,,,,,,,,,,,,
,,,,,,,,,,,,,,
,,,,,,,,,,,,,,
,,,,,,,,,,,,,,
,,,,,,,,,,,,,,
,,,,,,,,,,,,,,
,,,,,,,,,,,,,,
,,,,,,,,,,,,,,
,,,,,,,,,,,,,,
,,,,,,,,,,,,,,
,,,,,,,,,,,,,,
,,,,,,,,,,,,,,
,,,,,,,,,,,,,,
,,,,,,,,,,,,,,
,,,,,,,,,,,,,,
,,,,,,,,,,,,,,
,,,,,,,,,,,,,,
,,,,,,,,,,,,,,
,,,,,,,,,,,,,,
,,,,,,,,,,,,,,
,,,,,,,,,,,,,,
,,,,,,,,,,,,,,
,,,,,,,,,,,,,,
,,,,,,,,,,,,,,
,,,,,,,,,,,,,,
,,,,,,,,,,,,,,
,,,,,,,,,,,,,,
,,,,,,,,,,,,,,
,,,,,,,,,,,,,,
,,,,,,,,,,,,,,
,,,,,,,,,,,,,,
,,,,,,,,,,,,,,
,,,,,,,,,,,,,,
,,,,,,,,,,,,,,
,,,,,,,,,,,,,,
,,,,,,,,,,,,,,
,,,,,,,,,,,,,,
,,,,,,,,,,,,,,
,,,,,,,,,,,,,,
,,,,,,,,,,,,,,
,,,,,,,,,,,,,,
,,,,,,,,,,,,,,
,,,,,,,,,,,,,,
,,,,,,,,,,,,,,
,,,,,,,,,,,,,,
,,,,,,,,,,,,,,
,,,,,,,,,,,,,,
,,,,,,,,,,,,,,
,,,,,,,,,,,,,,
,,,,,,,,,,,,,,
,,,,,,,,,,,,,,
,,,,,,,,,,,,,,
,,,,,,,,,,,,,,
,,,,,,,,,,,,,,
,,,,,,,,,,,,,,
,,,,,,,,,,,,,,
,,,,,,,,,,,,,,
,,,,,,,,,,,,,,
,,,,,,,,,,,,,,
,,,,,,,,,,,,,,
,,,,,,,,,,,,,,
,,,,,,,,,,,,,,
,,,,,,,,,,,,,,
,,,,,,,,,,,,,,
,,,,,,,,,,,,,,
,,,,,,,,,,,,,,
,,,,,,,,,,,,,,
,,,,,,,,,,,,,,
,,,,,,,,,,,,,,
,,,,,,,,,,,,,,
,,,,,,,,,,,,,,
,,,,,,,,,,,,,,
,,,,,,,,,,,,,,
,,,,,,,,,,,,,,
,,,,,,,,,,,,,,
,,,,,,,,,,,,,,
,,,,,,,,,,,,,,
,,,,,,,,,,,,,,
,,,,,,,,,,,,,,
,,,,,,,,,,,,,,
,,,,,,,,,,,,,,
,,,,,,,,,,,,,,
,,,,,,,,,,,,,,
,,,,,,,,,,,,,,
,,,,,,,,,,,,,,
,,,,,,,,,,,,,,
,,,,,,,,,,,,,,
,,,,,,,,,,,,,,
,,,,,,,,,,,,,,
,,,,,,,,,,,,,,
,,,,,,,,,,,,,,
,,,,,,,,,,,,,,
,,,,,,,,,,,,,,
,,,,,,,,,,,,,,
,,,,,,,,,,,,,,
,,,,,,,,,,,,,,
,,,,,,,,,,,,,,
,,,,,,,,,,,,,,
,,,,,,,,,,,,,,
,,,,,,,,,,,,,,
,,,,,,,,,,,,,,
,,,,,,,,,,,,,,
,,,,,,,,,,,,,,
,,,,,,,,,,,,,,
,,,,,,,,,,,,,,
,,,,,,,,,,,,,,
,,,,,,,,,,,,,,
,,,,,,,,,,,,,,
,,,,,,,,,,,,,,
,,,,,,,,,,,,,,
,,,,,,,,,,,,,,
,,,,,,,,,,,,,,
,,,,,,,,,,,,,,
,,,,,,,,,,,,,,
,,,,,,,,,,,,,,
,,,,,,,,,,,,,,
,,,,,,,,,,,,,,
,,,,,,,,,,,,,,
,,,,,,,,,,,,,,
,,,,,,,,,,,,,,
,,,,,,,,,,,,,,
,,,,,,,,,,,,,,
,,,,,,,,,,,,,,
,,,,,,,,,,,,,,
,,,,,,,,,,,,,,
,,,,,,,,,,,,,,
,,,,,,,,,,,,,,
,,,,,,,,,,,,,,
,,,,,,,,,,,,,,
,,,,,,,,,,,,,,
,,,,,,,,,,,,,,
,,,,,,,,,,,,,,
,,,,,,,,,,,,,,
,,,,,,,,,,,,,,
,,,,,,,,,,,,,,
,,,,,,,,,,,,,,
,,,,,,,,,,,,,,
,,,,,,,,,,,,,,
,,,,,,,,,,,,,,
,,,,,,,,,,,,,,
,,,,,,,,,,,,,,
,,,,,,,,,,,,,,
,,,,,,,,,,,,,,
,,,,,,,,,,,,,,
,,,,,,,,,,,,,,
,,,,,,,,,,,,,,
,,,,,,,,,,,,,,
,,,,,,,,,,,,,,
,,,,,,,,,,,,,,
,,,,,,,,,,,,,,
,,,,,,,,,,,,,,
,,,,,,,,,,,,,,
,,,,,,,,,,,,,,
,,,,,,,,,,,,,,
,,,,,,,,,,,,,,
,,,,,,,,,,,,,,
,,,,,,,,,,,,,,
,,,,,,,,,,,,,,
,,,,,,,,,,,,,,
,,,,,,,,,,,,,,
,,,,,,,,,,,,,,
,,,,,,,,,,,,,,
,,,,,,,,,,,,,,
,,,,,,,,,,,,,,
,,,,,,,,,,,,,,
,,,,,,,,,,,,,,
,,,,,,,,,,,,,,
,,,,,,,,,,,,,,
,,,,,,,,,,,,,,
,,,,,,,,,,,,,,
,,,,,,,,,,,,,,
,,,,,,,,,,,,,,
,,,,,,,,,,,,,,
,,,,,,,,,,,,,,
,,,,,,,,,,,,,,
,,,,,,,,,,,,,,
,,,,,,,,,,,,,,
,,,,,,,,,,,,,,
,,,,,,,,,,,,,,
,,,,,,,,,,,,,,
,,,,,,,,,,,,,,
,,,,,,,,,,,,,,
,,,,,,,,,,,,,,
,,,,,,,,,,,,,,
,,,,,,,,,,,,,,
,,,,,,,,,,,,,,
,,,,,,,,,,,,,,
,,,,,,,,,,,,,,
,,,,,,,,,,,,,,
,,,,,,,,,,,,,,
,,,,,,,,,,,,,,
,,,,,,,,,,,,,,
,,,,,,,,,,,,,,
,,,,,,,,,,,,,,
,,,,,,,,,,,,,,
,,,,,,,,,,,,,,
,,,,,,,,,,,,,,
,,,,,,,,,,,,,,
,,,,,,,,,,,,,,
,,,,,,,,,,,,,,
,,,,,,,,,,,,,,
,,,,,,,,,,,,,,
,,,,,,,,,,,,,,
,,,,,,,,,,,,,,
,,,,,,,,,,,,,,
,,,,,,,,,,,,,,
,,,,,,,,,,,,,,
,,,,,,,,,,,,,,
,,,,,,,,,,,,,,
,,,,,,,,,,,,,,
,,,,,,,,,,,,,,
,,,,,,,,,,,,,,
,,,,,,,,,,,,,,
,,,,,,,,,,,,,,
,,,,,,,,,,,,,,
,,,,,,,,,,,,,,
,,,,,,,,,,,,,,
,,,,,,,,,,,,,,
,,,,,,,,,,,,,,
,,,,,,,,,,,,,,
,,,,,,,,,,,,,,
,,,,,,,,,,,,,,
,,,,,,,,,,,,,,
,,,,,,,,,,,,,,
,,,,,,,,,,,,,,
,,,,,,,,,,,,,,
,,,,,,,,,,,,,,
,,,,,,,,,,,,,,
,,,,,,,,,,,,,,
,,,,,,,,,,,,,,
,,,,,,,,,,,,,,
,,,,,,,,,,,,,,
,,,,,,,,,,,,,,
,,,,,,,,,,,,,,
,,,,,,,,,,,,,,
,,,,,,,,,,,,,,
,,,,,,,,,,,,,,
,,,,,,,,,,,,,,
,,,,,,,,,,,,,,
,,,,,,,,,,,,,,
,,,,,,,,,,,,,,
,,,,,,,,,,,,,,
,,,,,,,,,,,,,,
,,,,,,,,,,,,,,
,,,,,,,,,,,,,,
,,,,,,,,,,,,,,
,,,,,,,,,,,,,,
,,,,,,,,,,,,,,
,,,,,,,,,,,,,,
,,,,,,,,,,,,,,
,,,,,,,,,,,,,,
,,,,,,,,,,,,,,
,,,,,,,,,,,,,,
,,,,,,,,,,,,,,
,,,,,,,,,,,,,,
,,,,,,,,,,,,,,
,,,,,,,,,,,,,,
,,,,,,,,,,,,,,
,,,,,,,,,,,,,,
,,,,,,,,,,,,,,
,,,,,,,,,,,,,,
,,,,,,,,,,,,,,
,,,,,,,,,,,,,,
,,,,,,,,,,,,,,
,,,,,,,,,,,,,,
,,,,,,,,,,,,,,
,,,,,,,,,,,,,,
,,,,,,,,,,,,,,
,,,,,,,,,,,,,,
,,,,,,,,,,,,,,
,,,,,,,,,,,,,,
,,,,,,,,,,,,,,
,,,,,,,,,,,,,,
,,,,,,,,,,,,,,
,,,,,,,,,,,,,,
,,,,,,,,,,,,,,
,,,,,,,,,,,,,,
,,,,,,,,,,,,,,
,,,,,,,,,,,,,,
,,,,,,,,,,,,,,
,,,,,,,,,,,,,,
,,,,,,,,,,,,,,
,,,,,,,,,,,,,,
,,,,,,,,,,,,,,
,,,,,,,,,,,,,,
,,,,,,,,,,,,,,
,,,,,,,,,,,,,,
,,,,,,,,,,,,,,
,,,,,,,,,,,,,,
,,,,,,,,,,,,,,
,,,,,,,,,,,,,,
,,,,,,,,,,,,,,
,,,,,,,,,,,,,,
,,,,,,,,,,,,,,
,,,,,,,,,,,,,,
,,,,,,,,,,,,,,
,,,,,,,,,,,,,,
,,,,,,,,,,,,,,
,,,,,,,,,,,,,,
,,,,,,,,,,,,,,
,,,,,,,,,,,,,,
,,,,,,,,,,,,,,
,,,,,,,,,,,,,,
,,,,,,,,,,,,,,
,,,,,,,,,,,,,,
,,,,,,,,,,,,,,
,,,,,,,,,,,,,,
,,,,,,,,,,,,,,
,,,,,,,,,,,,,,
,,,,,,,,,,,,,,
,,,,,,,,,,,,,,
,,,,,,,,,,,,,,
,,,,,,,,,,,,,,
,,,,,,,,,,,,,,
,,,,,,,,,,,,,,
,,,,,,,,,,,,,,
,,,,,,,,,,,,,,
,,,,,,,,,,,,,,
,,,,,,,,,,,,,,
,,,,,,,,,,,,,,
,,,,,,,,,,,,,,
,,,,,,,,,,,,,,
,,,,,,,,,,,,,,
,,,,,,,,,,,,,,
,,,,,,,,,,,,,,
,,,,,,,,,,,,,,
,,,,,,,,,,,,,,
,,,,,,,,,,,,,,
,,,,,,,,,,,,,,
,,,,,,,,,,,,,,
,,,,,,,,,,,,,,
,,,,,,,,,,,,,,
,,,,,,,,,,,,,,
,,,,,,,,,,,,,,
,,,,,,,,,,,,,,
,,,,,,,,,,,,,,
,,,,,,,,,,,,,,
,,,,,,,,,,,,,,
,,,,,,,,,,,,,,
,,,,,,,,,,,,,,
,,,,,,,,,,,,,,
,,,,,,,,,,,,,,
,,,,,,,,,,,,,,
,,,,,,,,,,,,,,
,,,,,,,,,,,,,,
,,,,,,,,,,,,,,
,,,,,,,,,,,,,,
,,,,,,,,,,,,,,
,,,,,,,,,,,,,,
,,,,,,,,,,,,,,
,,,,,,,,,,,,,,
,,,,,,,,,,,,,,
,,,,,,,,,,,,,,
,,,,,,,,,,,,,,
,,,,,,,,,,,,,,
,,,,,,,,,,,,,,
,,,,,,,,,,,,,,
,,,,,,,,,,,,,,
,,,,,,,,,,,,,,
,,,,,,,,,,,,,,
,,,,,,,,,,,,,,
,,,,,,,,,,,,,,
,,,,,,,,,,,,,,
,,,,,,,,,,,,,,
,,,,,,,,,,,,,,
,,,,,,,,,,,,,,
,,,,,,,,,,,,,,
,,,,,,,,,,,,,,
,,,,,,,,,,,,,,
,,,,,,,,,,,,,,
,,,,,,,,,,,,,,
,,,,,,,,,,,,,,
,,,,,,,,,,,,,,
,,,,,,,,,,,,,,
,,,,,,,,,,,,,,
,,,,,,,,,,,,,,
,,,,,,,,,,,,,,
,,,,,,,,,,,,,,
,,,,,,,,,,,,,,
,,,,,,,,,,,,,,
,,,,,,,,,,,,,,
,,,,,,,,,,,,,,
,,,,,,,,,,,,,,
,,,,,,,,,,,,,,
,,,,,,,,,,,,,,
,,,,,,,,,,,,,,
,,,,,,,,,,,,,,
,,,,,,,,,,,,,,
,,,,,,,,,,,,,,
,,,,,,,,,,,,,,
,,,,,,,,,,,,,,
,,,,,,,,,,,,,,
,,,,,,,,,,,,,,
,,,,,,,,,,,,,,
,,,,,,,,,,,,,,
,,,,,,,,,,,,,,
,,,,,,,,,,,,,,
,,,,,,,,,,,,,,
,,,,,,,,,,,,,,
,,,,,,,,,,,,,,
,,,,,,,,,,,,,,
,,,,,,,,,,,,,,
,,,,,,,,,,,,,,
,,,,,,,,,,,,,,
,,,,,,,,,,,,,,
,,,,,,,,,,,,,,
,,,,,,,,,,,,,,
,,,,,,,,,,,,,,
,,,,,,,,,,,,,,
,,,,,,,,,,,,,,
,,,,,,,,,,,,,,
,,,,,,,,,,,,,,
,,,,,,,,,,,,,,
,,,,,,,,,,,,,,
,,,,,,,,,,,,,,
,,,,,,,,,,,,,,
,,,,,,,,,,,,,,
,,,,,,,,,,,,,,
,,,,,,,,,,,,,,
,,,,,,,,,,,,,,
,,,,,,,,,,,,,,
,,,,,,,,,,,,,,
,,,,,,,,,,,,,,
,,,,,,,,,,,,,,
,,,,,,,,,,,,,,
,,,,,,,,,,,,,,
,,,,,,,,,,,,,,
,,,,,,,,,,,,,,
,,,,,,,,,,,,,,
,,,,,,,,,,,,,,
,,,,,,,,,,,,,,
,,,,,,,,,,,,,,
,,,,,,,,,,,,,,
,,,,,,,,,,,,,,
,,,,,,,,,,,,,,
,,,,,,,,,,,,,,
,,,,,,,,,,,,,,
,,,,,,,,,,,,,,
,,,,,,,,,,,,,,
,,,,,,,,,,,,,,
,,,,,,,,,,,,,,
,,,,,,,,,,,,,,
,,,,,,,,,,,,,,
,,,,,,,,,,,,,,
,,,,,,,,,,,,,,
,,,,,,,,,,,,,,
,,,,,,,,,,,,,,
,,,,,,,,,,,,,,
,,,,,,,,,,,,,,
,,,,,,,,,,,,,,
,,,,,,,,,,,,,,
,,,,,,,,,,,,,,
,,,,,,,,,,,,,,
,,,,,,,,,,,,,,
,,,,,,,,,,,,,,
,,,,,,,,,,,,,,
,,,,,,,,,,,,,,
,,,,,,,,,,,,,,
,,,,,,,,,,,,,,
,,,,,,,,,,,,,,
,,,,,,,,,,,,,,
,,,,,,,,,,,,,,
,,,,,,,,,,,,,,
,,,,,,,,,,,,,,
,,,,,,,,,,,,,,
,,,,,,,,,,,,,,
,,,,,,,,,,,,,,
,,,,,,,,,,,,,,
,,,,,,,,,,,,,,
,,,,,,,,,,,,,,
,,,,,,,,,,,,,,
,,,,,,,,,,,,,,
,,,,,,,,,,,,,,
,,,,,,,,,,,,,,
,,,,,,,,,,,,,,
,,,,,,,,,,,,,,
,,,,,,,,,,,,,,
,,,,,,,,,,,,,,
,,,,,,,,,,,,,,
,,,,,,,,,,,,,,
,,,,,,,,,,,,,,
,,,,,,,,,,,,,,
,,,,,,,,,,,,,,
,,,,,,,,,,,,,,
,,,,,,,,,,,,,,
,,,,,,,,,,,,,,
,,,,,,,,,,,,,,
,,,,,,,,,,,,,,
,,,,,,,,,,,,,,
,,,,,,,,,,,,,,
,,,,,,,,,,,,,,
,,,,,,,,,,,,,,
,,,,,,,,,,,,,,
,,,,,,,,,,,,,,
,,,,,,,,,,,,,,
,,,,,,,,,,,,,,
,,,,,,,,,,,,,,
,,,,,,,,,,,,,,
,,,,,,,,,,,,,,
,,,,,,,,,,,,,,
,,,,,,,,,,,,,,
,,,,,,,,,,,,,,
,,,,,,,,,,,,,,
,,,,,,,,,,,,,,
,,,,,,,,,,,,,,
,,,,,,,,,,,,,,
,,,,,,,,,,,,,,
,,,,,,,,,,,,,,
,,,,,,,,,,,,,,
,,,,,,,,,,,,,,
,,,,,,,,,,,,,,
,,,,,,,,,,,,,,
,,,,,,,,,,,,,,
,,,,,,,,,,,,,,
,,,,,,,,,,,,,,
,,,,,,,,,,,,,,
,,,,,,,,,,,,,,
,,,,,,,,,,,,,,
,,,,,,,,,,,,,,
,,,,,,,,,,,,,,
,,,,,,,,,,,,,,
,,,,,,,,,,,,,,
,,,,,,,,,,,,,,
,,,,,,,,,,,,,,
,,,,,,,,,,,,,,
,,,,,,,,,,,,,,
,,,,,,,,,,,,,,
,,,,,,,,,,,,,,
,,,,,,,,,,,,,,
,,,,,,,,,,,,,,
,,,,,,,,,,,,,,
,,,,,,,,,,,,,,
,,,,,,,,,,,,,,
,,,,,,,,,,,,,,
,,,,,,,,,,,,,,
,,,,,,,,,,,,,,
,,,,,,,,,,,,,,
,,,,,,,,,,,,,,
,,,,,,,,,,,,,,
,,,,,,,,,,,,,,
,,,,,,,,,,,,,,
,,,,,,,,,,,,,,
,,,,,,,,,,,,,,
,,,,,,,,,,,,,,
,,,,,,,,,,,,,,
,,,,,,,,,,,,,,
,,,,,,,,,,,,,,
,,,,,,,,,,,,,,
,,,,,,,,,,,,,,
,,,,,,,,,,,,,,
,,,,,,,,,,,,,,
,,,,,,,,,,,,,,
,,,,,,,,,,,,,,
,,,,,,,,,,,,,,
,,,,,,,,,,,,,,
,,,,,,,,,,,,,,
,,,,,,,,,,,,,,
,,,,,,,,,,,,,,
,,,,,,,,,,,,,,
,,,,,,,,,,,,,,
,,,,,,,,,,,,,,
,,,,,,,,,,,,,,
,,,,,,,,,,,,,,
,,,,,,,,,,,,,,
,,,,,,,,,,,,,,
,,,,,,,,,,,,,,
,,,,,,,,,,,,,,
,,,,,,,,,,,,,,
,,,,,,,,,,,,,,
,,,,,,,,,,,,,,
,,,,,,,,,,,,,,
,,,,,,,,,,,,,,
,,,,,,,,,,,,,,
,,,,,,,,,,,,,,
,,,,,,,,,,,,,,
,,,,,,,,,,,,,,
,,,,,,,,,,,,,,
,,,,,,,,,,,,,,
,,,,,,,,,,,,,,
,,,,,,,,,,,,,,
,,,,,,,,,,,,,,
,,,,,,,,,,,,,,
,,,,,,,,,,,,,,
,,,,,,,,,,,,,,
,,,,,,,,,,,,,,
,,,,,,,,,,,,,,
,,,,,,,,,,,,,,
,,,,,,,,,,,,,,
,,,,,,,,,,,,,,
,,,,,,,,,,,,,,
,,,,,,,,,,,,,,
,,,,,,,,,,,,,,
,,,,,,,,,,,,,,
,,,,,,,,,,,,,,
,,,,,,,,,,,,,,
,,,,,,,,,,,,,,
,,,,,,,,,,,,,,
,,,,,,,,,,,,,,
,,,,,,,,,,,,,,
,,,,,,,,,,,,,,
,,,,,,,,,,,,,,
,,,,,,,,,,,,,,
,,,,,,,,,,,,,,
,,,,,,,,,,,,,,
,,,,,,,,,,,,,,
,,,,,,,,,,,,,,
,,,,,,,,,,,,,,
,,,,,,,,,,,,,,
,,,,,,,,,,,,,,
,,,,,,,,,,,,,,
,,,,,,,,,,,,,,
,,,,,,,,,,,,,,
,,,,,,,,,,,,,,
,,,,,,,,,,,,,,
,,,,,,,,,,,,,,
,,,,,,,,,,,,,,
,,,,,,,,,,,,,,
,,,,,,,,,,,,,,
,,,,,,,,,,,,,,
,,,,,,,,,,,,,,
,,,,,,,,,,,,,,
,,,,,,,,,,,,,,
,,,,,,,,,,,,,,
,,,,,,,,,,,,,,
,,,,,,,,,,,,,,
,,,,,,,,,,,,,,
,,,,,,,,,,,,,,
,,,,,,,,,,,,,,
,,,,,,,,,,,,,,
,,,,,,,,,,,,,,
,,,,,,,,,,,,,,
,,,,,,,,,,,,,,
,,,,,,,,,,,,,,
,,,,,,,,,,,,,,
,,,,,,,,,,,,,,
,,,,,,,,,,,,,,
,,,,,,,,,,,,,,
,,,,,,,,,,,,,,
,,,,,,,,,,,,,,
,,,,,,,,,,,,,,
,,,,,,,,,,,,,,
,,,,,,,,,,,,,,
,,,,,,,,,,,,,,
,,,,,,,,,,,,,,
,,,,,,,,,,,,,,
,,,,,,,,,,,,,,
,,,,,,,,,,,,,,
,,,,,,,,,,,,,,
,,,,,,,,,,,,,,
,,,,,,,,,,,,,,
,,,,,,,,,,,,,,
,,,,,,,,,,,,,,
,,,,,,,,,,,,,,
,,,,,,,,,,,,,,
,,,,,,,,,,,,,,
,,,,,,,,,,,,,,
,,,,,,,,,,,,,,
,,,,,,,,,,,,,,
,,,,,,,,,,,,,,
,,,,,,,,,,,,,,
,,,,,,,,,,,,,,
,,,,,,,,,,,,,,
,,,,,,,,,,,,,,
,,,,,,,,,,,,,,
,,,,,,,,,,,,,,
,,,,,,,,,,,,,,
,,,,,,,,,,,,,,
,,,,,,,,,,,,,,
,,,,,,,,,,,,,,
,,,,,,,,,,,,,,
,,,,,,,,,,,,,,
,,,,,,,,,,,,,,
,,,,,,,,,,,,,,
,,,,,,,,,,,,,,
,,,,,,,,,,,,,,
,,,,,,,,,,,,,,
,,,,,,,,,,,,,,
,,,,,,,,,,,,,,
,,,,,,,,,,,,,,
,,,,,,,,,,,,,,
,,,,,,,,,,,,,,
,,,,,,,,,,,,,,
,,,,,,,,,,,,,,
,,,,,,,,,,,,,,
,,,,,,,,,,,,,,
,,,,,,,,,,,,,,
,,,,,,,,,,,,,,
,,,,,,,,,,,,,,
,,,,,,,,,,,,,,
,,,,,,,,,,,,,,
,,,,,,,,,,,,,,
,,,,,,,,,,,,,,
,,,,,,,,,,,,,,
,,,,,,,,,,,,,,
,,,,,,,,,,,,,,
,,,,,,,,,,,,,,
,,,,,,,,,,,,,,
,,,,,,,,,,,,,,
,,,,,,,,,,,,,,
,,,,,,,,,,,,,,
,,,,,,,,,,,,,,
,,,,,,,,,,,,,,
,,,,,,,,,,,,,,
,,,,,,,,,,,,,,
,,,,,,,,,,,,,,
,,,,,,,,,,,,,,
,,,,,,,,,,,,,,
,,,,,,,,,,,,,,
,,,,,,,,,,,,,,
,,,,,,,,,,,,,,
,,,,,,,,,,,,,,
,,,,,,,,,,,,,,
,,,,,,,,,,,,,,
,,,,,,,,,,,,,,
,,,,,,,,,,,,,,
,,,,,,,,,,,,,,
,,,,,,,,,,,,,,
,,,,,,,,,,,,,,
,,,,,,,,,,,,,,
,,,,,,,,,,,,,,
,,,,,,,,,,,,,,
,,,,,,,,,,,,,,
,,,,,,,,,,,,,,
,,,,,,,,,,,,,,
,,,,,,,,,,,,,,
,,,,,,,,,,,,,,
,,,,,,,,,,,,,,
,,,,,,,,,,,,,,
,,,,,,,,,,,,,,
,,,,,,,,,,,,,,
,,,,,,,,,,,,,,
,,,,,,,,,,,,,,
,,,,,,,,,,,,,,
,,,,,,,,,,,,,,
,,,,,,,,,,,,,,
,,,,,,,,,,,,,,
,,,,,,,,,,,,,,
,,,,,,,,,,,,,,
,,,,,,,,,,,,,,
,,,,,,,,,,,,,,
,,,,,,,,,,,,,,
,,,,,,,,,,,,,,
,,,,,,,,,,,,,,
,,,,,,,,,,,,,,
,,,,,,,,,,,,,,
,,,,,,,,,,,,,,
,,,,,,,,,,,,,,
,,,,,,,,,,,,,,
,,,,,,,,,,,,,,
,,,,,,,,,,,,,,
,,,,,,,,,,,,,,
,,,,,,,,,,,,,,
,,,,,,,,,,,,,,
,,,,,,,,,,,,,,
,,,,,,,,,,,,,,
,,,,,,,,,,,,,,
,,,,,,,,,,,,,,
,,,,,,,,,,,,,,
,,,,,,,,,,,,,,
,,,,,,,,,,,,,,
,,,,,,,,,,,,,,
,,,,,,,,,,,,,,
,,,,,,,,,,,,,,
,,,,,,,,,,,,,,
,,,,,,,,,,,,,,
,,,,,,,,,,,,,,
,,,,,,,,,,,,,,
,,,,,,,,,,,,,,
,,,,,,,,,,,,,,
,,,,,,,,,,,,,,
,,,,,,,,,,,,,,
,,,,,,,,,,,,,,
,,,,,,,,,,,,,,
,,,,,,,,,,,,,,
,,,,,,,,,,,,,,
,,,,,,,,,,,,,,
,,,,,,,,,,,,,,
,,,,,,,,,,,,,,
,,,,,,,,,,,,,,
,,,,,,,,,,,,,,
,,,,,,,,,,,,,,
,,,,,,,,,,,,,,
,,,,,,,,,,,,,,
,,,,,,,,,,,,,,
,,,,,,,,,,,,,,
,,,,,,,,,,,,,,
,,,,,,,,,,,,,,
,,,,,,,,,,,,,,
,,,,,,,,,,,,,,
,,,,,,,,,,,,,,
,,,,,,,,,,,,,,
,,,,,,,,,,,,,,
,,,,,,,,,,,,,,
,,,,,,,,,,,,,,
,,,,,,,,,,,,,,
,,,,,,,,,,,,,,
,,,,,,,,,,,,,,
,,,,,,,,,,,,,,
,,,,,,,,,,,,,,
,,,,,,,,,,,,,,
,,,,,,,,,,,,,,
,,,,,,,,,,,,,,
,,,,,,,,,,,,,,
,,,,,,,,,,,,,,
,,,,,,,,,,,,,,
,,,,,,,,,,,,,,
,,,,,,,,,,,,,,
,,,,,,,,,,,,,,
,,,,,,,,,,,,,,
,,,,,,,,,,,,,,
,,,,,,,,,,,,,,
,,,,,,,,,,,,,,
,,,,,,,,,,,,,,
,,,,,,,,,,,,,,
,,,,,,,,,,,,,,
,,,,,,,,,,,,,,
,,,,,,,,,,,,,,
,,,,,,,,,,,,,,
,,,,,,,,,,,,,,
,,,,,,,,,,,,,,
,,,,,,,,,,,,,,
,,,,,,,,,,,,,,
,,,,,,,,,,,,,,
,,,,,,,,,,,,,,
,,,,,,,,,,,,,,
,,,,,,,,,,,,,,
,,,,,,,,,,,,,,
,,,,,,,,,,,,,,
,,,,,,,,,,,,,,
,,,,,,,,,,,,,,
,,,,,,,,,,,,,,
,,,,,,,,,,,,,,
,,,,,,,,,,,,,,
,,,,,,,,,,,,,,
,,,,,,,,,,,,,,
,,,,,,,,,,,,,,
,,,,,,,,,,,,,,
,,,,,,,,,,,,,,
,,,,,,,,,,,,,,
,,,,,,,,,,,,,,
,,,,,,,,,,,,,,
,,,,,,,,,,,,,,
,,,,,,,,,,,,,,
,,,,,,,,,,,,,,
,,,,,,,,,,,,,,
,,,,,,,,,,,,,,
,,,,,,,,,,,,,,
,,,,,,,,,,,,,,
,,,,,,,,,,,,,,
,,,,,,,,,,,,,,
,,,,,,,,,,,,,,
,,,,,,,,,,,,,,
,,,,,,,,,,,,,,
,,,,,,,,,,,,,,
,,,,,,,,,,,,,,
,,,,,,,,,,,,,,
,,,,,,,,,,,,,,
,,,,,,,,,,,,,,
,,,,,,,,,,,,,,
,,,,,,,,,,,,,,
,,,,,,,,,,,,,,
,,,,,,,,,,,,,,
,,,,,,,,,,,,,,
,,,,,,,,,,,,,,
,,,,,,,,,,,,,,
,,,,,,,,,,,,,,
,,,,,,,,,,,,,,
,,,,,,,,,,,,,,
,,,,,,,,,,,,,,
,,,,,,,,,,,,,,
,,,,,,,,,,,,,,
,,,,,,,,,,,,,,
,,,,,,,,,,,,,,
,,,,,,,,,,,,,,
,,,,,,,,,,,,,,
,,,,,,,,,,,,,,
,,,,,,,,,,,,,,
,,,,,,,,,,,,,,
,,,,,,,,,,,,,,
,,,,,,,,,,,,,,
,,,,,,,,,,,,,,
,,,,,,,,,,,,,,
,,,,,,,,,,,,,,
,,,,,,,,,,,,,,
,,,,,,,,,,,,,,
,,,,,,,,,,,,,,
,,,,,,,,,,,,,,
,,,,,,,,,,,,,,
,,,,,,,,,,,,,,
,,,,,,,,,,,,,,
,,,,,,,,,,,,,,
,,,,,,,,,,,,,,
,,,,,,,,,,,,,,
,,,,,,,,,,,,,,
,,,,,,,,,,,,,,
,,,,,,,,,,,,,,
,,,,,,,,,,,,,,
,,,,,,,,,,,,,,
,,,,,,,,,,,,,,
,,,,,,,,,,,,,,
,,,,,,,,,,,,,,
,,,,,,,,,,,,,,
,,,,,,,,,,,,,,
,,,,,,,,,,,,,,
,,,,,,,,,,,,,,
,,,,,,,,,,,,,,
,,,,,,,,,,,,,,
,,,,,,,,,,,,,,
,,,,,,,,,,,,,,
,,,,,,,,,,,,,,
,,,,,,,,,,,,,,
,,,,,,,,,,,,,,
,,,,,,,,,,,,,,
,,,,,,,,,,,,,,
,,,,,,,,,,,,,,
,,,,,,,,,,,,,,
,,,,,,,,,,,,,,
,,,,,,,,,,,,,,
,,,,,,,,,,,,,,
,,,,,,,,,,,,,,
,,,,,,,,,,,,,,
,,,,,,,,,,,,,,
,,,,,,,,,,,,,,
,,,,,,,,,,,,,,
,,,,,,,,,,,,,,
,,,,,,,,,,,,,,
,,,,,,,,,,,,,,
,,,,,,,,,,,,,,
,,,,,,,,,,,,,,
,,,,,,,,,,,,,,
,,,,,,,,,,,,,,
,,,,,,,,,,,,,,
,,,,,,,,,,,,,,
,,,,,,,,,,,,,,
,,,,,,,,,,,,,,
,,,,,,,,,,,,,,
,,,,,,,,,,,,,,
,,,,,,,,,,,,,,
,,,,,,,,,,,,,,
,,,,,,,,,,,,,,
,,,,,,,,,,,,,,
,,,,,,,,,,,,,,
,,,,,,,,,,,,,,
,,,,,,,,,,,,,,
,,,,,,,,,,,,,,
,,,,,,,,,,,,,,
,,,,,,,,,,,,,,
,,,,,,,,,,,,,,
,,,,,,,,,,,,,,
,,,,,,,,,,,,,,
,,,,,,,,,,,,,,
,,,,,,,,,,,,,,
,,,,,,,,,,,,,,
,,,,,,,,,,,,,,
,,,,,,,,,,,,,,
,,,,,,,,,,,,,,
,,,,,,,,,,,,,,
,,,,,,,,,,,,,,
,,,,,,,,,,,,,,
,,,,,,,,,,,,,,
,,,,,,,,,,,,,,
,,,,,,,,,,,,,,
,,,,,,,,,,,,,,
,,,,,,,,,,,,,,
,,,,,,,,,,,,,,
,,,,,,,,,,,,,,
,,,,,,,,,,,,,,
,,,,,,,,,,,,,,
,,,,,,,,,,,,,,
,,,,,,,,,,,,,,
,,,,,,,,,,,,,,
,,,,,,,,,,,,,,
,,,,,,,,,,,,,,
,,,,,,,,,,,,,,
,,,,,,,,,,,,,,
,,,,,,,,,,,,,,
,,,,,,,,,,,,,,
,,,,,,,,,,,,,,
,,,,,,,,,,,,,,
,,,,,,,,,,,,,,
,,,,,,,,,,,,,,
,,,,,,,,,,,,,,
,,,,,,,,,,,,,,
,,,,,,,,,,,,,,
,,,,,,,,,,,,,,
,,,,,,,,,,,,,,
,,,,,,,,,,,,,,
,,,,,,,,,,,,,,
,,,,,,,,,,,,,,
,,,,,,,,,,,,,,
,,,,,,,,,,,,,,
,,,,,,,,,,,,,,
,,,,,,,,,,,,,,
,,,,,,,,,,,,,,
,,,,,,,,,,,,,,
,,,,,,,,,,,,,,
,,,,,,,,,,,,,,
,,,,,,,,,,,,,,
,,,,,,,,,,,,,,
,,,,,,,,,,,,,,
,,,,,,,,,,,,,,
,,,,,,,,,,,,,,
,,,,,,,,,,,,,,
,,,,,,,,,,,,,,
,,,,,,,,,,,,,,
,,,,,,,,,,,,,,
,,,,,,,,,,,,,,
,,,,,,,,,,,,,,
,,,,,,,,,,,,,,
,,,,,,,,,,,,,,
,,,,,,,,,,,,,,
,,,,,,,,,,,,,,
,,,,,,,,,,,,,,
,,,,,,,,,,,,,,
,,,,,,,,,,,,,,
,,,,,,,,,,,,,,
,,,,,,,,,,,,,,
,,,,,,,,,,,,,,
,,,,,,,,,,,,,,
,,,,,,,,,,,,,,
,,,,,,,,,,,,,,
,,,,,,,,,,,,,,
,,,,,,,,,,,,,,
,,,,,,,,,,,,,,
,,,,,,,,,,,,,,
,,,,,,,,,,,,,,
,,,,,,,,,,,,,,
,,,,,,,,,,,,,,
,,,,,,,,,,,,,,
,,,,,,,,,,,,,,
,,,,,,,,,,,,,,
,,,,,,,,,,,,,,
,,,,,,,,,,,,,,
,,,,,,,,,,,,,,
,,,,,,,,,,,,,,
,,,,,,,,,,,,,,
,,,,,,,,,,,,,,
,,,,,,,,,,,,,,
,,,,,,,,,,,,,,
,,,,,,,,,,,,,,
,,,,,,,,,,,,,,
,,,,,,,,,,,,,,
,,,,,,,,,,,,,,
,,,,,,,,,,,,,,
,,,,,,,,,,,,,,
,,,,,,,,,,,,,,
,,,,,,,,,,,,,,
,,,,,,,,,,,,,,
,,,,,,,,,,,,,,
,,,,,,,,,,,,,,
,,,,,,,,,,,,,,
,,,,,,,,,,,,,,
,,,,,,,,,,,,,,
,,,,,,,,,,,,,,
,,,,,,,,,,,,,,
,,,,,,,,,,,,,,
,,,,,,,,,,,,,,
,,,,,,,,,,,,,,
,,,,,,,,,,,,,,
,,,,,,,,,,,,,,
,,,,,,,,,,,,,,
,,,,,,,,,,,,,,
,,,,,,,,,,,,,,
,,,,,,,,,,,,,,
,,,,,,,,,,,,,,
,,,,,,,,,,,,,,
,,,,,,,,,,,,,,
,,,,,,,,,,,,,,
,,,,,,,,,,,,,,
,,,,,,,,,,,,,,
,,,,,,,,,,,,,,
,,,,,,,,,,,,,,
,,,,,,,,,,,,,,
,,,,,,,,,,,,,,
,,,,,,,,,,,,,,
,,,,,,,,,,,,,,
,,,,,,,,,,,,,,
,,,,,,,,,,,,,,
,,,,,,,,,,,,,,
,,,,,,,,,,,,,,
,,,,,,,,,,,,,,
,,,,,,,,,,,,,,
,,,,,,,,,,,,,,
,,,,,,,,,,,,,,
,,,,,,,,,,,,,,
,,,,,,,,,,,,,,
,,,,,,,,,,,,,,
,,,,,,,,,,,,,,
,,,,,,,,,,,,,,
,,,,,,,,,,,,,,
,,,,,,,,,,,,,,
,,,,,,,,,,,,,,
,,,,,,,,,,,,,,
,,,,,,,,,,,,,,
,,,,,,,,,,,,,,
,,,,,,,,,,,,,,
,,,,,,,,,,,,,,
,,,,,,,,,,,,,,
,,,,,,,,,,,,,,
,,,,,,,,,,,,,,
,,,,,,,,,,,,,,
,,,,,,,,,,,,,,
,,,,,,,,,,,,,,
,,,,,,,,,,,,,,
,,,,,,,,,,,,,,
,,,,,,,,,,,,,,
,,,,,,,,,,,,,,
,,,,,,,,,,,,,,
,,,,,,,,,,,,,,
,,,,,,,,,,,,,,
,,,,,,,,,,,,,,
,,,,,,,,,,,,,,
,,,,,,,,,,,,,,
,,,,,,,,,,,,,,
,,,,,,,,,,,,,,
,,,,,,,,,,,,,,
,,,,,,,,,,,,,,
,,,,,,,,,,,,,,
,,,,,,,,,,,,,,
,,,,,,,,,,,,,,
,,,,,,,,,,,,,,
,,,,,,,,,,,,,,
,,,,,,,,,,,,,,
,,,,,,,,,,,,,,
,,,,,,,,,,,,,,
,,,,,,,,,,,,,,
,,,,,,,,,,,,,,
,,,,,,,,,,,,,,
,,,,,,,,,,,,,,
,,,,,,,,,,,,,,
,,,,,,,,,,,,,,
,,,,,,,,,,,,,,
,,,,,,,,,,,,,,
,,,,,,,,,,,,,,
,,,,,,,,,,,,,,
,,,,,,,,,,,,,,
,,,,,,,,,,,,,,
,,,,,,,,,,,,,,
,,,,,,,,,,,,,,
,,,,,,,,,,,,,,
,,,,,,,,,,,,,,
,,,,,,,,,,,,,,
,,,,,,,,,,,,,,
,,,,,,,,,,,,,,
,,,,,,,,,,,,,,
,,,,,,,,,,,,,,
,,,,,,,,,,,,,,
,,,,,,,,,,,,,,
,,,,,,,,,,,,,,
,,,,,,,,,,,,,,
,,,,,,,,,,,,,,
,,,,,,,,,,,,,,
,,,,,,,,,,,,,,
,,,,,,,,,,,,,,
,,,,,,,,,,,,,,
,,,,,,,,,,,,,,
,,,,,,,,,,,,,,
,,,,,,,,,,,,,,
,,,,,,,,,,,,,,
,,,,,,,,,,,,,,
,,,,,,,,,,,,,,
,,,,,,,,,,,,,,
,,,,,,,,,,,,,,
,,,,,,,,,,,,,,
,,,,,,,,,,,,,,
,,,,,,,,,,,,,,
,,,,,,,,,,,,,,
,,,,,,,,,,,,,,
,,,,,,,,,,,,,,
,,,,,,,,,,,,,,
,,,,,,,,,,,,,,
,,,,,,,,,,,,,,
,,,,,,,,,,,,,,
,,,,,,,,,,,,,,
,,,,,,,,,,,,,,
,,,,,,,,,,,,,,
,,,,,,,,,,,,,,
,,,,,,,,,,,,,,
,,,,,,,,,,,,,,
,,,,,,,,,,,,,,
,,,,,,,,,,,,,,
,,,,,,,,,,,,,,
,,,,,,,,,,,,,,
,,,,,,,,,,,,,,
,,,,,,,,,,,,,,
,,,,,,,,,,,,,,
,,,,,,,,,,,,,,
,,,,,,,,,,,,,,
,,,,,,,,,,,,,,
,,,,,,,,,,,,,,
,,,,,,,,,,,,,,
,,,,,,,,,,,,,,
,,,,,,,,,,,,,,
,,,,,,,,,,,,,,
,,,,,,,,,,,,,,
,,,,,,,,,,,,,,
,,,,,,,,,,,,,,
,,,,,,,,,,,,,,
,,,,,,,,,,,,,,
,,,,,,,,,,,,,,
,,,,,,,,,,,,,,
,,,,,,,,,,,,,,
,,,,,,,,,,,,,,
,,,,,,,,,,,,,,
,,,,,,,,,,,,,,
,,,,,,,,,,,,,,
,,,,,,,,,,,,,,
,,,,,,,,,,,,,,
,,,,,,,,,,,,,,
,,,,,,,,,,,,,,
,,,,,,,,,,,,,,
,,,,,,,,,,,,,,
,,,,,,,,,,,,,,
,,,,,,,,,,,,,,
,,,,,,,,,,,,,,
,,,,,,,,,,,,,,
,,,,,,,,,,,,,,
,,,,,,,,,,,,,,
,,,,,,,,,,,,,,
,,,,,,,,,,,,,,
,,,,,,,,,,,,,,
,,,,,,,,,,,,,,
,,,,,,,,,,,,,,
,,,,,,,,,,,,,,
,,,,,,,,,,,,,,
,,,,,,,,,,,,,,
,,,,,,,,,,,,,,
,,,,,,,,,,,,,,
,,,,,,,,,,,,,,
,,,,,,,,,,,,,,
,,,,,,,,,,,,,,
,,,,,,,,,,,,,,
,,,,,,,,,,,,,,
,,,,,,,,,,,,,,
,,,,,,,,,,,,,,
,,,,,,,,,,,,,,
,,,,,,,,,,,,,,
,,,,,,,,,,,,,,
,,,,,,,,,,,,,,
,,,,,,,,,,,,,,
,,,,,,,,,,,,,,
,,,,,,,,,,,,,,
,,,,,,,,,,,,,,
,,,,,,,,,,,,,,
,,,,,,,,,,,,,,
,,,,,,,,,,,,,,
,,,,,,,,,,,,,,
,,,,,,,,,,,,,,
,,,,,,,,,,,,,,
,,,,,,,,,,,,,,
,,,,,,,,,,,,,,
,,,,,,,,,,,,,,
,,,,,,,,,,,,,,
,,,,,,,,,,,,,,
,,,,,,,,,,,,,,
,,,,,,,,,,,,,,
,,,,,,,,,,,,,,
,,,,,,,,,,,,,,
,,,,,,,,,,,,,,
,,,,,,,,,,,,,,
,,,,,,,,,,,,,,
,,,,,,,,,,,,,,
,,,,,,,,,,,,,,
,,,,,,,,,,,,,,
,,,,,,,,,,,,,,
,,,,,,,,,,,,,,
,,,,,,,,,,,,,,
,,,,,,,,,,,,,,
,,,,,,,,,,,,,,
,,,,,,,,,,,,,,
,,,,,,,,,,,,,,
,,,,,,,,,,,,,,
,,,,,,,,,,,,,,
,,,,,,,,,,,,,,
,,,,,,,,,,,,,,
,,,,,,,,,,,,,,
,,,,,,,,,,,,,,
,,,,,,,,,,,,,,
,,,,,,,,,,,,,,
,,,,,,,,,,,,,,
