,사업장명,카페이름,별점,방문자리뷰수,블로그리뷰수,주소,영업시간,전화번호,연결사이트,설명,메뉴,키워드
2349,대봉1동 매스커피 대봉점,매스커피 대봉점,초기값,35,1,대구 중구 동덕로 66-1,"08:00 - 20:00
19:30 라스트오더",053-422-2275,NO INFO,NO INFO,공사중,"{'가성비가 좋아요': '18', '커피가 맛있어요': '15', '친절해요': '13', '음료가 맛있어요': '10', '매장이 청결해요': '8', '특별한 메뉴가 있어요': '5', '디저트가 맛있어요': '4', '인테리어가 멋져요': '4', '집중하기 좋아요': '3', '대화하기 좋아요': '2', '뷰가 좋아요': '2'}"
2350,대봉1동 샤인오브유,샤인오브유,초기값,61,135,대구 중구 동덕로 84-3 1층,NO INFO,0507-1303-3976,https://www.instagram.com/shine.of.you/,"대봉동에 위치한 다양한 브라우니를 중점으로 판매하는 카페입니다. 포장 예약 주문 가능합니다.
가게가 많이 협소합니다.
최대 4인까지 운영되나, 테이블이 한정적입니다.
대화는 차분히 부탁드려요.",공사중,"{'디저트가 맛있어요': '46', '커피가 맛있어요': '31', '특별한 메뉴가 있어요': '13', '인테리어가 멋져요': '11', '음료가 맛있어요': '10', '친절해요': '9', '매장이 청결해요': '8', '사진이 잘 나와요': '6', '대화하기 좋아요': '5', '가성비가 좋아요': '3', '화장실이 깨끗해요': '3'}"
2351,대봉2동 벽돌집,벽돌집,초기값,640,542,"대구 중구 동덕로14길 13 1, 2층","11:00 - 22:00
21:30 라스트오더",0507-1442-2684,http://instagram.com/byeokdollzip,NO INFO,공사중,"{'인테리어가 멋져요': '147', '디저트가 맛있어요': '136', '커피가 맛있어요': '118', '음료가 맛있어요': '79', '매장이 청결해요': '75', '대화하기 좋아요': '72', '사진이 잘 나와요': '62', '친절해요': '58', '좌석이 편해요': '46', '뷰가 좋아요': '33', '특별한 메뉴가 있어요': '28', '화장실이 깨끗해요': '24', '주차하기 편해요': '21', '집중하기 좋아요': '20'}"
2352,대봉2동 미드웨이,미드웨이,4.61,727,504,대구 중구 동덕로14길 21 미드웨이,"09:50 - 22:00
21:30 라스트오더",0507-1311-1421,http://instagram.com/midwaycoffee_official,"반갑습니다, 미드웨이입니다. 김광석다시그리기 길 인근에 위치한 한옥카페인 미드웨이는 2018 년부터 시작되었습니다. 우리는 스페셜티 ...",공사중,"{'커피가 맛있어요': '229', '디저트가 맛있어요': '194', '친절해요': '186', '인테리어가 멋져요': '183', '음료가 맛있어요': '130', '사진이 잘 나와요': '117', '대화하기 좋아요': '111', '매장이 청결해요': '94', '특별한 메뉴가 있어요': '60', '야외 공간이 멋져요': '55', '뷰가 좋아요': '43', '가성비가 좋아요': '29', '좌석이 편해요': '25', '음악이 좋아요': '25', '화장실이 깨끗해요': '21', '집중하기 좋아요': '9', '재료가 신선해요': '8', '포장이 깔끔해요': '5', '아늑해요': '4', '차분한 분위기에요': '1', '빵이 맛있어요': '1', '반려동물과 가기 좋아요': '1'}"
2353,대봉1동 몬다코,몬다코,4.43,192,55,대구 중구 동덕로14길 53,NO INFO,0507-1379-5679,http://www.instagram.com/mondacocafe,"김광석거리에 들렀다면 꼭 한번 방문해야하는 쇼핑&디저트 카페 몬다코

1층 여성의류/소품샵/카페(10석)
2층 카페(40석)
3층 잔디밭이 있는 예쁜 루프탑(40석)
의류/악세사리/신발/가방 등 다양하고 예쁜 쇼핑품목
합리적인 가격의 맛있는 커피&디저트

곳곳 마련된 포토존에서 인생샷을 건져드립니다.

->각종 행사&모임 2층(40석)3층(40석)예약 가능합니다.",공사중,"{'커피가 맛있어요': '31', '음료가 맛있어요': '18', '디저트가 맛있어요': '17', '인테리어가 멋져요': '17', '친절해요': '17', '대화하기 좋아요': '15', '매장이 청결해요': '14', '좌석이 편해요': '13', '화장실이 깨끗해요': '11', '사진이 잘 나와요': '10', '매장이 넓어요': '5', '야외 공간이 멋져요': '3', '특별한 메뉴가 있어요': '2', '뷰가 좋아요': '1'}"
2354,대봉1동 바람불어오는곳,바람이불어오는곳,4.33,532,207,대구 중구 동덕로14길 58-2,11:00 - 22:00,053-252-5755,http://instagram.com/cafe_windyplace,NO INFO,공사중,"{'디저트가 맛있어요': '157', '커피가 맛있어요': '144', '인테리어가 멋져요': '84', '친절해요': '72', '음료가 맛있어요': '70', '뷰가 좋아요': '45', '대화하기 좋아요': '43', '매장이 청결해요': '39', '특별한 메뉴가 있어요': '36', '좌석이 편해요': '27', '사진이 잘 나와요': '23', '가성비가 좋아요': '12', '화장실이 깨끗해요': '8', '집중하기 좋아요': '5', '주차하기 편해요': '3'}"
2355,수성4가동 수평적관계,수평적관계,초기값,154,211,대구 중구 동덕로26길 115 (구.청맥한정식),"10:30 - 22:00
21:30 라스트오더",053-218-4602,http://flatrelationship.kr,"우리는 커피와 소통이라는 매개체로
서로의 장벽은 낮아지고 취향의 폭은 넓어지는
수평적인 관계를 지향합니다

Flat Relationship
roasting work",공사중,"{'커피가 맛있어요': '95', '친절해요': '46', '인테리어가 멋져요': '40', '대화하기 좋아요': '34', '매장이 청결해요': '31', '디저트가 맛있어요': '26', '특별한 메뉴가 있어요': '26', '음료가 맛있어요': '25', '사진이 잘 나와요': '17', '화장실이 깨끗해요': '13', '뷰가 좋아요': '10', '좌석이 편해요': '5', '집중하기 좋아요': '5', '가성비가 좋아요': '3'}"
2356,삼덕동 빽다방 대구경대병원점,빽다방 대구경대병원점,4.52,1079,21,대구 중구 동덕로26길 18,07:30 - 22:00,0507-1439-8384,NO INFO,안녕하세요. 빽다방 대구경대병원점 입니다. 찾아주셔서 감사합니다.,공사중,"{'커피가 맛있어요': '274', '가성비가 좋아요': '260', '음료가 맛있어요': '192', '친절해요': '176', '매장이 청결해요': '94', '좌석이 편해요': '52', '디저트가 맛있어요': '50', '대화하기 좋아요': '44', '특별한 메뉴가 있어요': '35', '집중하기 좋아요': '24', '인테리어가 멋져요': '22', '화장실이 깨끗해요': '20', '뷰가 좋아요': '9', '주차하기 편해요': '7', '사진이 잘 나와요': '6', '음악이 좋아요': '1', '오래 머무르기 좋아요': '1'}"
2357,삼덕동 피컵요거트,피컵요거트,4.73,181,163,대구 중구 동덕로26길 63-2,11:00 - 20:00,0507-1413-4458,http://instagram.com/picup_yogurt,재고 상황은 인스타로 확인 부탁드립니다!,공사중,"{'디저트가 맛있어요': '65', '특별한 메뉴가 있어요': '63', '친절해요': '43', '매장이 청결해요': '34', '인테리어가 멋져요': '20', '사진이 잘 나와요': '17', '가성비가 좋아요': '7', '커피가 맛있어요': '3', '주차하기 편해요': '3', '좌석이 편해요': '2', '음료가 맛있어요': '2', '대화하기 좋아요': '2', '뷰가 좋아요': '2', '화장실이 깨끗해요': '1'}"
2358,삼덕동 로망띠끄,로망띠끄,4.53,30,209,대구 중구 동덕로26길 80,11:00 - 19:00,053-424-9888,https://www.instagram.com/romantique_cafe,마카롱 및 디저트카페입니다 홀케이크는 2~3일 전에 미리 예약해주세요,공사중,"{'디저트가 맛있어요': '6', '친절해요': '3', '매장이 청결해요': '3', '화장실이 깨끗해요': '2', '좌석이 편해요': '1', '인테리어가 멋져요': '1', '주차하기 편해요': '1', '사진이 잘 나와요': '1', '특별한 메뉴가 있어요': '1', '집중하기 좋아요': '1'}"
2359,신천1동 검은구상,검은구상,4.87,147,109,대구 중구 동덕로30길 113-10,NO INFO,0507-1305-8169,http://instagram.com/blackgusang,NO INFO,공사중,"{'커피가 맛있어요': '53', '친절해요': '48', '디저트가 맛있어요': '27', '매장이 청결해요': '27', '사진이 잘 나와요': '24', '인테리어가 멋져요': '20', '음료가 맛있어요': '19', '특별한 메뉴가 있어요': '16', '대화하기 좋아요': '11', '화장실이 깨끗해요': '11', '집중하기 좋아요': '4', '가성비가 좋아요': '3', '뷰가 좋아요': '2', '음악이 좋아요': '1'}"
2360,신천1동 디르페,디르페,4.98,150,91,대구 중구 동덕로30길 139-4 1층,12:00 - 22:00,0507-1403-9097,https://www.instagram.com/atm_dirpe,"좋은공간, 늘 행복하세요.",공사중,"{'커피가 맛있어요': '81', '친절해요': '77', '인테리어가 멋져요': '56', '매장이 청결해요': '48', '음료가 맛있어요': '43', '사진이 잘 나와요': '35', '대화하기 좋아요': '30', '화장실이 깨끗해요': '24', '특별한 메뉴가 있어요': '23', '디저트가 맛있어요': '15', '좌석이 편해요': '10', '집중하기 좋아요': '10', '뷰가 좋아요': '7', '가성비가 좋아요': '4'}"
2361,수성4가동 하얀기억,하얀기억,초기값,39,75,대구 중구 동덕로30길 150,12:00 - 21:00,010-2017-4234,NO INFO,NO INFO,공사중,"{'커피가 맛있어요': '26', '디저트가 맛있어요': '19', '친절해요': '19', '인테리어가 멋져요': '12', '특별한 메뉴가 있어요': '10', '매장이 청결해요': '8', '가성비가 좋아요': '7', '사진이 잘 나와요': '6', '음료가 맛있어요': '4', '대화하기 좋아요': '4', '좌석이 편해요': '1'}"
2362,동인동 서로의달,서로의달,4.89,47,78,대구 중구 동덕로30길 35-4 초록색대문(대학당약국옆 골목),NO INFO,0507-1422-9948,https://www.instagram.com/seoloui_dal/,"도심 속의 작은 디저트집 서로의달 입니다
 다른 곳에서는 보지 못한 특별한 케이크와 음료들이 시즌별로 준비될 예정입니다.
따뜻하고 아늑 시간 보내고 가시 바랍니다
많은 방문 부탁드립니다

인스타 스케줄표를 꼭 확인 후 방문 부탁드립니다.
주차는 인근 공영 주차장을 이용
부탁드립니다.
상업적촬영,과도한촬영,소품이동X
- 매장 취식은 10세 이상",공사중,"{'디저트가 맛있어요': '23', '친절해요': '18', '음료가 맛있어요': '16', '인테리어가 멋져요': '15', '사진이 잘 나와요': '12', '뷰가 좋아요': '9', '특별한 메뉴가 있어요': '8', '커피가 맛있어요': '7', '매장이 청결해요': '4', '가성비가 좋아요': '2', '대화하기 좋아요': '2', '좌석이 편해요': '1', '야외 공간이 멋져요': '1'}"
2363,동인동 텐퍼센트커피 대구삼덕점,텐퍼센트커피 대구삼덕점,초기값,230,5,대구 중구 동덕로30길 63-1 1층,08:00 - 21:00,053-214-3396,http://www.tenpercentcoffee.com/,NO INFO,공사중,"{'커피가 맛있어요': '137', '음료가 맛있어요': '70', '가성비가 좋아요': '65', '친절해요': '56', '매장이 청결해요': '39', '특별한 메뉴가 있어요': '19', '디저트가 맛있어요': '12', '인테리어가 멋져요': '12', '대화하기 좋아요': '8', '좌석이 편해요': '3', '주차하기 편해요': '3', '사진이 잘 나와요': '3', '화장실이 깨끗해요': '3', '뷰가 좋아요': '2'}"
2364,동인동 해피슈르,해피슈르,4.83,110,95,대구 중구 동덕로36길 21,NO INFO,010-9222-0712,http://instagram.com/happyshurr,슈르르 소리가나는 디저트를 판매합니다. 해피슈르 푸딩을 네이버에서 좀 더 편리하게 만나보세요 shurrrrrrrrrrr,공사중,"{'디저트가 맛있어요': '24', '특별한 메뉴가 있어요': '14', '친절해요': '12', '인테리어가 멋져요': '9', '매장이 청결해요': '7', '커피가 맛있어요': '4', '사진이 잘 나와요': '4', '음료가 맛있어요': '3', '가성비가 좋아요': '3', '집중하기 좋아요': '1', '화장실이 깨끗해요': '1'}"
2365,동인동 카페자매집,카페자매집,4.72,110,98,대구 중구 동덕로36길 25 1층,11:30 - 22:00,053-253-3031,https://www.instagram.com/cafe_jamaejip,직접 만든 음료와 디저트를 판매합니다. 중구청 뒷골목에 있는 조용하고 따뜻한 카페입니다. 편 안히 들러주세요.,공사중,"{'커피가 맛있어요': '24', '디저트가 맛있어요': '22', '음료가 맛있어요': '19', '대화하기 좋아요': '18', '인테리어가 멋져요': '17', '친절해요': '15', '매장이 청결해요': '10', '특별한 메뉴가 있어요': '9', '집중하기 좋아요': '6', '사진이 잘 나와요': '4', '화장실이 깨끗해요': '4', '좌석이 편해요': '3', '가성비가 좋아요': '3', '주차하기 편해요': '1', '뷰가 좋아요': '1'}"
2366,동인동 박가네커피,박가네커피,4.67,51,초기값,대구 중구 동덕로36길 36,10:00 - 22:00,010-3497-1979,NO INFO,중구청 주차장 바로 옆에 자리한 동네 터줏대감 박가네커피입니다,공사중,"{'커피가 맛있어요': '17', '디저트가 맛있어요': '7', '음료가 맛있어요': '7', '친절해요': '7', '특별한 메뉴가 있어요': '6', '가성비가 좋아요': '2', '인테리어가 멋져요': '1', '매장이 청결해요': '1', '대화하기 좋아요': '1', '화장실이 깨끗해요': '1'}"
2367,동인동 동인정취,동인정취,4.54,125,180,대구 중구 동덕로36길 50-9,"11:00 - 23:50
23:20 라스트오더",0507-1371-2433,https://www.instagram.com/charming_dongin/,"아주 좁은 골목에 위치해 있는 한옥카페입니다.
바쁜 일상 속에서 조금이나마 여유를 가지셨으면 하는 바램으로 공간을 마련해 두었습니다. 여유롭게 쉬다가세요 :)",공사중,"{'친절해요': '26', '인테리어가 멋져요': '23', '커피가 맛있어요': '18', '대화하기 좋아요': '17', '음료가 맛있어요': '14', '디저트가 맛있어요': '12', '사진이 잘 나와요': '11', '매장이 청결해요': '7', '좌석이 편해요': '5', '특별한 메뉴가 있어요': '4', '뷰가 좋아요': '4', '가성비가 좋아요': '2', '집중하기 좋아요': '2', '주차하기 편해요': '1', '화장실이 깨끗해요': '1'}"
2368,동인동 홍오커피,홍오커피,초기값,24,3,대구 중구 동덕로36길 7 홍오커피,08:30 - 21:00,053-425-9385,https://www.instagram.com/hong_oh_1992/,홍오커피는 이렇습니다. ^^ 모두가 좋아하는 고 소한 커피 맛 유지하기 위해 매일 아침 TEST ^^ 매일매일 직접 제작하는 휘핑크림 ^^ 직접 ...,공사중,"{'커피가 맛있어요': '16', '친절해요': '12', '음료가 맛있어요': '11', '특별한 메뉴가 있어요': '6', '매장이 청결해요': '6', '가성비가 좋아요': '5', '디저트가 맛있어요': '4', '대화하기 좋아요': '4'}"
2369,동인동 카페퀸즈,카페퀸즈,4.63,122,초기값,대구 중구 동덕로40길 4,"10:30 - 22:00
21:30 라스트오더",0507-1357-5492,NO INFO,NO INFO,공사중,"{'친절해요': '35', '음료가 맛있어요': '31', '커피가 맛있어요': '28', '매장이 청결해요': '20', '인테리어가 멋져요': '18', '특별한 메뉴가 있어요': '12', '사진이 잘 나와요': '9', '대화하기 좋아요': '9', '디저트가 맛있어요': '8', '좌석이 편해요': '7', '뷰가 좋아요': '7', '가성비가 좋아요': '5', '주차하기 편해요': '4', '집중하기 좋아요': '3', '화장실이 깨끗해요': '3'}"
2370,수성1가동 프롬오지,프롬오지,4.79,163,198,대구 중구 동덕로6길 18-13 1층,NO INFO,0507-1368-9864,http://instagram.com/cafe_from.aussie,"호주워홀바리스타, 라떼아트클래스 모집중!!! 호 주식커피, 호주디저트를 판매합니다. 디저트와 커피는 시드니현지 경력을 바탕으로 저희...",공사중,"{'디저트가 맛있어요': '99', '커피가 맛있어요': '96', '친절해요': '84', '특별한 메뉴가 있어요': '73', '인테리어가 멋져요': '35', '음료가 맛있어요': '33', '매장이 청결해요': '24', '대화하기 좋아요': '22', '사진이 잘 나와요': '11', '가성비가 좋아요': '4', '집중하기 좋아요': '4', '뷰가 좋아요': '4', '좌석이 편해요': '2', '화장실이 깨끗해요': '1'}"
2371,대봉2동 선댄스팜,선댄스팜,초기값,466,512,대구 중구 동덕로8길 43,NO INFO,053-255-9625,http://www.instagram.com/sundancefarm,"커피와 티 그리고 디저트, 테라스가 있는 대봉동 카페 선댄스팜.",공사중,"{'커피가 맛있어요': '96', '인테리어가 멋져요': '63', '디저트가 맛있어요': '61', '대화하기 좋아요': '45'}"
2372,대봉1동 라우스터프 대봉,라우스터프 대봉,초기값,108,112,대구 중구 동덕로8길 8 1층 라우스터프 대봉,09:00 - 18:00,010-3202-0899,https://smartstore.naver.com/rawstuff01,라우스터프 대봉 입니다. 드립 커피와 베리에이 션 음료가 준비되어 있습니다. 원두 또는 티백박 스 구매 시 커피 1잔과 티백커피 1개가 무...,공사중,"{'커피가 맛있어요': '79', '친절해요': '49', '인테리어가 멋져요': '27', '매장이 청결해요': '27', '음료가 맛있어요': '19', '디저트가 맛있어요': '14', '특별한 메뉴가 있어요': '11', '대화하기 좋아요': '10', '사진이 잘 나와요': '9', '집중하기 좋아요': '8', '화장실이 깨끗해요': '8', '좌석이 편해요': '6', '주차하기 편해요': '6', '가성비가 좋아요': '6', '뷰가 좋아요': '2'}"
2373,성내1동 컴포즈커피 대구동성로점,컴포즈커피 동성로점(대구동성로1호점),4.4,233,초기값,대구 중구 동성로 34-1,09:00 - 22:00,053-255-5358,NO INFO,NO INFO,공사중,"{'커피가 맛있어요': '81', '가성비가 좋아요': '79', '음료가 맛있어요': '50', '친절해요': '41', '디저트가 맛있어요': '18', '특별한 메뉴가 있어요': '12', '대화하기 좋아요': '12', '매장이 청결해요': '7', '인테리어가 멋져요': '6', '집중하기 좋아요': '6', '좌석이 편해요': '4', '뷰가 좋아요': '4', '사진이 잘 나와요': '3', '화장실이 깨끗해요': '3', '주차하기 편해요': '1'}"
2374,성내1동 접속,접속,초기값,128,136,대구 중구 동성로 36-1 3층,10:00 - 17:00,010-5897-9870,NO INFO,"[ 중앙무대에서 1분 거리에 있습니다 ]
-
오래되어도 새로운 것 (new-old-fashioned)
+ 건담프라모델, 그리고 고전키티!

맛있는 음료와 디저트 드시러 오세요-!
・゜
그리고 찾아 주신 모든 분들 정말 감사합니다 :)",공사중,"{'인테리어가 멋져요': '73', '특별한 메뉴가 있어요': '63', '사진이 잘 나와요': '50', '친절해요': '41', '디저트가 맛있어요': '34', '음료가 맛있어요': '32', '대화하기 좋아요': '20', '매장이 청결해요': '18', '커피가 맛있어요': '16', '좌석이 편해요': '7', '화장실이 깨끗해요': '7', '뷰가 좋아요': '5', '가성비가 좋아요': '3', '집중하기 좋아요': '2'}"
2375,성내1동 소일,소일,4.88,257,248,대구 중구 동성로 36-3,08:00 - 23:00,0507-1407-9704,NO INFO,"빵과 커피를 생산하는 가오픈 중인 업장입니다.
Everything comes From the soil SOIL

진실과 소신에 기반하여 과장광고를 멀리하고 구매하시는 소비자와 우리를위해 열심히 일하기를 희망합니다.
감사합니다.",공사중,"{'인테리어가 멋져요': '127', '빵이 맛있어요': '122', '커피가 맛있어요': '88', '친절해요': '87', '음료가 맛있어요': '70', '집중하기 좋아요': '58', '대화하기 좋아요': '55', '매장이 청결해요': '49', '특별한 메뉴가 있어요': '34', '사진이 잘 나와요': '31', '좌석이 편해요': '21', '가성비가 좋아요': '15', '뷰가 좋아요': '15', '화장실이 깨끗해요': '10', '주차하기 편해요': '2', '컨셉이 독특해요': '1', '오래 머무르기 좋아요': '1'}"
2376,성내1동 디저트39 대구동성로점,디저트39 대구동성로점,초기값,630,60,대구 중구 동성로 37-1,"10:00 - 22:00
21:20 라스트오더",053-257-1939,NO INFO,NO INFO,공사중,"{'음료가 맛있어요': '215', '디저트가 맛있어요': '203', '인테리어가 멋져요': '140', '가성비가 좋아요': '136', '친절해요': '90', '매장이 청결해요': '89', '좌석이 편해요': '82', '특별한 메뉴가 있어요': '82', '커피가 맛있어요': '81', '사진이 잘 나와요': '72', '대화하기 좋아요': '70', '뷰가 좋아요': '52', '화장실이 깨끗해요': '32', '집중하기 좋아요': '16', '주차하기 편해요': '7', '매장이 넓어요': '4', '컨셉이 독특해요': '1', '오래 머무르기 좋아요': '1'}"
2377,성내1동 투썸플레이스 대구주얼리광장점,투썸플레이스 대구주얼리광장점,4.47,681,23,대구 중구 동성로 81-3,09:30 - 22:00,053-255-5454,NO INFO,영업시간 08:00 ~ 23:00,공사중,"{'커피가 맛있어요': '186', '음료가 맛있어요': '94', '친절해요': '94', '디저트가 맛있어요': '90', '좌석이 편해요': '71', '대화하기 좋아요': '67', '매장이 청결해요': '58', '집중하기 좋아요': '35', '인테리어가 멋져요': '27', '화장실이 깨끗해요': '25', '특별한 메뉴가 있어요': '22', '가성비가 좋아요': '21', '뷰가 좋아요': '15', '사진이 잘 나와요': '4', '주차하기 편해요': '2', '오래 머무르기 좋아요': '1'}"
2378,성내1동 문화장,문화장,4.43,100,405,대구 중구 동성로12길 51,13:00 - 21:00,0507-1442-0755,http://www.instagram.com/mounhowazhang,"대한민국 진짜갤러리카페 1호점(500점작품관람/300평 규모의 갤러리카페/100개눈꽃조명루프탑)
문화장의 5명 쟁이(각 분야 젊은 전문가를 일컫는 말)들이 만든 정기 크리에이티브창작모임 인 ‘꿈꾸는 거인두상회’는 광고기획자/디자이너/건축가/인테리어디자이너/안무가로 구성되 어있으며, 2006년부터 2015년까지 이어져 온 나름 전통 있는 모임이었습니다. 그리고 여기 서 5명의 쟁이들은 각 분야별 크리에이티브 시각과 한계점 또는 문제점 등 을 토론하는 자 리였습니다. 
 2015년 12월 거인두상회라는 정기모임에 모인 5명의 쟁이들이 여느 때와 같이
 분야별 대중과 소통하는 문화를 만드는게 참 힘들다는 것을 토로하고 있었습니다
 그때, 저희들은 각각의 분야에서 대중과 소통할 수 있는 크리에이티브플랫폼을 
 만들기란 쉽지 않다고 얘기를 나누다가 만약 우리 다섯명이 독수리오형제처럼
 각각의 분야별 문화에 대해 가지고 있는 힘을 모은다면, 대중과 소통할 수 있는
 크리에이티브문화플랫폼을 좀 더 쉽게 만들 수 있지 않을까?라는 결론에 모두 공감하게
 되었고, 그래서 5명의 쟁이들이 만든 대중소통문화플랫폼인 문화장을 시작하게 되었습니다
 글_문(광고기획자는 컨셉이라는 글을 쓰고)
 그림_화(디자이너는 디자인을 그리고)
 꾸밈_장(건축가/인테리어디자이너/안무가는 공간을 꾸미는)",공사중,"{'인테리어가 멋져요': '24', '디저트가 맛있어요': '12', '음료가 맛있어요': '12', '사진이 잘 나와요': '12', '커피가 맛있어요': '11', '특별한 메뉴가 있어요': '9', '친절해요': '7', '대화하기 좋아요': '6', '좌석이 편해요': '3', '매장이 청결해요': '2', '집중하기 좋아요': '2', '화장실이 깨끗해요': '2', '뷰가 좋아요': '2', '가성비가 좋아요': '1'}"
2379,성내1동 투썸플레이스 대구동성로광장점,투썸플레이스동성로광장점,4.52,950,43,대구 중구 동성로1길 16 2층 투썸플레이스,10:00 - 23:00,053-426-7008,NO INFO,NO INFO,공사중,"{'커피가 맛있어요': '192', '디저트가 맛있어요': '169', '음료가 맛있어요': '123', '친절해요': '117', '좌석이 편해요': '101', '대화하기 좋아요': '97', '매장이 청결해요': '67', '집중하기 좋아요': '57', '인테리어가 멋져요': '35', '특별한 메뉴가 있어요': '30', '가성비가 좋아요': '26', '화장실이 깨끗해요': '18', '뷰가 좋아요': '17', '사진이 잘 나와요': '12', '주차하기 편해요': '5', '매장이 넓어요': '1'}"
2380,성내1동 핸즈커피 동성로데오점,핸즈커피 동성로데오점,4.58,1062,186,대구 중구 동성로1길 40,09:30 - 24:00,0507-1317-9966,http://www.handscoffee.com,"안녕하세요 핸즈커피 동성로데오점입니다.
아시다시피 핸즈커피는 커피가 맛있습니다.
그리고 또한 와플도 유명하죠! 늘 신선하고 좋은 재료로 맛있는커피를 내려드리겠습니다!^^",공사중,"{'커피가 맛있어요': '243', '음료가 맛있어요': '143', '대화하기 좋아요': '128', '디저트가 맛있어요': '121', '친절해요': '112', '좌석이 편해요': '97', '매장이 청결해요': '73', '인테리어가 멋져요': '66', '집중하기 좋아요': '41', '뷰가 좋아요': '34', '특별한 메뉴가 있어요': '33', '화장실이 깨끗해요': '25', '가성비가 좋아요': '14', '사진이 잘 나와요': '11', '주차하기 편해요': '5', '아늑해요': '1', '오래 머무르기 좋아요': '1'}"
2381,삼덕동 웰크레페 동성로점,웰크레페 동성로점,초기값,148,79,대구 중구 동성로2길 18-9,12:00 - 21:00,053-245-9940,https://www.facebook.com/,NO INFO,공사중,"{'디저트가 맛있어요': '64', '친절해요': '39', '가성비가 좋아요': '34', '특별한 메뉴가 있어요': '23', '매장이 청결해요': '13', '음료가 맛있어요': '10', '커피가 맛있어요': '8', '대화하기 좋아요': '4', '좌석이 편해요': '1', '인테리어가 멋져요': '1'}"
2382,삼덕동 탐스커버리 동성로점,탐앤탐스 동성로점,4.38,333,22,"대구 중구 동성로2길 35 2,3,4층",12:00 - 22:00,053-253-4565,https://tomntoms.com/,"영업시간 [연중무휴]
평일(월~목)12시~22시 / 주말(금~일)12시~22시

주소: 대구광역시 중구 삼덕동 1가 7-1 2,3,4층

전화번호: 053-253-3565

주차장 X
흡연실 O",공사중,"{'커피가 맛있어요': '35', '대화하기 좋아요': '32', '음료가 맛있어요': '30', '친절해요': '27', '디저트가 맛있어요': '22', '좌석이 편해요': '21', '매장이 청결해요': '15', '집중하기 좋아요': '15', '인테리어가 멋져요': '10', '가성비가 좋아요': '9', '뷰가 좋아요': '8', '특별한 메뉴가 있어요': '6', '주차하기 편해요': '3', '화장실이 깨끗해요': '3', '차분한 분위기에요': '1', '아늑해요': '1', '사진이 잘 나와요': '1', '단체모임 하기 좋아요': '1'}"
2383,성내1동 랑데자뷰 대구동성로점,랑데자뷰 대구동성로점,4.62,781,686,대구 중구 동성로2길 50-9,NO INFO,0507-1332-5843,http://instagram.com/rendejavous_daegu,NO INFO,공사중,"{'인테리어가 멋져요': '258', '사진이 잘 나와요': '195', '디저트가 맛있어요': '177', '음료가 맛있어요': '172', '커피가 맛있어요': '164', '친절해요': '124', '매장이 청결해요': '94', '뷰가 좋아요': '93', '대화하기 좋아요': '84', '특별한 메뉴가 있어요': '79', '좌석이 편해요': '45', '가성비가 좋아요': '34', '화장실이 깨끗해요': '32', '집중하기 좋아요': '19', '주차하기 편해요': '7', '컨셉이 독특해요': '3', '매장이 넓어요': '3', '음악이 좋아요': '1', '야외 공간이 멋져요': '1', '단체모임 하기 좋아요': '1'}"
2384,성내1동 커피모렌,커피모렌,4.55,241,215,대구 중구 동성로2길 71,NO INFO,053-424-2468,NO INFO,"수제 더치 9종류와 아메리카노가 리필됩니다. 
수제 와플, 타르트,케익 , 커피전문점으로 다양한 핸드메이드 메뉴와
넓고 심플한 공간, 모던한 분위기, 그윽한 커피향과 함께하는 여유
동성로와 도심속 공원을 한 눈으로 내려다볼 수 있는 전망 좋은 카페입니다.
한방울 한방울 오랜시간 추출하고 숙성한 저카페인의 더치커피와 
오븐에서 갓구워 신선한 과일로 데코한 예쁜 타르트와케익들
매일 정성껏 반죽하여 딸기,바나나,오렌지,키위,블루베리등과 
상큼한 베리소스, 달콤한 쵸코소스 
그리고 하겐다즈 베리,쿠앤크,그린티,초코 아이스크림으로 토핑된 
아이스크림와플 & 콤비네이션와플을 맛보실수 있는 커피모렌",공사중,"{'커피가 맛있어요': '62', '친절해요': '60', '디저트가 맛있어요': '55', '음료가 맛있어요': '38', '대화하기 좋아요': '35', '좌석이 편해요': '18', '매장이 청결해요': '18', '특별한 메뉴가 있어요': '17', '인테리어가 멋져요': '11', '집중하기 좋아요': '11', '가성비가 좋아요': '10', '화장실이 깨끗해요': '10', '사진이 잘 나와요': '7', '뷰가 좋아요': '3'}"
2385,성내1동 파스쿠찌 대구동성로점,파스쿠찌 대구동성로점,4.41,777,61,"대구 중구 동성로2길 81 (동성로2가) 1, 2층",09:00 - 22:00,053-428-8497,http://www.instagram.com/pascucci_dongsungro/,파스쿠찌 대구동성로점입니다. 네이버 스마트주문에서 간편하게 주문하세요!,공사중,"{'커피가 맛있어요': '180', '좌석이 편해요': '103', '매장이 청결해요': '95', '음료가 맛있어요': '90', '집중하기 좋아요': '87', '친절해요': '83', '디저트가 맛있어요': '81', '대화하기 좋아요': '81', '뷰가 좋아요': '43', '인테리어가 멋져요': '39', '화장실이 깨끗해요': '35', '가성비가 좋아요': '12', '특별한 메뉴가 있어요': '10', '사진이 잘 나와요': '8', '주차하기 편해요': '6'}"
2386,성내1동 커피빈 대구228공원앞점,커피빈 대구228공원앞점,4.67,1738,84,대구 중구 동성로3길 106,08:30 - 22:00,053-421-7436,http://www.coffeebeankorea.com/,안녕하세요. 커피빈코리아 입니다. 많은 이용 부탁드립니다.,공사중,"{'커피가 맛있어요': '420', '좌석이 편해요': '224', '매장이 청결해요': '206', '음료가 맛있어요': '203', '친절해요': '201', '대화하기 좋아요': '182', '집중하기 좋아요': '127', '인테리어가 멋져요': '126', '디저트가 맛있어요': '112', '특별한 메뉴가 있어요': '57', '화장실이 깨끗해요': '44', '뷰가 좋아요': '42', '가성비가 좋아요': '37', '사진이 잘 나와요': '17', '주차하기 편해요': '9', '매장이 넓어요': '3', '아늑해요': '2', '차분한 분위기에요': '1', '오래 머무르기 좋아요': '1', '종류가 다양해요': '1'}"
2387,성내1동 도리안그레이,도리안그레이,4.26,124,89,대구 중구 동성로3길 15 2층,13:30 - 23:00,010-5660-0117,https://www.instagram.com/doriangray_coffee/,NO INFO,공사중,"{'커피가 맛있어요': '23', '음료가 맛있어요': '14', '디저트가 맛있어요': '12', '인테리어가 멋져요': '10', '사진이 잘 나와요': '10', '대화하기 좋아요': '10', '매장이 청결해요': '8', '친절해요': '6', '특별한 메뉴가 있어요': '6', '뷰가 좋아요': '4', '좌석이 편해요': '3', '집중하기 좋아요': '3', '가성비가 좋아요': '2', '차분한 분위기에요': '1', '화장실이 깨끗해요': '1'}"
2388,삼덕동 카페달달 동성로본점,카페달달 동성로본점,4.56,882,204,대구 중구 동성로3길 20 디스퀘어 1층,NO INFO,0507-1335-5311,https://www.instagram.com/cafe_daldal_daegu_official,"최고급 재료만을 사용하는 케이크&디저트전문점 '카페달달' 입니다.
특별한 날, 특별한 추억을 주문하시는 케이크에 담아드립니다.

당일케이크, 주문제작케이크, 마카롱, 디저트, 답례품, 단체주문 가능합니다 -*

케이크는 100%동물성생크림과 크림치즈를 이용하여 고급진 맛을 느끼실수 있습니다 !",공사중,"{'디저트가 맛있어요': '477', '친절해요': '402', '인테리어가 멋져요': '263', '매장이 청결해요': '224', '특별한 메뉴가 있어요': '217', '가성비가 좋아요': '130', '사진이 잘 나와요': '120', '음료가 맛있어요': '116', '커피가 맛있어요': '95', '대화하기 좋아요': '64', '좌석이 편해요': '38', '뷰가 좋아요': '36', '주차하기 편해요': '29', '집중하기 좋아요': '28', '화장실이 깨끗해요': '15', '매장이 넓어요': '7', '빵이 맛있어요': '6', '주문제작을 잘해줘요': '5', '선물하기 좋아요': '5', '포장이 깔끔해요': '4', '종류가 다양해요': '4', '차분한 분위기에요': '3', '메뉴 구성이 알차요': '3', '음악이 좋아요': '3', '아늑해요': '2', '컨셉이 독특해요': '1', '음식이 빨리 나와요': '1', '음식이 맛있어요': '1', '파티하기 좋아요': '1', '특별한 날 가기 좋아요': '1'}"
2389,성내1동 브라운브릭스,브라운브릭스,4.53,289,361,대구 중구 동성로3길 21 1층 브라운브릭스,"12:00 - 24:00
23:30 라스트오더",053-269-2192,http://www.instagram.com/brownbricks_official,"대구 동성로에 위치한 저희 브라운브릭스는
낮에는 맛있는 브런치와 커피, 그리고 디저트를
저녁엔 피자와 맥주와 칵테일을 즐길 수 있는 공간입니다.

동성로 브런치 카페이자 동성로 술집으로 모든 것을 즐길 수 있는 맛집입니다.
항상 열려 있으니 편안하게 오셔서 즐겨 주세요.",공사중,"{'친절해요': '66', '인테리어가 멋져요': '56', '대화하기 좋아요': '42', '커피가 맛있어요': '37', '매장이 청결해요': '36', '음료가 맛있어요': '35', '디저트가 맛있어요': '28', '특별한 메뉴가 있어요': '26', '사진이 잘 나와요': '25', '음식이 맛있어요': '22', '좌석이 편해요': '19', '음악이 좋아요': '16', '가성비가 좋아요': '14', '오래 머무르기 좋아요': '11', '술이 다양해요': '8', '혼술하기 좋아요': '8', '뷰가 좋아요': '7', '화장실이 깨끗해요': '6', '단체모임 하기 좋아요': '4', '기본 안주가 좋아요': '3', '매장이 넓어요': '3', '집중하기 좋아요': '2', '메뉴 구성이 알차요': '1', '파티하기 좋아요': '1', '특별한 날 가기 좋아요': '1'}"
2390,고성동 타임,타임,4.38,214,초기값,대구 중구 동성로3길 68 1층,10:00 - 23:00,0507-1311-4924,#캐주얼,NO INFO,공사중,"{'친절해요': '18', '종류가 다양해요': '18', '매장이 넓어요': '17', '스타일 추천을 잘해줘요': '14', '가성비가 좋아요': '11', '분위기가 편안해요': '8', '독특한 디자인이 많아요': '7', '품질이 좋아요': '6', 'A/S가 세심해요': '3', '주차하기 편해요': '1'}"
2391,성내1동 동성로미술관,동성로미술관,4.45,467,649,대구 중구 동성로3길 68 4층,13:00 - 22:00,053-285-0011,NO INFO,저희 동성로미술관에서 마음껏 그리시고 사진을 찍어보세요튤립 .해바라기.강아지. 미니언즈 명화등그림도안에 아크릴물감으로 색칠하면서 그림도그리고스트레스도 풀고 팔찌만들기체험등 다양한체험을 할수있는 미술관입니다,공사중,"{'집중하기 좋아요': '81', '친절해요': '61', '사진이 잘 나와요': '53', '인테리어가 멋져요': '48', '대화하기 좋아요': '42', '매장이 청결해요': '19', '음료가 맛있어요': '18', '커피가 맛있어요': '17', '가성비가 좋아요': '16', '디저트가 맛있어요': '15', '룸이 잘 되어있어요': '13', '좌석이 편해요': '8', '특별한 메뉴가 있어요': '7', '화장실이 깨끗해요': '2', '뷰가 좋아요': '2', '특별한 날 가기 좋아요': '1'}"
2392,성내1동 티클래스 리저브 르샤블랑,티클래스 리저브 르샤블랑,4.61,248,141,대구 중구 동성로4길 105,NO INFO,053-263-0679,NO INFO,"융드립커피/홍차/수제케익 전문점
예약식으로 운영되는 코스요리 전문점입니다

월~토요일은 12~3시까지만 카페로 운영을 하고
15~22시 까지는 레스토랑으로 운영이 되는 날이 많아
카페 이용시에 전화로 영업시간 문의 후 방문해 주시면 원활한 이용 가능합니다 :)
일요일은 하루 쉬어갑니다.",공사중,"{'커피가 맛있어요': '66', '디저트가 맛있어요': '44', '친절해요': '42', '인테리어가 멋져요': '27', '매장이 청결해요': '26', '특별한 메뉴가 있어요': '23', '음료가 맛있어요': '20', '대화하기 좋아요': '20', '화장실이 깨끗해요': '14', '좌석이 편해요': '11', '음식이 맛있어요': '7', '집중하기 좋아요': '7', '재료가 신선해요': '2', '주차하기 편해요': '2', '사진이 잘 나와요': '2', '가성비가 좋아요': '2', '특별한 날 가기 좋아요': '2', '단체모임 하기 좋아요': '2', '뷰가 좋아요': '2', '차분한 분위기에요': '1', '양이 많아요': '1', '매장이 넓어요': '1'}"
2393,삼덕동 머그컵,머그컵,5,60,16,대구 중구 동성로4길 13 2층,11:00 - 24:00,053-254-1992,http://instagram.com/cafe__mugcup,동성로 분위기좋은 카페 머그컵 입니다. 커피맛집 분위기 좋은 루프탑 카페,공사중,"{'커피가 맛있어요': '35', '인테리어가 멋져요': '27', '친절해요': '26', '음료가 맛있어요': '22', '사진이 잘 나와요': '20', '디저트가 맛있어요': '13', '매장이 청결해요': '13', '화장실이 깨끗해요': '8', '대화하기 좋아요': '6', '뷰가 좋아요': '6', '좌석이 편해요': '4', '특별한 메뉴가 있어요': '4', '매장이 넓어요': '3', '가성비가 좋아요': '2', '집중하기 좋아요': '2', '야외 공간이 멋져요': '1'}"
2394,삼덕동 주다방,주다방 동성로점,초기값,26,58,"대구 중구 동성로4길 37 (삼덕동1가, 지상2층)",NO INFO,0507-1357-7208,NO INFO,NO INFO,공사중,"{'친절해요': '9', '음악이 좋아요': '9', '음식이 맛있어요': '6', '오래 머무르기 좋아요': '6', '가성비가 좋아요': '5', '단체모임 하기 좋아요': '5', '인테리어가 멋져요': '3', '대화하기 좋아요': '3', '술이 다양해요': '2', '특별한 메뉴가 있어요': '2', '화장실이 깨끗해요': '2', '음식이 빨리 나와요': '1', '파티하기 좋아요': '1', '기본 안주가 좋아요': '1', '특별한 날 가기 좋아요': '1'}"
2395,성내1동 커피매거진,커피매거진,4.56,484,298,대구 중구 동성로4길 85 1층 커피매거진,"12:00 - 22:30
22:00 라스트오더",0507-1371-8684,NO INFO,15000원이상 주문고객님께 (카페바로 옆 정호주차장)30분무료도장찍어드려요!,공사중,"{'커피가 맛있어요': '102', '디저트가 맛있어요': '100', '음료가 맛있어요': '64', '인테리어가 멋져요': '59', '친절해요': '47', '대화하기 좋아요': '47', '특별한 메뉴가 있어요': '31', '좌석이 편해요': '29', '매장이 청결해요': '28', '사진이 잘 나와요': '19', '화장실이 깨끗해요': '15', '집중하기 좋아요': '6', '뷰가 좋아요': '4', '주차하기 편해요': '3', '가성비가 좋아요': '3', '메뉴 구성이 알차요': '1'}"
2396,성내1동 마이커피컬로맨스,마이커피컬로맨스,4.54,535,415,대구 중구 동성로4길 93,12:00 - 23:00,053-424-4783,NO INFO,"생딸기가 듬뿍 올라간 원조 딸기 와플로 유명해 진 카페. 이 외에도 맛과 비쥬얼이 최강인 다양한 와플과 크로플, 30가지 이상의 검증된 다...",공사중,"{'디저트가 맛있어요': '138', '대화하기 좋아요': '98', '커피가 맛있어요': '97', '음료가 맛있어요': '85', '친절해요': '71', '좌석이 편해요': '53', '특별한 메뉴가 있어요': '53', '인테리어가 멋져요': '44', '매장이 청결해요': '41', '집중하기 좋아요': '29', '가성비가 좋아요': '18', '화장실이 깨끗해요': '10', '사진이 잘 나와요': '7', '뷰가 좋아요': '5', '주차하기 편해요': '3'}"
2397,삼덕동 마스터키 동성로2호점,마스터키 동성로로데오점,4.5,30,577,대구 중구 동성로5길 43 3층 마스터키,11:00 - 24:00,0507-1316-7503,http://www.master-key.co.kr/booking/bk_detail?bid=14,"국내 최고의 테마 스케일과 품격을 자랑하는 마스터키 방탈출카페 동성로로데오점입니다.

지금껏 경험해보지 못한 신나고, 스릴있고 썸타는 연인 이색데이트 누구나 함께할수있는

놀이문화에 여러분을 초대합니다.",공사중,"{'친절해요': '17', '스토리가 탄탄해요': '15', '장치가 다양해요': '12', '문제가 신선해요': '12', '재미있는 테마가 많아요': '12', '문제가 논리적이에요': '8', '시설이 깔끔해요': '6', '가성비가 좋아요': '6'}"
2398,삼덕동 투썸플레이스 대구동성로점,투썸플레이스 대구동성로점,4.43,484,68,대구 중구 동성로5길 44,10:00 - 23:00,053-428-2323,http://www.twosome.co.kr/,"나만의 작은 즐거움을 만날 수 있는 디저트 카페, 투썸플레이스!!

투썸플레이스에서만 맛볼 수 있는 새로운 스타일의 디저트와 깊은 풍미를

자랑하는 정통 유럽 스타일의 DEEP-Roasting 커피의 조화는 일상 속에서 누리는

작은 사치와 같이 달콤한 즐거움이 됩니다.

무스, 티라미수, 타르트, 쇼트케이크, 머핀, 요거트아이스크림, 마카롱 등

클래식한 프렌치 디저트 까지. 다양한 종류의 디저트가 마련된

카페에서 나만의 작은 즐거움을 만나보세요.",공사중,"{'디저트가 맛있어요': '73', '커피가 맛있어요': '69', '음료가 맛있어요': '46', '대화하기 좋아요': '41', '좌석이 편해요': '34', '친절해요': '34', '매장이 청결해요': '19', '집중하기 좋아요': '19', '인테리어가 멋져요': '12', '특별한 메뉴가 있어요': '11', '뷰가 좋아요': '10', '사진이 잘 나와요': '8', '화장실이 깨끗해요': '7', '가성비가 좋아요': '6', '주차하기 편해요': '1'}"
2399,삼덕동 콩카페 대구동성로로데오점,콩카페 대구동성로로데오점,초기값,66,40,대구 중구 동성로5길 45 2층,NO INFO,053-255-8889,https://www.instagram.com/congcaphe_daegu/,셀럽도 줄서서 먹는 포토존 맛집 CONGCAPHE 베트남 감성 카페 베트남에서 먹던 코코넛 스무디 그대로!,공사중,"{'음료가 맛있어요': '31', '특별한 메뉴가 있어요': '24', '인테리어가 멋져요': '23', '커피가 맛있어요': '22', '친절해요': '18', '매장이 청결해요': '15', '사진이 잘 나와요': '11', '좌석이 편해요': '10', '대화하기 좋아요': '10', '디저트가 맛있어요': '7', '가성비가 좋아요': '4', '집중하기 좋아요': '4', '화장실이 깨끗해요': '4', '뷰가 좋아요': '4', '컨셉이 독특해요': '2', '음식이 맛있어요': '2', '오래 머무르기 좋아요': '1'}"
2400,삼덕동 셜록홈즈 동성로점,셜록홈즈 동성로점,4.93,2979,318,대구 중구 동성로5길 45 3층,10:00 - 23:30,0507-1384-2261,http://Sherlock-holmes.co.kr,업계 1위 방탈출카페 셜록홈즈 동성로점 각기 다른 테마의 방안에 갇힌 참가자가 되어 숨겨진 단서를 통해 60분의 시간안에 공간을 탈출...,공사중,"{'친절해요': '1833', '스토리가 탄탄해요': '1631', '문제가 신선해요': '1385', '재미있는 테마가 많아요': '1378', '장치가 다양해요': '1361', '시설이 깔끔해요': '1145', '문제가 논리적이에요': '724', '가성비가 좋아요': '237', '컨셉이 독특해요': '14', '주차하기 편해요': '11', '공포감이 높아요': '6', '공포감이 낮아요': '4'}"
2401,성내1동 설빙 동성로대백점,설빙 대구동성로대백점,4.35,1160,40,대구 중구 동성로6길 16,11:30 - 23:00,053-427-8887,NO INFO,"빙수는 설빙이죠~~
위생적으로 맛나게 만들어 드리겠습니다.
많은 이요 바랍니다.
감사합니다.",공사중,"{'디저트가 맛있어요': '407', '특별한 메뉴가 있어요': '101', '음료가 맛있어요': '82', '대화하기 좋아요': '75', '친절해요': '69', '가성비가 좋아요': '67', '커피가 맛있어요': '64', '매장이 청결해요': '49', '좌석이 편해요': '44', '인테리어가 멋져요': '23', '화장실이 깨끗해요': '18', '뷰가 좋아요': '18', '사진이 잘 나와요': '14', '집중하기 좋아요': '8', '주차하기 편해요': '4', '음식이 빨리 나와요': '1', '매장이 넓어요': '1'}"
2402,성내1동 할리스 대구동성로점,할리스 대구동성로점,4.47,2543,118,"대구 중구 동성로6길 32 1, 2층",09:00 - 24:00,053-252-6307,http://www.hollys.co.kr/,"다양한 토양과 기후에서 자란 커피 원두는 그 속에 각기 다른 맛과 향의 비밀을 숨기고 있습니다.
생두를 로스팅하여 에스프레소를 만드는 과정은 단순하고 평범해 보이지만, 사실은 로스팅과 추출법 등의 미묘하고 작은 차이가
커피 맛을 변화시킵니다.

원두에 숨겨진 이러한 커피의 비밀을 하나 하나 밝혀가면서 많은 사람들이 커피와 함께 소중한 순간을 즐기도록 해주는 것이
바로 할리스가 추구하는 [커피의 즐거움]입니다.

오늘도 할리스는 전세계의 커피 산지를 연구하고, 원두 본연의 맛을 살리기 위한 수많은 블랜딩을 개발하는 등 다양한
노력을 지속하고 있습니다. 커피가 주는 아름다움을 보다 많은 고객들이 즐길 수 있도록, 매 순간 의미 있는 작은 차이를
만들어가는 할리스가 되겠습니다.",공사중,"{'커피가 맛있어요': '594', '음료가 맛있어요': '382', '대화하기 좋아요': '244', '좌석이 편해요': '235', '디저트가 맛있어요': '234', '친절해요': '206', '매장이 청결해요': '190', '집중하기 좋아요': '120', '인테리어가 멋져요': '102', '화장실이 깨끗해요': '63', '가성비가 좋아요': '61', '특별한 메뉴가 있어요': '58', '뷰가 좋아요': '45', '사진이 잘 나와요': '34', '주차하기 편해요': '10', '혼밥하기 좋아요': '1', '음식이 빨리 나와요': '1', '메뉴 구성이 알차요': '1', '오래 머무르기 좋아요': '1', '건강한 맛이에요': '1'}"
2403,성내1동 공차 대구동성로점,공차 동성로점,4.35,1085,54,대구 중구 동성로6길 8,NO INFO,053-286-2998,NO INFO,NO INFO,공사중,"{'음료가 맛있어요': '218', '차가 맛있어요': '105', '친절해요': '59', '디저트가 맛있어요': '25', '가성비가 좋아요': '24', '특별한 메뉴가 있어요': '22', '대화하기 좋아요': '17', '매장이 청결해요': '12', '좌석이 편해요': '9', '뷰가 좋아요': '6', '인테리어가 멋져요': '5', '사진이 잘 나와요': '5', '집중하기 좋아요': '3', '주차하기 편해요': '2', '화장실이 깨끗해요': '2', '혼밥하기 좋아요': '1'}"
2404,남산4동 달콤미술관,달콤미술관,4.72,97,109,대구 중구 명덕로 129-1 1층,"12:00 - 19:00
18:30 라스트오더",0507-1345-1611,https://www.instagram.com/dal_me,NO INFO,공사중,"{'디저트가 맛있어요': '20', '친절해요': '10', '커피가 맛있어요': '9', '음료가 맛있어요': '7', '특별한 메뉴가 있어요': '5', '매장이 청결해요': '4', '집중하기 좋아요': '3', '인테리어가 멋져요': '2', '가성비가 좋아요': '2', '대화하기 좋아요': '2', '사진이 잘 나와요': '1', '화장실이 깨끗해요': '1', '뷰가 좋아요': '1'}"
2405,남산4동 캔버스,캔버스,4.51,845,50,대구 중구 명덕로 133 2층,11:00 - 22:00,053-427-6773,NO INFO,NO INFO,공사중,"{'가성비가 좋아요': '222', '커피가 맛있어요': '168', '음료가 맛있어요': '119', '친절해요': '99', '대화하기 좋아요': '84', '좌석이 편해요': '67', '매장이 청결해요': '66', '디저트가 맛있어요': '62', '주차하기 편해요': '51', '인테리어가 멋져요': '46', '집중하기 좋아요': '40', '특별한 메뉴가 있어요': '25', '화장실이 깨끗해요': '21', '뷰가 좋아요': '18', '사진이 잘 나와요': '12'}"
2406,남산1동 더리터 명덕역점,더리터 명덕역점,4.5,179,초기값,대구 중구 명덕로 159 더리터 명덕역점,08:00 - 21:00,053-219-0520,NO INFO,NO INFO,공사중,"{'가성비가 좋아요': '41', '커피가 맛있어요': '35', '음료가 맛있어요': '18', '친절해요': '15', '매장이 청결해요': '9', '디저트가 맛있어요': '6', '인테리어가 멋져요': '5', '특별한 메뉴가 있어요': '3', '화장실이 깨끗해요': '3', '좌석이 편해요': '2', '주차하기 편해요': '2'}"
2407,남산3동 카페이층공작소,카페이공,4.55,75,초기값,대구 중구 명덕로 161 1층,10:00 - 22:00,070-7808-7695,http://www.instagram.com/bomnal_ysiapolis,NO INFO,공사중,"{'커피가 맛있어요': '26', '가성비가 좋아요': '20', '친절해요': '19', '음료가 맛있어요': '16', '디저트가 맛있어요': '6', '매장이 청결해요': '4', '인테리어가 멋져요': '2', '특별한 메뉴가 있어요': '2', '대화하기 좋아요': '2', '좌석이 편해요': '1'}"
2408,남산1동 번데기클럽,번데기클럽,초기값,45,6,대구 중구 명덕로 175-1 1층(남산동),NO INFO,0507-1327-8847,https://blog.naver.com/beondegiclub,"나비(내)가 되기위해 때를 기다리는 번데기들을 위한 공간, 카페 번데기클럽입니다.",공사중,"{'친절해요': '26', '커피가 맛있어요': '24', '디저트가 맛있어요': '19', '음료가 맛있어요': '16', '매장이 청결해요': '16', '대화하기 좋아요': '16', '화장실이 깨끗해요': '8', '인테리어가 멋져요': '7', '특별한 메뉴가 있어요': '7', '집중하기 좋아요': '6', '좌석이 편해요': '3', '가성비가 좋아요': '3', '사진이 잘 나와요': '2', '주차하기 편해요': '1'}"
2409,이천동 대봉정,대봉정,4.47,1615,823,대구 중구 명덕로 249,10:00 - 22:00,0507-1455-3424,http://instagram.com/daebongjeong_,NO INFO,공사중,"{'커피가 맛있어요': '407', '디저트가 맛있어요': '362', '인테리어가 멋져요': '322', '뷰가 좋아요': '309', '음료가 맛있어요': '189'}"
2410,이천동 원파인트리,원파인트리,4.94,177,37,대구 중구 명덕로 325 1층,08:30 - 21:30,0507-1395-1706,https://instagram.com/onepinetree_cafe,디저트류는 매일 아침 직접 만들어요! 라인업은 인스타그램으로 확인부탁드려요 ッ,공사중,"{'디저트가 맛있어요': '97', '친절해요': '71', '커피가 맛있어요': '60', '매장이 청결해요': '50', '음료가 맛있어요': '33', '인테리어가 멋져요': '27', '특별한 메뉴가 있어요': '23', '가성비가 좋아요': '22', '사진이 잘 나와요': '15', '대화하기 좋아요': '13', '주차하기 편해요': '11', '좌석이 편해요': '9', '화장실이 깨끗해요': '6', '집중하기 좋아요': '5', '뷰가 좋아요': '4'}"
2411,이천동 킹콩쥬스앤커피 대백프라자점,킹콩쥬스앤커피 대백프라자점,4.42,319,초기값,대구 중구 명덕로 327 1층 킹콩쥬스,08:30 - 21:00,0507-1406-3152,http://kingkongjuice.com/,"정직한 킹사이즈 NO.1
격이 다른 과일함량의 킹콩쥬스, 월드로스팅 챔피언이 로스팅한 프리미엄 원두로 만든 커피를 선보이는 킹콩쥬스&커피 입니다!",공사중,"{'음료가 맛있어요': '107', '친절해요': '62', '가성비가 좋아요': '57', '재료가 신선해요': '24', '매장이 청결해요': '17', '디저트가 맛있어요': '13', '좌석이 편해요': '10', '특별한 메뉴가 있어요': '8', '대화하기 좋아요': '8', '인테리어가 멋져요': '4', '뷰가 좋아요': '3', '주차하기 편해요': '2', '사진이 잘 나와요': '2', '집중하기 좋아요': '1', '화장실이 깨끗해요': '1'}"
2412,수성1가동 오가다 대구대백프라자점,오가다 대구대백프라자점,4.65,65,초기값,대구 중구 명덕로 333 대구백화점 프라자점 10층,NO INFO,0507-1364-6849,http://www.ogada.co.kr/,"OH! COFFEE & TEA

한 잔, 한 잔 좋은 원재료에 정성을 듬뿍 담기에
카페 오가다의 여정엔 시간과 정성이 많이 들어갑니다.
생활 속의 조화로움을 통한 건강한 삶을 추구하는
오가다의 철학이 가득한 공간에서 엄선된 자연의 재료로 오랜 시간 정성 들여 만든 건강한 메뉴와 함께 절로 감탄이 나오는 온전한 순간을 경험해보세요.",공사중,"{'대화하기 좋아요': '18', '음료가 맛있어요': '14', '친절해요': '14', '주차하기 편해요': '14', '차가 맛있어요': '9', '좌석이 편해요': '6', '디저트가 맛있어요': '6', '매장이 청결해요': '6', '특별한 메뉴가 있어요': '5', '가성비가 좋아요': '4', '커피가 맛있어요': '3', '집중하기 좋아요': '1', '화장실이 깨끗해요': '1'}"
2413,대봉1동 커피명가 프라자점,커피명가 프라자점,4.46,439,40,대구 중구 명덕로 333 대구백화점 프라자점 3층,NO INFO,053-255-0892,http://www.myungga.com,NO INFO,공사중,"{'친절해요': '52', '커피가 맛있어요': '51', '음료가 맛있어요': '26', '디저트가 맛있어요': '16', '대화하기 좋아요': '14', '좌석이 편해요': '11', '뷰가 좋아요': '11', '매장이 청결해요': '9', '가성비가 좋아요': '8', '특별한 메뉴가 있어요': '6', '주차하기 편해요': '5', '집중하기 좋아요': '4', '화장실이 깨끗해요': '3', '인테리어가 멋져요': '2', '사진이 잘 나와요': '1'}"
2414,대봉1동 공차 대구백화점플라자점,공차 대구백화점플라자점,4.4,76,4,대구 중구 명덕로 333 대구백화점 프라자점 지하 1층 식품관,10:30 - 20:00,053-427-0369,NO INFO,공들여 맛있는 공차입니다. 건강과 행복을 담아 공차 올립니다.,공사중,"{'음료가 맛있어요': '16', '차가 맛있어요': '13', '친절해요': '9', '특별한 메뉴가 있어요': '4', '주차하기 편해요': '2', '디저트가 맛있어요': '1', '인테리어가 멋져요': '1', '사진이 잘 나와요': '1'}"
2415,수성1가동 파노라마 포레스트180,파노라마포레스트180,초기값,141,37,대구 중구 명덕로 333 대백프라자 4층 파노라마포레스트180,NO INFO,0507-1405-0047,https://www.instagram.com/panoramaforest_180,"저희 매장은 세계에서 극찬한 탑클래스의 스페셜 티 원두를 사용하며, 매우 숙련된 바리스타들이 근무하고 있습니다. 콘브레드나 케이크 같...",공사중,"{'뷰가 좋아요': '75', '인테리어가 멋져요': '74', '커피가 맛있어요': '71', '친절해요': '54', '음료가 맛있어요': '51', '디저트가 맛있어요': '49', '매장이 청결해요': '31', '주차하기 편해요': '27', '사진이 잘 나와요': '25', '대화하기 좋아요': '24', '특별한 메뉴가 있어요': '17', '건강한 맛이에요': '9', '좌석이 편해요': '6', '집중하기 좋아요': '4', '가성비가 좋아요': '3'}"
2416,이천동 달콤한점빵,달콤한점빵,4.36,74,15,대구 중구 명덕로55길 4,NO INFO,053-424-0511,NO INFO,NO INFO,공사중,"{'커피가 맛있어요': '26', '디저트가 맛있어요': '16', '대화하기 좋아요': '12', '친절해요': '10', '특별한 메뉴가 있어요': '10', '가성비가 좋아요': '6', '매장이 청결해요': '4', '음료가 맛있어요': '3', '좌석이 편해요': '1', '사진이 잘 나와요': '1', '집중하기 좋아요': '1'}"
2417,이천동 카와올라,카와올라,4.23,58,10,대구 중구 명덕로55길 9,10:40 - 21:20,053-761-4567,NO INFO,NO INFO,공사중,"{'커피가 맛있어요': '19', '친절해요': '11', '인테리어가 멋져요': '10', '음료가 맛있어요': '5', '가성비가 좋아요': '5'}"
2418,이천동 브라운슈가,카페 브라운슈가,4.62,336,초기값,대구 중구 명덕로65길 56 1층,NO INFO,053-256-1178,NO INFO,NO INFO,공사중,"{'커피가 맛있어요': '123', '디저트가 맛있어요': '108', '특별한 메뉴가 있어요': '56', '음료가 맛있어요': '52', '친절해요': '39'}"
2419,남산2동 스파이시커피,스파이시,초기값,30,37,대구 중구 명륜로 5 지상1층,NO INFO,0507-1421-9885,https://www.instagram.com/spicy__coffee,"대구 남산동에 위치한 샌드위치 가게 입니다. 파니니 그릴에 구운 샌드위치와 커피, 주스가 준비되어 있습니다.",공사중,"{'친절해요': '22', '커피가 맛있어요': '19', '특별한 메뉴가 있어요': '12', '디저트가 맛있어요': '11', '매장이 청결해요': '11', '인테리어가 멋져요': '9', '사진이 잘 나와요': '9', '음료가 맛있어요': '7', '대화하기 좋아요': '5', '집중하기 좋아요': '2', '좌석이 편해요': '1', '가성비가 좋아요': '1', '화장실이 깨끗해요': '1'}"
2420,남산3동 쿠덕쿠덕,쿠덕쿠덕,초기값,41,28,대구 중구 명륜로12길 42 1층,NO INFO,0507-1356-9496,https://www.instagram.com/kooduck_cookie,"쿠덕쿠덕은 순수우유버터, 벨기에산초콜릿 등 엄선된 재료를 아낌없이 사용하여 만든 수제쿠키전문점입니다:)
매일 아침 정성스레 구운 달콤함을 나누어 드리고자 합니다

답례품/단체주문은 인스타그램 @kooduck_cookie로 DM 주시거나 카톡문의 부탁드려요 (최소 2일전)",공사중,"{'디저트가 맛있어요': '37', '친절해요': '33', '특별한 메뉴가 있어요': '19', '매장이 청결해요': '18', '인테리어가 멋져요': '16', '사진이 잘 나와요': '9', '가성비가 좋아요': '6', '커피가 맛있어요': '3', '음료가 맛있어요': '2', '선물하기 좋아요': '1', '주차하기 편해요': '1'}"
2421,남산3동 카페봄봄 남산점,카페봄봄 남산점,4.56,213,초기값,대구 중구 명륜로12길 62 1층 카페봄봄 남산점,08:00 - 22:00,053-252-9587,NO INFO,"@1-2잔은 매장에 먼저 대기중인 손님들을 위해 전화주지마시고 오셔서 주문 부탁드립니다.
@외부쓰레기 및 가지고 나가셨던 일회용기는 위생상 문제로 수거해드리지 않습니다.",공사중,"{'커피가 맛있어요': '53', '가성비가 좋아요': '53', '친절해요': '50', '음료가 맛있어요': '36', '매장이 청결해요': '7', '디저트가 맛있어요': '5', '대화하기 좋아요': '5', '인테리어가 멋져요': '3', '주차하기 편해요': '2', '특별한 메뉴가 있어요': '2', '좌석이 편해요': '1', '사진이 잘 나와요': '1', '집중하기 좋아요': '1', '뷰가 좋아요': '1'}"
2422,남산2동 씨티씨커피로스터스,씨티씨커피로스터스,4.73,371,335,대구 중구 명륜로12길 67 1층,NO INFO,0507-1447-7865,https://www.instagram.com/ctc_coffee,"커피의 맛은 다양한 색상을 떠올리게 합니다.
또, 맛은 시각, 미각, 후각 다양한 감각으로 느끼실 수 있습니다.
저희는 컵 한 잔에 담겨있는 고유색상을 찾아 고객님들에게 페인팅해드리는 작업을 합니다.
저희 가게 오셔서 소금빵 한메뉴만 월 누적 판매량 5000개 돌파한 이유를 경험 해보세요 !",공사중,"{'커피가 맛있어요': '197', '디저트가 맛있어요': '179', '친절해요': '112', '음료가 맛있어요': '85', '매장이 청결해요': '81', '인테리어가 멋져요': '80', '사진이 잘 나와요': '73', '특별한 메뉴가 있어요': '53', '뷰가 좋아요': '50', '대화하기 좋아요': '36', '화장실이 깨끗해요': '30', '가성비가 좋아요': '26', '주차하기 편해요': '12', '좌석이 편해요': '10', '집중하기 좋아요': '4', '빵이 맛있어요': '2', '아늑해요': '1'}"
2423,남산1동 남산동커피,남산동커피,4.62,165,47,대구 중구 명륜로23길 105 1층,08:00 - 20:00,0507-1443-2247,NO INFO,NO INFO,공사중,"{'커피가 맛있어요': '101', '친절해요': '85', '음료가 맛있어요': '81', '매장이 청결해요': '40', '디저트가 맛있어요': '29', '가성비가 좋아요': '29', '특별한 메뉴가 있어요': '25', '대화하기 좋아요': '4', '사진이 잘 나와요': '2', '좌석이 편해요': '1', '인테리어가 멋져요': '1', '주차하기 편해요': '1', '집중하기 좋아요': '1', '뷰가 좋아요': '1'}"
2424,대봉2동 문학서비스센터,문학서비스센터,초기값,24,83,대구 중구 명륜로23길 14 302호,13:00 - 21:00,0507-1350-1877,NO INFO,Have a peaceful time,공사중,"{'집중하기 좋아요': '19', '커피가 맛있어요': '12', '인테리어가 멋져요': '11', '매장이 청결해요': '6', '디저트가 맛있어요': '5', '좌석이 편해요': '3', '친절해요': '3', '음료가 맛있어요': '2', '대화하기 좋아요': '2', '화장실이 깨끗해요': '1'}"
2425,남산1동 커스텀비,커스텀비,초기값,30,14,대구 중구 명륜로23길 29 1층 커스텀비,08:30 - 19:00,053-426-3800,NO INFO,조용한 분위기속에 커피한잔 어떠신가요?,공사중,"{'커피가 맛있어요': '21', '친절해요': '20', '음료가 맛있어요': '16', '인테리어가 멋져요': '14', '매장이 청결해요': '12', '집중하기 좋아요': '11', '대화하기 좋아요': '9', '디저트가 맛있어요': '8', '사진이 잘 나와요': '8', '특별한 메뉴가 있어요': '4', '좌석이 편해요': '3', '가성비가 좋아요': '3', '화장실이 깨끗해요': '1'}"
2426,대봉2동 호안느,호안느,4.84,87,138,"대구 중구 명륜로23길 38-2 1층, 페스츄리샵 호안느",12:00 - 19:00,0507-1349-2158,http://instagram.com/hoanne_hwan,저희 페스츄리샵 호안느는 크로와상과 같이 겉결 은 바삭하고 속은 촉촉한 여러가지 페스츄리 제 품들을 전문으로 판매하는 베이커리 카페...,공사중,"{'디저트가 맛있어요': '22', '친절해요': '20', '특별한 메뉴가 있어요': '17', '커피가 맛있어요': '13', '음료가 맛있어요': '8', '인테리어가 멋져요': '7', '매장이 청결해요': '6', '사진이 잘 나와요': '5', '대화하기 좋아요': '4', '가성비가 좋아요': '2', '집중하기 좋아요': '2', '화장실이 깨끗해요': '2', '뷰가 좋아요': '1'}"
2427,남산1동 부루잉,부루잉,초기값,46,30,대구 중구 명륜로23길 83 1층,NO INFO,0508-779-3664,NO INFO,"부루잉은 이름 그대로 여러가지 Brewing(커피, 차, 가벼운 칵테일) 음료를 즐기실 수 있는 공간입니다.
나아갈 부 / 정성스러울 루 / 땅이름 잉
세가지 한자로 이루어져있는 이름은 정성스럽게 여러분께 나아가고자 하는 공간으로 만들기 위한 다짐이기도 합니다.",공사중,"{'커피가 맛있어요': '33', '친절해요': '31', '음료가 맛있어요': '19', '특별한 메뉴가 있어요': '16', '디저트가 맛있어요': '15', '매장이 청결해요': '15', '인테리어가 멋져요': '11', '대화하기 좋아요': '8', '사진이 잘 나와요': '5', '집중하기 좋아요': '5', '가성비가 좋아요': '2'}"
2428,남산2동 탠지커피하우스,탠지커피하우스,4.58,104,174,대구 중구 명륜로6길 22 1층,NO INFO,0507-1326-5483,http://www.instagram.com/tanzycoffeehouse,"<tanzy coffee house>는 커피 본연의 향이 잘 표현된 커피, 그리고 문화공간을 제공합니다. 공간 디자인은 할리우드 시네마에서 영감을 받아 그 느낌을 살려 제작하였습니다. 힙한 테이블이 가득한 테라스는 LA 스트릿을 표현하였습니다. 저녁에는 빔으로 영화를 보시며 커피를 즐기다 가실 수 있습니다. 커피에 집중한 세가지 메뉴와 시그니쳐 메뉴인 버터 스카치라떼도 준비되어 있습니다. 그리고 또, 좋은 재료로 직접 구운 바질쿠키는 탠지커피하우스에서만 맛보실 수 있습니다!",공사중,"{'친절해요': '27', '커피가 맛있어요': '24', '음료가 맛있어요': '21', '디저트가 맛있어요': '15', '인테리어가 멋져요': '13', '특별한 메뉴가 있어요': '13', '매장이 청결해요': '13', '가성비가 좋아요': '5', '사진이 잘 나와요': '4', '대화하기 좋아요': '4', '좌석이 편해요': '3', '뷰가 좋아요': '3', '화장실이 깨끗해요': '1'}"
2429,남산3동 가듀,가듀,4.67,289,230,"대구 중구 명륜로6길 26 1,2,3층 카페가듀",NO INFO,0507-1395-6780,https://blog.naver.com/gotqlc0126,"대구 남산동 수제카페 Ca'deau [가'듀] 

안녕하세요 저희 카페가듀는 (프랑스어 선물이라는 뜻입니다)
반월당과 남산동 인쇄골목사이에 위치한 신상카페입니다

주변에 성모당과 향수길이 있으며 도자기공방등 체험꺼리도 있구요 산책로가 아주 좋아요

한쪽에는 신축아파트가 지어지고 있고 또다른쪽은 옛날 기와한옥집들이 있답니다
새것과 옛것의 조화로움이 편안함을 주는 정감가는 동네에 자리하고 있으며 살아가는 이야기 함께 나누는 그런카페로 함께 하겠습니다

카페가듀에서 직접담은 수제청과 수제시럽
카페서 직접 반죽한 와플 디져트등 
카페이지만 좋은재료로 정성껏
건강하고 맛있는 음료, 디져트가 준비되어 있습니다 

저희가듀 뜻처럼
자신을 소중하게 아끼며 응원하며
선물같은 하루하루 모두모두 홧팅하여요",공사중,"{'디저트가 맛있어요': '135', '커피가 맛있어요': '105', '친절해요': '90', '음료가 맛있어요': '74', '인테리어가 멋져요': '55', '매장이 청결해요': '48', '대화하기 좋아요': '48', '특별한 메뉴가 있어요': '47', '사진이 잘 나와요': '35', '좌석이 편해요': '26', '가성비가 좋아요': '24', '뷰가 좋아요': '23', '집중하기 좋아요': '20', '화장실이 깨끗해요': '18', '주차하기 편해요': '8', '아늑해요': '1', '메뉴 구성이 알차요': '1'}"
2430,대봉2동 블랙로드커피,블랙로드 커피,4.84,68,89,대구 중구 봉산문화1길 11 2층,NO INFO,0507-1341-8627,http://www.blackroad.kr,"(화요일은 예약제로 원데이 클래스만 진행합니다. 매장 영업은 하지 않습니다)
커피는 맛있는것이 아닙니다.
배우고 즐기는 문화속에서 더 큰 감동이 다가옵니다.
블랙로드는 단순히 한잔의 커피를 판매하기보다 여러분들이 더욱 다양한 커피를 즐기는 라이프 스타일을 가이드합니다.",공사중,"{'커피가 맛있어요': '37', '친절해요': '24', '특별한 메뉴가 있어요': '17', '인테리어가 멋져요': '15', '대화하기 좋아요': '11', '음료가 맛있어요': '6', '매장이 청결해요': '6', '가성비가 좋아요': '5', '화장실이 깨끗해요': '5', '집중하기 좋아요': '3', '주차하기 편해요': '2', '사진이 잘 나와요': '2'}"
2431,대봉2동 오브너,오브너,4.72,777,634,대구 중구 봉산문화1길 13 1층 카페,11:00 - 21:00,010-6322-0990,https://www.instagram.com/pa0e/,,공사중,"{'디저트가 맛있어요': '384', '친절해요': '215', '특별한 메뉴가 있어요': '141', '커피가 맛있어요': '80', '매장이 청결해요': '77', '인테리어가 멋져요': '61', '사진이 잘 나와요': '53', '음료가 맛있어요': '51', '대화하기 좋아요': '31', '좌석이 편해요': '19', '가성비가 좋아요': '14', '집중하기 좋아요': '6', '화장실이 깨끗해요': '3', '선물하기 좋아요': '2', '포장이 깔끔해요': '2', '주차하기 편해요': '2', '뷰가 좋아요': '2', '차분한 분위기에요': '1', '아늑해요': '1', '주문제작을 잘해줘요': '1', '재료가 신선해요': '1', '비싼 만큼 가치있어요': '1'}"
2432,대봉2동 읍천리382 대구중구점,읍천리 중구점,4.4,318,160,대구 중구 봉산문화1길 3 1층,"08:00 - 21:00
20:30 라스트오더",053-265-9990,https://www.instagram.com/eupcheonri_jjung_gu,"안녕하세요 신선한재료, 푸짐한 양, 퀄티티 높은 디저트가있는 도심속 농촌카페 '읍천리 중구점' 입니다. 청결한 위생관리와 더불어 신선한...",공사중,"{'음료가 맛있어요': '79', '디저트가 맛있어요': '72', '인테리어가 멋져요': '72', '커피가 맛있어요': '58', '친절해요': '47', '특별한 메뉴가 있어요': '40', '가성비가 좋아요': '30', '매장이 청결해요': '29', '대화하기 좋아요': '26', '사진이 잘 나와요': '24', '좌석이 편해요': '20', '뷰가 좋아요': '5', '화장실이 깨끗해요': '4', '집중하기 좋아요': '2', '주차하기 편해요': '1'}"
2433,성내1동 딥고잉,딥고잉,초기값,448,165,대구 중구 봉산문화1길 31 1층,"08:30 - 19:00
18:15 라스트오더",0507-1438-4984,https://youtube.com/channel/UCTrbSXj-Ltn2araGtHkTR3A,"딥고잉(Deep Going)입니다. 커피, 음료, 브런치 메뉴, 디저트가 준비되어 있습니다. 여유 있고 분위기 있는 실내는 물론, 다양한 식물들로 꾸며진 야외 테라스에서도 여유로움을 즐겨보세요.

* 케어 키즈존 (Care kids zone/ 아기의자 O), 아이를 동반한 고객님께서는 꼭 같은 테이블에 착석해 주시고, 적극적인 케어를 부탁 드립니다.
* 애견 출입 안내: 실내는 소형견까지(안고계시거나 가방에 넣어두실 경우), 야외 테라스는 중형견 까지(목줄 필수) 입장 가능합니다. 이용하시는 손님들 모두 안전하고 편안하게 공간을 즐기실 수 있도록 세심한 보살핌 부탁 드립니다.",공사중,"{'인테리어가 멋져요': '285', '음식이 맛있어요': '250', '친절해요': '240', '매장이 청결해요': '162', '특별한 메뉴가 있어요': '117', '뷰가 좋아요': '95', '매장이 넓어요': '91', '재료가 신선해요': '82', '가성비가 좋아요': '48', '특별한 날 가기 좋아요': '44', '사진이 잘 나와요': '36', '음료가 맛있어요': '33', '커피가 맛있어요': '29', '화장실이 깨끗해요': '29', '단체모임 하기 좋아요': '25', '혼밥하기 좋아요': '22', '야외 공간이 멋져요': '19', '대화하기 좋아요': '19', '디저트가 맛있어요': '10', '좌석이 편해요': '7', '양이 많아요': '7', '주차하기 편해요': '7', '집중하기 좋아요': '7', '아이와 가기 좋아요': '2', '메뉴 구성이 알차요': '1'}"
2434,성내1동 딥커피로스터스,딥커피로스터스,4.53,691,1113,대구 중구 봉산문화2길 41,NO INFO,0507-1484-8340,https://www.instagram.com/deep_coffee_roasters,주차공간 없습니다. 주변 유료주차장 이용 부탁드립니다.,공사중,"{'커피가 맛있어요': '307', '인테리어가 멋져요': '96', '친절해요': '94', '특별한 메뉴가 있어요': '80', '가성비가 좋아요': '71', '음료가 맛있어요': '66', '대화하기 좋아요': '65', '매장이 청결해요': '49', '디저트가 맛있어요': '40', '사진이 잘 나와요': '35', '집중하기 좋아요': '16', '뷰가 좋아요': '11', '좌석이 편해요': '9', '화장실이 깨끗해요': '3', '차분한 분위기에요': '1', '음악이 좋아요': '1', '주차하기 편해요': '1'}"
2435,대봉2동 윌로우커피,윌로우커피,초기값,186,25,대구 중구 봉산문화길 29-1 윌로우커피,"11:00 - 22:00
21:50 라스트오더",0507-1428-0429,https://www.instagram.com/_willow_coffee,"대구 중구 봉산동에 조용한 카페를 찾으신다면 윌로우 커피 로 오셔요
조용하고 따뜻한 감성이 느껴지는 예쁜 카페입니다.
다양한커피와 다양한 디저트 드시면서 편안하게 있을수 있는 카페입니다.",공사중,"{'커피가 맛있어요': '121', '디저트가 맛있어요': '100', '친절해요': '93', '인테리어가 멋져요': '76', '음료가 맛있어요': '73', '아늑해요': '66', '매장이 청결해요': '64', '사진이 잘 나와요': '55', '대화하기 좋아요': '44', '특별한 메뉴가 있어요': '32', '가성비가 좋아요': '23', '오래 머무르기 좋아요': '22', '뷰가 좋아요': '8', '화장실이 깨끗해요': '6'}"
2436,대봉2동 리노운,리노운,4.78,614,363,"대구 중구 봉산문화길 37 1층, 중구 청소년 문화의집 맞은편",10:30 - 22:00,010-7276-3635,http://instagram.com/renown_official,블렌딩우유를 사용하는 라떼가 정말 맛있는 카페,공사중,"{'디저트가 맛있어요': '373', '커피가 맛있어요': '342', '인테리어가 멋져요': '277', '친절해요': '270', '매장이 청결해요': '235', '음료가 맛있어요': '183', '사진이 잘 나와요': '171', '특별한 메뉴가 있어요': '119', '대화하기 좋아요': '104', '가성비가 좋아요': '39', '좌석이 편해요': '36', '뷰가 좋아요': '25', '집중하기 좋아요': '11', '화장실이 깨끗해요': '9', '주차하기 편해요': '4', '아늑해요': '2', '차분한 분위기에요': '1', '음식이 맛있어요': '1', '메뉴 구성이 알차요': '1', '반려동물과 가기 좋아요': '1'}"
2437,대봉2동 피플스커피,피플스커피,4.51,258,499,대구 중구 봉산문화길 4 1층,"08:00 - 21:00
20:45 라스트오더",070-8844-0611,https://www.instagram.com/peoplescoffee_/,NO INFO,공사중,"{'커피가 맛있어요': '90', '친절해요': '51', '인테리어가 멋져요': '47', '디저트가 맛있어요': '43', '음료가 맛있어요': '34', '사진이 잘 나와요': '26', '대화하기 좋아요': '19', '매장이 청결해요': '14', '특별한 메뉴가 있어요': '12', '가성비가 좋아요': '10', '뷰가 좋아요': '10', '집중하기 좋아요': '8', '좌석이 편해요': '7', '차분한 분위기에요': '1', '아늑해요': '1', '음악이 좋아요': '1', '오래 머무르기 좋아요': '1', '화장실이 깨끗해요': '1'}"
2438,대봉2동 브릭62,브릭62,4.64,1098,633,대구 중구 봉산문화길 62 1층,12:00 - 22:00,0507-1306-4426,https://www.instagram.com/brick_62,대구 대표 디저트 맛집 카페 브릭 62 입니다 :-) 겨울엔 딸기디저트!! 여름엔 각종 생과일 빙수들을 즐겨보세요^^,공사중,"{'디저트가 맛있어요': '568', '친절해요': '325', '특별한 메뉴가 있어요': '292', '음료가 맛있어요': '218', '인테리어가 멋져요': '215', '커피가 맛있어요': '199', '대화하기 좋아요': '168', '매장이 청결해요': '164', '사진이 잘 나와요': '162', '좌석이 편해요': '76', '뷰가 좋아요': '43', '가성비가 좋아요': '41', '화장실이 깨끗해요': '40', '집중하기 좋아요': '33', '차분한 분위기에요': '3', '주차하기 편해요': '3', '빵이 맛있어요': '1', '아늑해요': '1'}"
2439,성내1동 코타커피,코타커피,4.54,598,407,대구 중구 봉산문화길 86,"11:00 - 22:00
21:30 라스트오더",010-4007-6868,http://instagram.com/cottacoffee_,그린코타/그레이코타/버터바/밤바스크치즈케이크갸또맛집 *홀케이크포장가능,공사중,"{'커피가 맛있어요': '294', '디저트가 맛있어요': '166', '인테리어가 멋져요': '164', '음료가 맛있어요': '150', '대화하기 좋아요': '107', '친절해요': '98', '특별한 메뉴가 있어요': '89', '사진이 잘 나와요': '83', '매장이 청결해요': '64', '가성비가 좋아요': '35', '좌석이 편해요': '28', '뷰가 좋아요': '25', '집중하기 좋아요': '12', '화장실이 깨끗해요': '12', '주차하기 편해요': '4', '오래 머무르기 좋아요': '1'}"
2440,성내2동 어울리커피클럽,어울리커피클럽,4.5,109,168,대구 중구 북성로 104-9 어울리커피클럽,NO INFO,0507-1377-9997,NO INFO,"어울리 커피 클럽은 커피 제조 및 가공, 판매를 주력으로 합니다. 고객이 커피가 지닌 대표적인 향과 맛을 즐겁게 느낄 수 있는 커피 하우...",공사중,"{'커피가 맛있어요': '30', '음료가 맛있어요': '10', '대화하기 좋아요': '10', '좌석이 편해요': '8', '인테리어가 멋져요': '8', '친절해요': '8', '디저트가 맛있어요': '6', '사진이 잘 나와요': '5', '특별한 메뉴가 있어요': '5', '집중하기 좋아요': '4', '매장이 청결해요': '3', '가성비가 좋아요': '2', '화장실이 깨끗해요': '2', '주차하기 편해요': '1', '뷰가 좋아요': '1'}"
2441,성내3동 카페 1.14km,1.14km,4.64,44,46,대구 중구 북성로 59-1 카페 1.14km,"12:00 - 01:00
00:30 라스트오더",010-9541-3696,http://instagram.com/cafe1.14km,"대구 최초의 바이크카페 입니다. 꼭 라이더가 아니더라도 많이들 방문해주셔서 감사합니다.
새로운 느낌의 카페, 젊고 활기찬 기운을 받으시고 따뜻한 느낌의 인테리어로 편안하게 방문하실 수 있습니다.

주차는 평일 오후 6시 이후, 
토요일 오후 1시 이후,
일요일 하루종일 편안하게 주차하실 수 있습니다.",공사중,"{'커피가 맛있어요': '12', '친절해요': '7', '주차하기 편해요': '6', '매장이 청결해요': '6', '음료가 맛있어요': '5', '인테리어가 멋져요': '5', '대화하기 좋아요': '5', '디저트가 맛있어요': '4', '사진이 잘 나와요': '4', '특별한 메뉴가 있어요': '2', '좌석이 편해요': '1', '가성비가 좋아요': '1', '화장실이 깨끗해요': '1', '뷰가 좋아요': '1'}"
2442,성내3동 라디오데이즈,라디오데이즈,4.87,142,69,대구 중구 북성로 70-4 지상 1층,11:00 - 21:00,0507-1332-7648,NO INFO,"Radio Days 100년된 북성로 한옥을 개조하여 지어진 디저트카페입니다.
건강한 디저트와 쥬스를 만들기 위해 마가린, 유화제, 개량제, 착색제 등 일체의 인공화학첨가물을 사용하지 않습니다.

바스크치즈케이크는 밀가루0%, 첨가물0%, 설탕0%인 스테이아 설탕 100%으로 만드는 수제케이크로 칼로리 걱정없이 드실수 있습니다.

스콘과 쿠키는 밀가루0%, 100% 아몬드 가루만을 사용합니다.

쥬스는 설탕과 인공감미료, 착색제 0%로 100% 수제 착즙합니다.",공사중,"{'친절해요': '90', '인테리어가 멋져요': '69', '커피가 맛있어요': '59', '디저트가 맛있어요': '51', '대화하기 좋아요': '37', '음료가 맛있어요': '36', '사진이 잘 나와요': '36', '매장이 청결해요': '34', '뷰가 좋아요': '29', '특별한 메뉴가 있어요': '23', '좌석이 편해요': '20', '집중하기 좋아요': '15', '화장실이 깨끗해요': '15', '주차하기 편해요': '1', '가성비가 좋아요': '1'}"
2443,비산2동 몽구네애견카페,몽구네 애견카페,4,32,12,대구 중구 북성로3길 55 1층,08:00 - 19:00,010-9440-3899,#애견호텔,강아지유치원을 전문적으로 운영합니다,공사중,"{'친절해요': '5', '가격이 합리적이에요': '5', '커피가 맛있어요': '4', '음료가 맛있어요': '4', '동물을 배려한 환경이에요': '3', '디저트가 맛있어요': '1', '인테리어가 멋져요': '1'}"
2444,남산2동 캠프바이 커피명가,커피명가 캠프바이커피명가,4.51,639,128,대구 중구 서성로 20 매일신문사 사옥 1층,08:00 - 21:00,053-422-0892,http://www.myungga.com,"중요한 결정을 하는 작전 캠프처럼 또는 편안한 휴식이 있는
캠핑장의 캠프처럼
공간이 활용되기를 희망하며 만들어졌습니다.

갤러리와 함께 하는 넓은 공간과 계산 성당 방향으로 밝게 트인 전망
따뜻한 볕이 가득 드는 창 너머로 들리는 성당의 종소리가 마음을 편하게 하는 공간입니다.

평온한 시간을 준비하겠습니다.",공사중,"{'커피가 맛있어요': '225', '디저트가 맛있어요': '97', '매장이 청결해요': '88', '대화하기 좋아요': '84', '음료가 맛있어요': '81', '친절해요': '79', '뷰가 좋아요': '58', '좌석이 편해요': '53', '인테리어가 멋져요': '50', '주차하기 편해요': '45', '특별한 메뉴가 있어요': '29', '사진이 잘 나와요': '23', '화장실이 깨끗해요': '20', '가성비가 좋아요': '15', '집중하기 좋아요': '15', '음식이 빨리 나와요': '1', '매장이 넓어요': '1', '오래 머무르기 좋아요': '1'}"
2445,남산2동 나봄,나봄,초기값,89,52,대구 중구 서성로 4 1층 나봄,"12:00 - 20:00
19:55 라스트오더",010-9164-0393,https://instagram.com/nabom_cafe_?igshid=YmMyMTA2M2Y=,"주차는 인근 유료주차장을 이용해주세요. :D

사장놈이 정성스럽게 만드는 수제디저트 그리고 견습생인 라떼를 이뻐해주세요.",공사중,"{'디저트가 맛있어요': '52', '친절해요': '51', '음료가 맛있어요': '35', '매장이 청결해요': '33', '커피가 맛있어요': '32', '특별한 메뉴가 있어요': '31', '가성비가 좋아요': '16', '반려동물과 가기 좋아요': '13', '인테리어가 멋져요': '10', '화장실이 깨끗해요': '7', '사진이 잘 나와요': '5', '집중하기 좋아요': '5', '대화하기 좋아요': '5', '뷰가 좋아요': '5', '좌석이 편해요': '2', '컨셉이 독특해요': '2', '아늑해요': '2', '빵이 맛있어요': '1', '양이 많아요': '1'}"
2446,성내3동 요거프레소 서성네거리점,요거프레소 서성네거리점,초기값,25,2,"대구 중구 서성로 42 1, 2층",09:00 - 21:00,0507-1365-2390,https://baemin.me/o-3dxph89,"안녕하세요!!
요거프레소 서성네거리점 입니다:)
한 잔의 행복을 드려요
1,2 층 쾌적한 공간으로 어서오세요~~:)
멍멍이 친구들도 어서오세요:)
(강아지 이동가방 필수입니당/ 멍멍이 친구들은 꼭 품에 안아주세요!! 짖음, 배변실수는 안되요ㅠ_ㅠ)",공사중,"{'음료가 맛있어요': '14', '친절해요': '14', '매장이 청결해요': '13', '좌석이 편해요': '10', '디저트가 맛있어요': '10', '특별한 메뉴가 있어요': '6', '커피가 맛있어요': '5', '인테리어가 멋져요': '5', '집중하기 좋아요': '5', '뷰가 좋아요': '5', '가성비가 좋아요': '3', '대화하기 좋아요': '3', '화장실이 깨끗해요': '2', '주차하기 편해요': '1'}"
2447,비산3동 더디퍼,더 디퍼,4.53,741,737,대구 중구 서성로 67,10:00 - 22:00,0507-1336-9951,https://www.instagram.com/thediffer_by_designj,공연 전시 소품 카페 복합적으로 즐길수 있는 공간입니다,공사중,"{'인테리어가 멋져요': '291', '커피가 맛있어요': '173', '사진이 잘 나와요': '167', '주차하기 편해요': '134', '음료가 맛있어요': '97', '대화하기 좋아요': '84', '좌석이 편해요': '78', '디저트가 맛있어요': '70', '친절해요': '53', '매장이 청결해요': '52', '가성비가 좋아요': '29', '특별한 메뉴가 있어요': '25', '화장실이 깨끗해요': '25', '뷰가 좋아요': '19', '집중하기 좋아요': '11', '매장이 넓어요': '1'}"
2448,성내3동 카페봄봄 북성로점,카페봄봄 북성로점,4.66,160,초기값,대구 중구 서성로 82,NO INFO,053-424-0036,NO INFO,NO INFO,공사중,"{'커피가 맛있어요': '68', '가성비가 좋아요': '59', '음료가 맛있어요': '55', '친절해요': '38', '디저트가 맛있어요': '11', '매장이 청결해요': '7', '특별한 메뉴가 있어요': '5', '사진이 잘 나와요': '4', '대화하기 좋아요': '4', '뷰가 좋아요': '4', '좌석이 편해요': '3', '인테리어가 멋져요': '2', '화장실이 깨끗해요': '2', '주차하기 편해요': '1', '집중하기 좋아요': '1'}"
2449,성내3동 구디쉬,구디쉬,초기값,22,55,대구 중구 서성로14길 56 1층 구디쉬,NO INFO,0507-1359-9353,NO INFO,"유럽의 골목을 걷다 마주한 카페가 있다면, 커피를 마시다 보면 지금 유럽에 와있는듯한 느낌을 받고싶다면, 대구에서 유럽의 로망을 느끼고 싶다면 저희 goodish로 오세요

매일매일 베이킹 되어서 나오는 저희의 다양한 베이커리를 즐겨보세요.

*반려동물 테라스에 한해 입장가능
(이용수칙준수,동물보호법상 지정된 맹견은 출입이 제한될 수 있습니다.)",공사중,"{'커피가 맛있어요': '11', '인테리어가 멋져요': '10', '사진이 잘 나와요': '10', '친절해요': '8', '디저트가 맛있어요': '7', '매장이 청결해요': '6', '음료가 맛있어요': '4', '특별한 메뉴가 있어요': '4', '대화하기 좋아요': '3', '뷰가 좋아요': '3', '좌석이 편해요': '2', '음악이 좋아요': '2'}"
2450,성내3동 카페향촌,카페향촌,초기값,41,23,대구 중구 서성로14길 74 1층,11:00 - 20:00,0507-1327-5358,NO INFO,"경상감영공원이 보이는 1,2층 카페입니다",공사중,"{'뷰가 좋아요': '23', '디저트가 맛있어요': '19', '인테리어가 멋져요': '19', '커피가 맛있어요': '18', '친절해요': '16', '사진이 잘 나와요': '10', '음료가 맛있어요': '9', '대화하기 좋아요': '9', '매장이 청결해요': '7', '특별한 메뉴가 있어요': '4', '좌석이 편해요': '2', '집중하기 좋아요': '2', '가성비가 좋아요': '1'}"
2451,성내2동 딥커피로스터스 향촌,딥커피로스터스 향촌,4.8,184,403,대구 중구 서성로14길 84 회색건물 2층,NO INFO,0507-1467-9322,https://www.instagram.com/deep_coffee_roasters,안녕하세요. 딥커피로스터스 향촌입니다:),공사중,"{'커피가 맛있어요': '123', '뷰가 좋아요': '54', '인테리어가 멋져요': '48', '친절해요': '42', '사진이 잘 나와요': '35', '디저트가 맛있어요': '31', '매장이 청결해요': '31', '가성비가 좋아요': '30', '특별한 메뉴가 있어요': '29', '대화하기 좋아요': '28', '음료가 맛있어요': '24', '집중하기 좋아요': '10', '화장실이 깨끗해요': '10', '좌석이 편해요': '3', '음식이 빨리 나와요': '1', '주차하기 편해요': '1'}"
2452,성내2동 퍼센트14-3,퍼센트14 3,초기값,247,369,대구 중구 서성로14길 92,11:30 - 21:00,0507-1428-0711,https://instagram.com/percent14_3,"적산가옥, 한옥, 고즈넉, 나무, 조용한, 편한자리",공사중,"{'인테리어가 멋져요': '59', '커피가 맛있어요': '45', '음료가 맛있어요': '32', '대화하기 좋아요': '32', '친절해요': '25', '좌석이 편해요': '24', '디저트가 맛있어요': '19', '사진이 잘 나와요': '16', '특별한 메뉴가 있어요': '15', '매장이 청결해요': '15', '집중하기 좋아요': '13', '화장실이 깨끗해요': '9', '뷰가 좋아요': '7', '가성비가 좋아요': '3'}"
2453,도원동 온니컵로스터리,온니컵 로스터리,초기값,16,33,대구 중구 서성로16길 51 1층,"14:00 - 18:00
17:50 라스트오더",0507-1351-2146,https://www.instagram.com/onlycup_,안녕하세요 생동감 있는 커피를 전하는 온니컵로 스터리 입니다. (메뉴) 온니컵로스터리 에서만 제 공되는 에스프레소 시그니처로 준비된 에...,공사중,"{'커피가 맛있어요': '12', '친절해요': '9', '특별한 메뉴가 있어요': '6', '음료가 맛있어요': '4', '인테리어가 멋져요': '4', '매장이 청결해요': '4', '가성비가 좋아요': '3', '대화하기 좋아요': '3', '디저트가 맛있어요': '2', '집중하기 좋아요': '1'}"
2454,성내2동 브릭커피,브릭커피,4.36,65,139,대구 중구 서성로16길 78 브릭컴퍼니 1층,12:00 - 21:30,053-423-1678,https://instagram.com/brick_coffee_?igshid=t6tw9ot1rv5n,"영국의 감성을 지닌, 대구복합문화공간 “브릭”입 니다. 오랜 경력을 지닌 로컬바리스타의 퀄리티 있는 커피를 즐겨보시기를 바랍니다. 매...",공사중,"{'커피가 맛있어요': '6', '인테리어가 멋져요': '5', '친절해요': '3', '주차하기 편해요': '3', '사진이 잘 나와요': '2', '뷰가 좋아요': '2', '좌석이 편해요': '1', '디저트가 맛있어요': '1', '음료가 맛있어요': '1', '특별한 메뉴가 있어요': '1', '대화하기 좋아요': '1'}"
2455,성내3동 나스커피로스터스,나스커피로스터스,초기값,41,6,대구 중구 약령길 33-38,"11:00 - 22:00
21:30 라스트오더",0507-1315-5458,NO INFO,NO INFO,공사중,"{'커피가 맛있어요': '21', '인테리어가 멋져요': '17', '친절해요': '17', '매장이 청결해요': '15', '사진이 잘 나와요': '10', '대화하기 좋아요': '9', '음료가 맛있어요': '8', '화장실이 깨끗해요': '8', '집중하기 좋아요': '4', '좌석이 편해요': '2', '가성비가 좋아요': '2', '뷰가 좋아요': '2', '디저트가 맛있어요': '1', '메뉴 구성이 알차요': '1'}"
2456,이천동 김진수로스터리카페,김진수로스터리카페,4.49,1272,710,대구 중구 이천로 205,"10:00 - 23:00
22:30 라스트오더",053-425-2478,https://www.mirocoffee.com,NO INFO,공사중,"{'커피가 맛있어요': '440', '주차하기 편해요': '211', '대화하기 좋아요': '146', '음료가 맛있어요': '141', '디저트가 맛있어요': '121'}"
2457,대봉2동 로스팅 파츠,로스팅 파츠,4.81,147,94,대구 중구 이천로 229-7,"11:00 - 21:00
20:30 라스트오더",053-253-5222,https://www.instagram.com/roasting_farts,"[시그니처] 귀요미 곰돌이무스케잌과 로스티드아몬드크림라떼가 대표메뉴인 대구 봉산동 카페
매장방문이 어려우신분들을 위해 (버터먹은붕어빵 반월당점)으로 부담없는 배달료로 배민에서 주문가능(중구전지역)
중구외지역은 배민1
모든 메뉴는 개별포장되며,음료는 hot/ice 캔으로 밀봉하여 가정이나 직장내에서도 매장에서 드시는 퀄리티로 제공됩니다.",공사중,"{'커피가 맛있어요': '46', '디저트가 맛있어요': '34', '음료가 맛있어요': '34', '친절해요': '31', '인테리어가 멋져요': '25', '특별한 메뉴가 있어요': '21', '가성비가 좋아요': '20', '대화하기 좋아요': '20', '사진이 잘 나와요': '17', '매장이 청결해요': '14', '좌석이 편해요': '8', '집중하기 좋아요': '4', '화장실이 깨끗해요': '4', '주차하기 편해요': '1', '뷰가 좋아요': '1'}"
2458,남산2동 반월라떼,반월라떼,초기값,33,25,대구 중구 재마루길 3 1층 반월라떼,NO INFO,0507-1365-7424,NO INFO,계산오거리 남산지구대 바로 옆에 위치하고 있어요. 오랜건물의 자연스런 갬성과 모든 메뉴를 핸드메이드하여 차별화에 신경썼어요. 내부의 가파른 나무계단을 오를 용기만 있다면 포토존과 티테이블이 자리잡고 있어요.,공사중,"{'커피가 맛있어요': '21', '음료가 맛있어요': '17', '인테리어가 멋져요': '14', '친절해요': '13', '매장이 청결해요': '12', '사진이 잘 나와요': '11', '뷰가 좋아요': '10', '특별한 메뉴가 있어요': '6', '가성비가 좋아요': '5', '대화하기 좋아요': '4', '화장실이 깨끗해요': '4', '디저트가 맛있어요': '2', '집중하기 좋아요': '2'}"
2459,남산3동 핸썸커피 남산점,핸썸커피 남산점,초기값,230,8,대구 중구 재마루길 77 상가동 1동 106호,NO INFO,053-257-1124,NO INFO,"HANDSOME COFFEE 핸드메이드와 썸을 타다.
고객을 Vip로 모신다는 마음가짐으로 블랜딩 했습니다.
품격있고 우아한 맛과 향을 가진 스페셜티 커피와
매일 직접 구워내는 베이커리를 착한가격에 드립니다~ 커피 전 메뉴 디카페인 변경 가능합니다.",공사중,"{'커피가 맛있어요': '132', '친절해요': '66', '음료가 맛있어요': '59', '디저트가 맛있어요': '33', '가성비가 좋아요': '32', '매장이 청결해요': '17', '인테리어가 멋져요': '7', '특별한 메뉴가 있어요': '7', '대화하기 좋아요': '6', '주차하기 편해요': '3', '사진이 잘 나와요': '2', '집중하기 좋아요': '2', '좌석이 편해요': '1', '포장이 깔끔해요': '1'}"
2460,성내2동 투썸플레이스 대구종로점,투썸플레이스 대구종로점,초기값,1080,23,대구 중구 종로 31,"10:00 - 23:00
22:30 라스트오더",0507-1330-0007,NO INFO,NO INFO,공사중,"{'커피가 맛있어요': '237', '디저트가 맛있어요': '150', '음료가 맛있어요': '140', '대화하기 좋아요': '137', '좌석이 편해요': '135', '친절해요': '127', '매장이 청결해요': '109', '집중하기 좋아요': '53', '인테리어가 멋져요': '50', '화장실이 깨끗해요': '48', '가성비가 좋아요': '24', '특별한 메뉴가 있어요': '22', '뷰가 좋아요': '13', '사진이 잘 나와요': '11'}"
2461,성내3동 카페샌프란시스코,샌프란시스코,4.39,203,165,대구 중구 종로 47 동양빌딩 1층 샌프란시스코,11:00 - 23:00,010-4386-3238,http://instagram.com/da6cafesanfrancisco,다육카페 샌프란시스코는 다육과 화분을 사랑하 는 사람들이 모여서 같이 어울리는 장에서 유래 하였습니다. 계산동에서 7년 동안 운영을 ...,공사중,"{'인테리어가 멋져요': '75', '커피가 맛있어요': '63', '디저트가 맛있어요': '57', '친절해요': '49', '뷰가 좋아요': '32', '음료가 맛있어요': '30', '매장이 청결해요': '30', '대화하기 좋아요': '27', '특별한 메뉴가 있어요': '22', '사진이 잘 나와요': '20', '좌석이 편해요': '15', '주차하기 편해요': '15', '가성비가 좋아요': '6', '화장실이 깨끗해요': '6', '집중하기 좋아요': '4'}"
2462,성내2동 드리퍼베이커,드리퍼베이커,초기값,134,168,대구 중구 종로 57 1층 드리퍼베이커,"08:00 - 20:00
19:30 라스트오더",010-2672-8022,https://www.instagram.com/dripper_baker,드리퍼가 내려드리는 핸드드립 커피와 베이커가 구워내는 비건디저트를 제공해드리는 Vegan 카 페 입니다. 핸드드립커피의 원두는 조금씩...,공사중,"{'커피가 맛있어요': '71', '디저트가 맛있어요': '70', '친절해요': '63', '특별한 메뉴가 있어요': '47', '매장이 청결해요': '34', '인테리어가 멋져요': '33', '음료가 맛있어요': '29', '화장실이 깨끗해요': '19', '대화하기 좋아요': '17', '사진이 잘 나와요': '13', '가성비가 좋아요': '9', '좌석이 편해요': '5', '집중하기 좋아요': '3', '뷰가 좋아요': '3'}"
2463,성내2동 백금당 종로점,백금당 종로점,4.82,321,116,대구 중구 종로 71 2층,NO INFO,0507-1344-8346,http://instagram.com/baekgeumdang_jongro,"백금당커피와 팬케이크가 시그니처인 디저트카페 입니다.
백금당케이크 포장 배달 가능합니다.
단체모임 가능합니다.",공사중,"{'디저트가 맛있어요': '150', '커피가 맛있어요': '123', '친절해요': '116', '인테리어가 멋져요': '103', '음료가 맛있어요': '80', '매장이 청결해요': '78', '대화하기 좋아요': '61', '사진이 잘 나와요': '60', '특별한 메뉴가 있어요': '58', '좌석이 편해요': '27', '뷰가 좋아요': '27', '화장실이 깨끗해요': '21', '집중하기 좋아요': '16', '가성비가 좋아요': '12', '주차하기 편해요': '4'}"
2464,성내3동 이씨씨커피,이씨씨커피,4.57,1148,991,대구 중구 종로 72,"08:00 - 21:00
20:30 라스트오더",0507-1421-3928,http://instagram.com/ecc.coffee,이씨씨는 어울리커피라는 납품 업체를 기반으로 고객님들에게 다가가는 카페입니다. 고객과 소통하며 하루의 즐거움을 드릴 수 있는 그런 커피가 되고 싶습니다.,공사중,"{'커피가 맛있어요': '438', '인테리어가 멋져요': '230', '디저트가 맛있어요': '143', '사진이 잘 나와요': '142', '음료가 맛있어요': '135', '친절해요': '128', '대화하기 좋아요': '105', '매장이 청결해요': '67', '뷰가 좋아요': '63', '특별한 메뉴가 있어요': '47', '가성비가 좋아요': '42', '좌석이 편해요': '28', '집중하기 좋아요': '25', '화장실이 깨끗해요': '25', '주차하기 편해요': '3', '아늑해요': '2', '음악이 좋아요': '1', '매장이 넓어요': '1'}"
2465,성내3동 코그커피,코그커피,4.7,182,532,대구 중구 종로 78 1층,"08:00 - 20:00
19:30 라스트오더",0507-1408-5478,https://www.instagram.com/,"선명하고 생동감있는 커피를
추구하는 로스터리 카페입니다.

since 2016",공사중,"{'커피가 맛있어요': '72', '친절해요': '40', '음료가 맛있어요': '38', '인테리어가 멋져요': '37', '디저트가 맛있어요': '27', '특별한 메뉴가 있어요': '25', '대화하기 좋아요': '20', '매장이 청결해요': '18', '사진이 잘 나와요': '16', '가성비가 좋아요': '6', '집중하기 좋아요': '6', '좌석이 편해요': '4', '화장실이 깨끗해요': '1'}"
2466,남산2동 매스커피 반월당점,매스커피 반월당점,4.75,143,17,대구 중구 종로 8,07:30 - 21:30,053-422-8994,https://www.instagram.com/masscoffee_,NO INFO,공사중,"{'커피가 맛있어요': '93', '음료가 맛있어요': '27', '가성비가 좋아요': '23', '친절해요': '19', '특별한 메뉴가 있어요': '12', '디저트가 맛있어요': '7', '매장이 청결해요': '4', '대화하기 좋아요': '2', '화장실이 깨끗해요': '2', '인테리어가 멋져요': '1', '사진이 잘 나와요': '1', '뷰가 좋아요': '1'}"
2467,남산1동 메이커피,MAYCOFFEE,4.47,263,초기값,대구 중구 중앙대로 267,"08:30 - 21:30
21:00 라스트오더",053-255-0722,NO INFO,"최고급의 신선한 원두를 로스팅하여, 합리적인 가격으로 고객여러분께 드립니다",공사중,"{'커피가 맛있어요': '90', '친절해요': '62', '음료가 맛있어요': '44', '매장이 청결해요': '37', '가성비가 좋아요': '36', '대화하기 좋아요': '18', '좌석이 편해요': '13', '인테리어가 멋져요': '11', '디저트가 맛있어요': '10', '특별한 메뉴가 있어요': '9', '집중하기 좋아요': '6', '주차하기 편해요': '4', '사진이 잘 나와요': '4', '화장실이 깨끗해요': '1', '뷰가 좋아요': '1'}"
2468,남산3동 투썸플레이스 대구남산점,투썸플레이스 대구남산점,4.34,408,16,대구 중구 중앙대로 295,08:30 - 22:00,053-255-8855,NO INFO,NO INFO,공사중,"{'커피가 맛있어요': '100', '디저트가 맛있어요': '72', '음료가 맛있어요': '52', '매장이 청결해요': '50', '대화하기 좋아요': '41', '친절해요': '36', '집중하기 좋아요': '31', '좌석이 편해요': '29', '인테리어가 멋져요': '19', '화장실이 깨끗해요': '18', '가성비가 좋아요': '17', '주차하기 편해요': '14', '특별한 메뉴가 있어요': '13', '사진이 잘 나와요': '9', '뷰가 좋아요': '7'}"
2469,남산1동 아나바커피,아나바커피,초기값,28,30,대구 중구 중앙대로 354-34 1호(남산동),NO INFO,0507-1368-4929,https://www.instagram.com/anaba_coffee/,NO INFO,공사중,"{'커피가 맛있어요': '23', '친절해요': '14', '디저트가 맛있어요': '9', '음료가 맛있어요': '8', '가성비가 좋아요': '8', '인테리어가 멋져요': '6', '매장이 청결해요': '6', '대화하기 좋아요': '5', '사진이 잘 나와요': '3', '좌석이 편해요': '1', '음악이 좋아요': '1', '주차하기 편해요': '1', '특별한 메뉴가 있어요': '1', '집중하기 좋아요': '1'}"
2470,성내1동 더기커피,더기커피,4.71,616,603,대구 중구 중앙대로 376-20 1F,NO INFO,0507-1312-4384,http://instagram.com/duggy_coffee?igshid=j4wi1fagz13b,동성로 통신골목에 위치한 더기커피는 커피도 하나의 예술이며 바리스타는 한 명의 아티스트다 라는 슬로건을 가지고 커피 한 잔에 가치를 담아 정성스럽게 준비하고 있습니다. 저희 매장의 시그니처 음료는 라떼인데 일반 우유를 사용하지 않고 원두 특성에 맞는 우유를 개발하여 블랜딩 된 우유를 사용하고 있습니다. 커피와 함께하기 좋은 구움과자를 매일 아침 당일 생산하고 있습니다. 구움과자는 오전 10시부터 순차적으로 구워 준비됩니다.,공사중,"{'커피가 맛있어요': '301', '디저트가 맛있어요': '159', '친절해요': '116', '음료가 맛있어요': '89', '특별한 메뉴가 있어요': '62', '매장이 청결해요': '45', '인테리어가 멋져요': '44', '가성비가 좋아요': '39', '대화하기 좋아요': '37', '아늑해요': '34', '차분한 분위기에요': '29', '음악이 좋아요': '14', '포장이 깔끔해요': '13', '사진이 잘 나와요': '12', '선물하기 좋아요': '5', '좌석이 편해요': '2', '특별한 날 가기 좋아요': '2', '주차하기 편해요': '1', '집중하기 좋아요': '1', '화장실이 깨끗해요': '1', '뷰가 좋아요': '1'}"
2471,성내1동 타르타르 대구동성로점,타르타르 대구동성로점,4.52,966,314,대구 중구 중앙대로 378,10:00 - 22:30,1800-1722,https://www.instagram.com/tarrtarr_daegu,맛있고 달콤한 타르트 입이 즐겁고 행복한 시간~ 다양한 타르트를 만나볼수 있는 공간 입니다,공사중,"{'디저트가 맛있어요': '428', '친절해요': '138', '특별한 메뉴가 있어요': '138', '매장이 청결해요': '99', '인테리어가 멋져요': '47', '음료가 맛있어요': '43', '커피가 맛있어요': '41', '대화하기 좋아요': '33', '좌석이 편해요': '28', '가성비가 좋아요': '26', '사진이 잘 나와요': '25', '뷰가 좋아요': '10', '집중하기 좋아요': '8', '화장실이 깨끗해요': '6', '주차하기 편해요': '3'}"
2472,성내3동 커피뉴,뉴마왕핫도그 & 르르르 커피,초기값,50,12,"대구 중구 중앙대로 391 1층 129호(동성로3가, 에비뉴8번가",NO INFO,0507-1307-2859,https://instagram.com/_newmawanghotdog_rrrcoffee?igshid=YmMyMTA2M2Y=,"뉴마왕핫도그(중구점) x 르르르커피는
오븐에 구운 핫도그와 커피를 파는곳입니다.
토핑재료는 직접만들고 있으며, 바삭 촉촉하고 푸짐한
핫도그를 맛보실수있습니다^^",공사중,"{'친절해요': '32', '매장이 청결해요': '29', '커피가 맛있어요': '20', '특별한 메뉴가 있어요': '20', '가성비가 좋아요': '19', '음료가 맛있어요': '18', '인테리어가 멋져요': '15', '주차하기 편해요': '15', '디저트가 맛있어요': '10', '좌석이 편해요': '7', '사진이 잘 나와요': '4', '집중하기 좋아요': '3', '대화하기 좋아요': '3'}"
2473,남산2동 노스폴,노스폴,4.51,383,301,대구 중구 중앙대로 392 4층,"13:00 - 21:00
20:00 라스트오더",0507-1375-0888,http://instagram.com/northpole_cafe,아늑하고 따뜻한 느낌의 카페,공사중,"{'음료가 맛있어요': '79', '인테리어가 멋져요': '59', '친절해요': '55', '디저트가 맛있어요': '54', '커피가 맛있어요': '46', '사진이 잘 나와요': '39', '아늑해요': '29', '매장이 청결해요': '27', '대화하기 좋아요': '26', '음악이 좋아요': '20', '파티하기 좋아요': '16', '좌석이 편해요': '14', '메뉴 구성이 알차요': '11', '특별한 메뉴가 있어요': '11', '종류가 다양해요': '9', '화장실이 깨끗해요': '4', '뷰가 좋아요': '3', '가성비가 좋아요': '2', '집중하기 좋아요': '1'}"
2474,성내2동 메가MGC커피 동성로점,메가MGC커피 대구동성로점,4.48,1322,23,대구 중구 중앙대로 395,NO INFO,053-253-9996,http://www.megacoffee.me/,"안녕하세요. 대구 동성로 에 입점한 메가커피 입니다
큰싸이즈 & 맛 & 가격 모두 자신 있습니다!! 1번씩만 방문해주세요~",공사중,"{'커피가 맛있어요': '426', '가성비가 좋아요': '399', '친절해요': '344', '음료가 맛있어요': '305', '디저트가 맛있어요': '116', '매장이 청결해요': '113', '특별한 메뉴가 있어요': '88', '좌석이 편해요': '75', '대화하기 좋아요': '59', '화장실이 깨끗해요': '46', '인테리어가 멋져요': '31', '집중하기 좋아요': '28', '사진이 잘 나와요': '12', '뷰가 좋아요': '12', '주차하기 편해요': '11', '음식이 빨리 나와요': '1', '종류가 다양해요': '1'}"
2475,성내1동 이디야커피 대구동성로점,이디야커피 동성로점,4.52,875,26,대구 중구 중앙대로 400-1,08:00 - 22:00,053-428-2929,http://www.ediya.com/,"Always beside you, EDIYA COFFEE
일상 속 모두에게 커피를 통한 휴식과 영감을 제공하는 이디야커피는,
대한민국의 커피 문화를 만들어가는 가장 가까운 안식처입니다.",공사중,"{'커피가 맛있어요': '210', '음료가 맛있어요': '181', '가성비가 좋아요': '120', '친절해요': '117', '디저트가 맛있어요': '74', '매장이 청결해요': '66', '좌석이 편해요': '60', '대화하기 좋아요': '53', '집중하기 좋아요': '42', '특별한 메뉴가 있어요': '25', '인테리어가 멋져요': '14', '화장실이 깨끗해요': '13', '뷰가 좋아요': '12', '사진이 잘 나와요': '6', '주차하기 편해요': '3', '아늑해요': '1', '선물하기 좋아요': '1', '오래 머무르기 좋아요': '1'}"
2476,성내1동 슬로우터틀 중앙로점,슬로우터틀 중앙대로점,4.63,1023,197,대구 중구 중앙대로 412-52 1층,10:30 - 22:30,010-4083-5196,NO INFO,"SINCE 2012.8

슬로우터틀은 직영매장으로만 운영 됩니다.

모든 근무자는 정직원으로써 슬로우터틀의 가족입니다.

최고의 가치를 지키기 위해 항상 노력하며,

함께 하기 위해서는 더욱 발전하여야 하는 것을 알기에

오늘도 고객님의 소중한 시간내어 발걸음 헛되이지 않도록 

항상 고개숙여 감사함과

머무시는 동안 부족함 없도록 항상 준비하고 노력하겠습니다.",공사중,"{'디저트가 맛있어요': '375', '커피가 맛있어요': '215', '음료가 맛있어요': '207', '인테리어가 멋져요': '154', '친절해요': '142', '매장이 청결해요': '132', '특별한 메뉴가 있어요': '82', '대화하기 좋아요': '78', '사진이 잘 나와요': '64', '화장실이 깨끗해요': '57', '좌석이 편해요': '47', '가성비가 좋아요': '43', '뷰가 좋아요': '13', '집중하기 좋아요': '11', '주차하기 편해요': '3'}"
2477,성내2동 블루샥 동성로점,블루샥 대구 동성로점,4.89,477,70,대구 중구 중앙대로 413 1층 블루샥,07:00 - 22:00,0507-1453-0383,http://www.blushaak.co.kr/,"부담없는 가격에 고품질의 스페셜티 커피와 시그니처 메뉴들을 제공합니다.
블루샥의 시그니처인 샥라떼는 아메리카노를 좋아하시는 분과 라떼를 좋아하시는 분을 동시에 만족시켜 드리기 위해 만들었습니다
블루샥은 모든 메뉴를 매장에서 직접 만듭니다. 베이커리를 오븐에 직접 굽고, 모든 음료 베이스를 좋은 재료로 직접 만들어 맛과 풍미가 진합니다. 기성품을 이용한 메뉴와는 차별화 된 맛을 느끼실 수 있습니다
일본 교토산 프리미엄 말차, 프랑스산 발로나 초콜렛, 프랑스산 이즈니 버터, 프랑스 프리미엄 티브랜드 쿠스미티까지 블루샥의 모든 메뉴는 최고급 재료만을 사용하여 정성껏 만들었습니다.

블루샥대구 블루샥대구동성로 블루샥 동성로",공사중,"{'커피가 맛있어요': '125', '친절해요': '70', '음료가 맛있어요': '57', '매장이 청결해요': '46', '가성비가 좋아요': '40', '특별한 메뉴가 있어요': '24', '인테리어가 멋져요': '23', '디저트가 맛있어요': '18', '좌석이 편해요': '16', '사진이 잘 나와요': '10', '대화하기 좋아요': '9', '화장실이 깨끗해요': '6', '집중하기 좋아요': '5', '뷰가 좋아요': '2', '주차하기 편해요': '1'}"
2478,성내2동 파스쿠찌 대구중앙로점,파스쿠찌 대구중앙로점,4.46,716,31,대구 중구 중앙대로 421 파스쿠찌 대구중앙로점,08:00 - 24:00,053-253-8388,NO INFO,영업시간 : 오전 8시 ~ 밤 12시,공사중,"{'커피가 맛있어요': '111', '집중하기 좋아요': '76', '친절해요': '69', '음료가 맛있어요': '68', '좌석이 편해요': '65', '대화하기 좋아요': '59', '매장이 청결해요': '55', '디저트가 맛있어요': '44', '인테리어가 멋져요': '25', '뷰가 좋아요': '23', '특별한 메뉴가 있어요': '18', '화장실이 깨끗해요': '16', '가성비가 좋아요': '14', '주차하기 편해요': '11', '사진이 잘 나와요': '5', '룸이 잘 되어있어요': '1', '종류가 다양해요': '1'}"
2479,남산1동 둥블랑,카페둥블랑,초기값,17,5,대구 중구 중앙대로58길 49,11:00 - 21:00,010-6616-9876,NO INFO,open 08:00 close 24:00 last order 23:40,공사중,"{'커피가 맛있어요': '10', '친절해요': '9', '매장이 청결해요': '7', '음료가 맛있어요': '6', '디저트가 맛있어요': '4', '대화하기 좋아요': '4', '인테리어가 멋져요': '2', '가성비가 좋아요': '2', '집중하기 좋아요': '2'}"
2480,남산1동 댕댕 브라우니,댕댕 브라우니,초기값,77,56,대구 중구 중앙대로58길 49 1층 105호,11:00 - 20:00,010-5483-1275,https://blog.naver.com/qhfka2238,NO INFO,공사중,"{'친절해요': '54', '품질이 좋아요': '46', '주문제작을 잘해줘요': '45', '시설이 깔끔해요': '30', '설명이 자세해요': '29', '종류가 다양해요': '17', '예쁜 소품이 많아요': '16', '특색 있는 제품이 많아요': '13', '주차하기 편해요': '7', '사이즈가 다양해요': '5', '분위기가 편안해요': '3', '선물하기 좋아요': '1', '포장이 정성스러워요': '1'}"
2481,남산2동 모리스커피,모리스커피,초기값,90,91,대구 중구 중앙대로61길 15,11:00 - 20:00,0507-1416-0329,NO INFO,"믿음과 정직, 신뢰를 추구하는 모리스 커피입니다. 맛있읍니다. https://www.instagram.com/morris_coffeee",공사중,"{'커피가 맛있어요': '68', '인테리어가 멋져요': '54', '친절해요': '31', '사진이 잘 나와요': '31', '음료가 맛있어요': '20', '디저트가 맛있어요': '19', '대화하기 좋아요': '16', '특별한 메뉴가 있어요': '15', '가성비가 좋아요': '12', '매장이 청결해요': '8', '화장실이 깨끗해요': '4', '집중하기 좋아요': '3', '좌석이 편해요': '2', '뷰가 좋아요': '2'}"
2482,성내2동 스테드,스테드,초기값,577,507,대구 중구 중앙대로77길 14 sted,10:00 - 22:00,0507-1341-0739,https://www.instagram.com/stedcoffee,"저희 스테드는 정제된 큐레이션을 통해 소비자에 게 새로운 커피를 소개하고, 그 커피와 맞는 디저 트를 함께 제공하여 새로운 경험을 할 수 ...",공사중,"{'커피가 맛있어요': '248', '인테리어가 멋져요': '241', '디저트가 맛있어요': '197', '친절해요': '159', '사진이 잘 나와요': '144', '음료가 맛있어요': '133', '매장이 청결해요': '98', '특별한 메뉴가 있어요': '64', '대화하기 좋아요': '64', '좌석이 편해요': '48', '뷰가 좋아요': '43', '비싼 만큼 가치있어요': '38', '화장실이 깨끗해요': '18', '집중하기 좋아요': '14', '주차하기 편해요': '2'}"
2483,남산2동 겸카롱,겸카롱,4.66,303,667,대구 중구 중앙대로77길 51 겸카롱,NO INFO,0507-1448-1246,http://www.instagram.com/gyeomcaron,안녕하세요^^겸카롱입니다 자세한 문의나 예약은 전화 부탁드려요,공사중,"{'디저트가 맛있어요': '186', '특별한 메뉴가 있어요': '106', '인테리어가 멋져요': '88', '매장이 청결해요': '87', '친절해요': '69', '사진이 잘 나와요': '67', '가성비가 좋아요': '56', '음료가 맛있어요': '22', '커피가 맛있어요': '14', '좌석이 편해요': '7', '주차하기 편해요': '7', '뷰가 좋아요': '7', '대화하기 좋아요': '4', '집중하기 좋아요': '3', '선물하기 좋아요': '1', '화장실이 깨끗해요': '1', '종류가 다양해요': '1'}"
2484,성내2동 너에게간다,너에게 간다,4.5,170,152,"대구 중구 중앙대로79길 11 (남일동), 2층 너에게간다",12:00 - 22:30,0507-1437-9982,NO INFO,NO INFO,공사중,"{'커피가 맛있어요': '32', '음료가 맛있어요': '18', '디저트가 맛있어요': '15', '인테리어가 멋져요': '14', '대화하기 좋아요': '14', '친절해요': '13', '매장이 청결해요': '8', '사진이 잘 나와요': '6', '특별한 메뉴가 있어요': '6', '집중하기 좋아요': '6', '뷰가 좋아요': '5', '좌석이 편해요': '3', '가성비가 좋아요': '1'}"
2485,성내3동 맨션5,맨션5,4.4,856,1232,대구 중구 중앙대로79길 28 맨션5,NO INFO,053-421-1225,http://www.instagram.com/mansion5_daegu,NO INFO,공사중,"{'커피가 맛있어요': '175', '인테리어가 멋져요': '164', '디저트가 맛있어요': '130', '음료가 맛있어요': '91', '대화하기 좋아요': '85', '매장이 청결해요': '79', '사진이 잘 나와요': '74', '뷰가 좋아요': '69', '친절해요': '53', '특별한 메뉴가 있어요': '48', '좌석이 편해요': '31', '화장실이 깨끗해요': '24', '가성비가 좋아요': '14', '집중하기 좋아요': '11', '주차하기 편해요': '7', '야외 공간이 멋져요': '2', '오래 머무르기 좋아요': '1'}"
2486,성내2동 웨스트110,WEST110,4.4,162,초기값,대구 중구 중앙대로81길 110 1층,"10:00 - 19:00
18:30 라스트오더",053-254-0110,http://instagram.com/cafe_west110,NO INFO,공사중,"{'커피가 맛있어요': '29', '인테리어가 멋져요': '26', '매장이 청결해요': '26', '친절해요': '24', '가성비가 좋아요': '17', '음료가 맛있어요': '16', '디저트가 맛있어요': '8', '사진이 잘 나와요': '8', '대화하기 좋아요': '7', '좌석이 편해요': '5', '뷰가 좋아요': '5', '특별한 메뉴가 있어요': '4', '집중하기 좋아요': '3', '화장실이 깨끗해요': '2', '주차하기 편해요': '1'}"
2487,성내2동 랩디 본점,랩디 본점,4.5,190,117,대구 중구 중앙대로81길 14,NO INFO,053-425-0011,http://kakr.blog.me/,신선한원두로 재조하는 랩디 카페입니다.,공사중,"{'커피가 맛있어요': '69', '친절해요': '34', '음료가 맛있어요': '23', '특별한 메뉴가 있어요': '16', '매장이 청결해요': '16', '대화하기 좋아요': '14', '가성비가 좋아요': '13', '좌석이 편해요': '12', '디저트가 맛있어요': '12', '인테리어가 멋져요': '12', '집중하기 좋아요': '5', '주차하기 편해요': '3', '사진이 잘 나와요': '3', '컨셉이 독특해요': '1', '화장실이 깨끗해요': '1', '뷰가 좋아요': '1'}"
2488,성내2동 엘티알커피,엘티알커피,4.75,499,317,대구 중구 진골목길 12 1층,"12:00 - 21:00
20:30 라스트오더",0507-1314-9642,http://instagram.com/ltr_coffee,NO INFO,공사중,"{'커피가 맛있어요': '161', '친절해요': '125', '인테리어가 멋져요': '80', '음료가 맛있어요': '72', '디저트가 맛있어요': '69', '매장이 청결해요': '52', '대화하기 좋아요': '50', '사진이 잘 나와요': '47', '화장실이 깨끗해요': '25', '좌석이 편해요': '24', '특별한 메뉴가 있어요': '17', '뷰가 좋아요': '13', '집중하기 좋아요': '8', '가성비가 좋아요': '6', '아이와 가기 좋아요': '1', '주차하기 편해요': '1'}"
2489,남산2동 미도다방,미도다방,4.59,267,266,대구 중구 진골목길 14,09:30 - 22:00,053-252-9999,http://cityfood.co.kr/h.php?id=33213,"일본강점기 때 문을 열어 지금까지 영업하고 있는, 70년 이상의 오랜 전통을 가진 다방이다. 옛날식 다방의 모습은 물론 메뉴와 가격 또한 큰 변화없이 유지하고 있다.",공사중,"{'특별한 메뉴가 있어요': '85', '친절해요': '76', '음료가 맛있어요': '48', '대화하기 좋아요': '41', '인테리어가 멋져요': '40', '커피가 맛있어요': '37', '가성비가 좋아요': '31', '좌석이 편해요': '20', '디저트가 맛있어요': '17', '매장이 청결해요': '14', '사진이 잘 나와요': '11', '화장실이 깨끗해요': '7', '집중하기 좋아요': '4', '뷰가 좋아요': '4', '주차하기 편해요': '3'}"
2490,남산2동 커피인구,커피인구,4.79,183,330,대구 중구 진골목길 6 1층,11:00 - 21:00,010-4515-7010,https://www.instagram.com/01.population/,NO INFO,공사중,"{'커피가 맛있어요': '72', '친절해요': '46', '음료가 맛있어요': '33', '디저트가 맛있어요': '28', '매장이 청결해요': '15', '특별한 메뉴가 있어요': '14', '집중하기 좋아요': '9', '인테리어가 멋져요': '8', '화장실이 깨끗해요': '8', '가성비가 좋아요': '7', '대화하기 좋아요': '7', '사진이 잘 나와요': '3', '좌석이 편해요': '2', '주차하기 편해요': '2', '뷰가 좋아요': '1'}"
2491,비산4동 커피 제5지구,커피 제5지구,4.45,82,21,대구 중구 큰장로22길 4,09:30 - 21:00,0507-1318-9010,NO INFO,"오랜 경력의 로스터와 젊은 바리스타가 볶고 내리는 커피.

제4회 강릉커피축제 2012년 골든커피어워드 하우스 블렌드 부문 금상, 2015년 골든커피어워드 싱글 오리진 부문 동상

- 주차 : 서문시장 5지구 공영주차장 (유료)",공사중,"{'커피가 맛있어요': '41', '친절해요': '19', '가성비가 좋아요': '7', '음료가 맛있어요': '5', '특별한 메뉴가 있어요': '4', '매장이 청결해요': '4', '대화하기 좋아요': '4', '인테리어가 멋져요': '2', '디저트가 맛있어요': '1', '집중하기 좋아요': '1', '뷰가 좋아요': '1'}"
2492,대신동 애플,애플,4,54,초기값,대구 중구 큰장로26길 25 2지구 1층 서다11호,NO INFO,053-255-5736,NO INFO,NO INFO,공사중,"{'친절해요': '5', '음료가 맛있어요': '2', '가성비가 좋아요': '2', '커피가 맛있어요': '1', '디저트가 맛있어요': '1', '매장이 청결해요': '1'}"
2493,내당2동 조금남다른커피,조금남다른커피,4.46,125,초기값,대구 중구 큰장로26길 25 2지구종합상가 지하 1층 서125호,NO INFO,0507-1326-3678,NO INFO,NO INFO,공사중,"{'커피가 맛있어요': '38', '친절해요': '28', '음료가 맛있어요': '22', '가성비가 좋아요': '21', '디저트가 맛있어요': '4', '인테리어가 멋져요': '4', '특별한 메뉴가 있어요': '4', '매장이 청결해요': '4', '주차하기 편해요': '3', '좌석이 편해요': '1', '대화하기 좋아요': '1'}"
2494,비산4동 마시그래이 서문시장점,마시그래이 서문시장점,4.44,310,초기값,"대구 중구 큰장로26길 25 지하1층 179호,180호,181호(대신동,서문시장2지구)",NO INFO,010-5521-8787,NO INFO,NO INFO,공사중,"{'커피가 맛있어요': '68', '음료가 맛있어요': '59', '가성비가 좋아요': '51', '친절해요': '35', '특별한 메뉴가 있어요': '10', '디저트가 맛있어요': '9', '주차하기 편해요': '8', '대화하기 좋아요': '7', '좌석이 편해요': '6', '매장이 청결해요': '6', '화장실이 깨끗해요': '4', '사진이 잘 나와요': '3', '집중하기 좋아요': '3'}"
2495,대신동 핸즈커피 서문2지구점,핸즈커피 서문2지구점,4.51,405,초기값,대구 중구 큰장로26길 25 지하층 서210호,NO INFO,053-256-3476,NO INFO,NO INFO,공사중,"{'커피가 맛있어요': '136', '친절해요': '84', '음료가 맛있어요': '74', '가성비가 좋아요': '26', '디저트가 맛있어요': '20', '대화하기 좋아요': '19', '매장이 청결해요': '11', '특별한 메뉴가 있어요': '9', '주차하기 편해요': '5', '좌석이 편해요': '4', '인테리어가 멋져요': '1', '사진이 잘 나와요': '1', '집중하기 좋아요': '1'}"
2496,성내3동 카페봄봄 서문시장점,카페봄봄 서문시장점,4.38,555,15,대구 중구 큰장로26길 65,NO INFO,053-256-0898,NO INFO,NO INFO,공사중,"{'가성비가 좋아요': '144', '커피가 맛있어요': '134', '음료가 맛있어요': '104', '친절해요': '91', '디저트가 맛있어요': '19', '특별한 메뉴가 있어요': '15', '매장이 청결해요': '10', '대화하기 좋아요': '8', '뷰가 좋아요': '5', '사진이 잘 나와요': '4', '집중하기 좋아요': '4', '좌석이 편해요': '3', '인테리어가 멋져요': '3', '주차하기 편해요': '3', '화장실이 깨끗해요': '2'}"
2497,내당2동 킹콩커피,킹콩커피,4.35,1185,초기값,대구 중구 큰장로26길 65 동산상가의류도매부,NO INFO,053-257-9626,NO INFO,NO INFO,공사중,"{'커피가 맛있어요': '306', '가성비가 좋아요': '263', '음료가 맛있어요': '125', '친절해요': '100', '대화하기 좋아요': '29', '디저트가 맛있어요': '27', '특별한 메뉴가 있어요': '23', '좌석이 편해요': '18', '뷰가 좋아요': '16', '매장이 청결해요': '14', '주차하기 편해요': '12', '인테리어가 멋져요': '11', '집중하기 좋아요': '5', '사진이 잘 나와요': '4', '화장실이 깨끗해요': '4', '차가 맛있어요': '1'}"
2498,비산4동 몬스터커피 서문시장점,몬스터커피 서문시장점,초기값,145,4,대구 중구 큰장로26안길 1,NO INFO,0507-1350-2908,NO INFO,안녕하세요! 몬스터커피 서문시장점 입니다. 늘 한결같은 마음으로 정성을 다하겠습니다.^^,공사중,"{'커피가 맛있어요': '68', '가성비가 좋아요': '53', '친절해요': '48', '음료가 맛있어요': '45'}"
2499,대신동 더안카페,더안,4.25,134,12,대구 중구 큰장로26안길 36 1층,NO INFO,053-111-1234,NO INFO,"ILLY COFFEE SINCE 1933

80년 이상의 역사와 품질로 우수성을 인정받고 있는 이탈리아 프리미엄 커피 브랜드 일리

100% 아라비카원두 블랜드",공사중,"{'친절해요': '5', '커피가 맛있어요': '3', '디저트가 맛있어요': '3', '주차하기 편해요': '2', '뷰가 좋아요': '2', '음료가 맛있어요': '1', '가성비가 좋아요': '1', '특별한 메뉴가 있어요': '1', '매장이 청결해요': '1'}"
2500,내당3동 스타지오네,스타지오네,초기값,66,1,대구 중구 큰장로26안길 36 1층,NO INFO,0507-1350-8894,NO INFO,NO INFO,공사중,"{'커피가 맛있어요': '37', '친절해요': '30', '매장이 청결해요': '19', '음료가 맛있어요': '17', '인테리어가 멋져요': '10', '가성비가 좋아요': '7', '대화하기 좋아요': '7', '좌석이 편해요': '6', '디저트가 맛있어요': '6', '사진이 잘 나와요': '4', '집중하기 좋아요': '3', '특별한 메뉴가 있어요': '2', '화장실이 깨끗해요': '2', '주차하기 편해요': '1'}"
2501,비산4동 서문다방,서문다방,초기값,312,12,대구 중구 큰장로28길 17 서문다방,"09:30 - 18:00
17:30 라스트오더",053-256-1006,https://www.instagram.com/seomun_dabang/,"여유로운 분위기를 좋아하시는 분들은 12-3시 방문을 피하시는 것을 권장드립니다.서문시장 휴무일에도 영업합니다.

과일쥬스는 12시부터 정식 영업합니다.
(그 전에는 일부 품목 제한될 수 있습니다.)

맛있는 커피와 생과일 쥬스, 그리고 수제 재래김 전문점입니다.
좋은 재료들로 정성을 다해 손님들께 드리겠습니다.",공사중,"{'커피가 맛있어요': '140', '친절해요': '97', '음료가 맛있어요': '69', '매장이 청결해요': '60', '가성비가 좋아요': '50', '좌석이 편해요': '33', '대화하기 좋아요': '28', '디저트가 맛있어요': '27', '인테리어가 멋져요': '22', '특별한 메뉴가 있어요': '19', '사진이 잘 나와요': '6', '주차하기 편해요': '3', '집중하기 좋아요': '3'}"
2502,대신동 분홍커피,분홍커피,4.21,386,초기값,대구 중구 큰장로28길 21,09:00 - 18:00,053-256-3004,NO INFO,NO INFO,공사중,"{'커피가 맛있어요': '86', '친절해요': '81', '가성비가 좋아요': '51', '음료가 맛있어요': '41', '대화하기 좋아요': '30', '매장이 청결해요': '22', '디저트가 맛있어요': '16', '좌석이 편해요': '11', '인테리어가 멋져요': '8', '특별한 메뉴가 있어요': '6', '사진이 잘 나와요': '4', '집중하기 좋아요': '4', '뷰가 좋아요': '4', '주차하기 편해요': '3', '화장실이 깨끗해요': '3'}"
2503,성내2동 파스쿠찌 대구태평메가타워점,파스쿠찌 태평메가타워점,4.37,195,초기값,대구 중구 태평로 114 (태평로3가) 메가타워 1층,09:00 - 22:00,053-422-8497,http://www.caffe-pascucci.co.kr/,파스쿠찌 대구태평메가타워점입니다. 네이버 스마트주문에서 간편하게 주문하세요!,공사중,"{'커피가 맛있어요': '37', '친절해요': '30', '음료가 맛있어요': '20', '매장이 청결해요': '16', '디저트가 맛있어요': '14', '집중하기 좋아요': '14', '대화하기 좋아요': '11', '좌석이 편해요': '10', '주차하기 편해요': '9', '인테리어가 멋져요': '6', '사진이 잘 나와요': '2', '가성비가 좋아요': '2', '특별한 메뉴가 있어요': '2'}"
2504,성내2동 위시카페,위시카페,4.48,483,153,대구 중구 태평로 141 대구콘서트하우스 건물 로비층,NO INFO,0507-1419-1677,http://www.instagram.com/wish_cafe,현재 임영웅님 전시&행사 이벤트중입니다. 위시 카페는 카페에서 와인과 맥주를 함께 즐길 수 있 는 공간 입니다. 장소대관 및 자체 리셉션 ...,공사중,"{'커피가 맛있어요': '96', '친절해요': '59', '인테리어가 멋져요': '55', '음료가 맛있어요': '44', '디저트가 맛있어요': '39'}"
2505,성내2동 박물관이야기,박물관이야기,4.67,71,183,대구 중구 태평로28길 16,NO INFO,053-421-4587,https://smartstore.naver.com/museumstory,"1954년으로 상량문이 적힌 이 건물은 보와 도리 가 한식으로 지어졌다 건축물의 위치, 구조,형태, 재료 모든면에서 전형적인 창고 건축물이...",공사중,"{'친절해요': '40', '인테리어가 멋져요': '32', '디저트가 맛있어요': '30', '커피가 맛있어요': '28', '대화하기 좋아요': '18'}"
